<?xml version="1.0" encoding="UTF-8"?>
<?xml-stylesheet type="text/xsl" href="votes.xsl"?>
<!DOCTYPE name SYSTEM "http://xmpp.planetcrypto.net/opensecrets/opnsa/votes_by_id/votes.dtd">
<name id="400295" real_name="Norton, Eleanor (Del.) [D-DC0]">
  <bill number="2892" session="111" type="h">
  <roll where="house" session="111" year="2009" roll="435" source="house.gov"
  datetime="2009-06-24T20:58:00-04:00" updated="2014-02-17T08:48:44-05:00"
  aye="345" nay="85" nv="9" present="0"/>
  <question>On Agreeing to the Amendment: Amendment 1 to H R 2892</question>
  <source>https://govtrack.us/congress/bills/111/hr2892</source>
  <vote>Aye</vote>
  <result>Agreed to</result>
  <required>1/2</required>
  </bill>
    <bill number="2892" session="111" type="h">
  <roll where="house" session="111" year="2009" roll="436" source="house.gov"
  datetime="2009-06-24T21:02:00-04:00" updated="2014-02-17T08:48:44-05:00"
  aye="375" nay="55" nv="9" present="0"/>
  <question>On Agreeing to the Amendment: Amendment 2 to H R 2892</question>
  <source>https://govtrack.us/congress/bills/111/hr2892</source>
  <vote>No</vote>
  <result>Agreed to</result>
  <required>1/2</required>
  </bill>
    <bill number="2892" session="111" type="h">
  <roll where="house" session="111" year="2009" roll="437" source="house.gov"
  datetime="2009-06-24T21:06:00-04:00" updated="2014-02-17T08:48:44-05:00"
  aye="282" nay="148" nv="9" present="0"/>
  <question>On Agreeing to the Amendment: Amendment 3 to H R 2892</question>
  <source>https://govtrack.us/congress/bills/111/hr2892</source>
  <vote>No</vote>
  <result>Agreed to</result>
  <required>1/2</required>
  </bill>
    <bill number="2892" session="111" type="h">
  <roll where="house" session="111" year="2009" roll="438" source="house.gov"
  datetime="2009-06-24T21:10:00-04:00" updated="2014-02-17T08:48:44-05:00"
  aye="423" nay="6" nv="10" present="0"/>
  <question>On Agreeing to the Amendment: Amendment 4 to H R 2892</question>
  <source>https://govtrack.us/congress/bills/111/hr2892</source>
  <vote>Aye</vote>
  <result>Agreed to</result>
  <required>1/2</required>
  </bill>
    <bill number="2892" session="111" type="h">
  <roll where="house" session="111" year="2009" roll="439" source="house.gov"
  datetime="2009-06-24T21:14:00-04:00" updated="2014-02-17T08:48:44-05:00"
  aye="240" nay="187" nv="11" present="1"/>
  <question>On Agreeing to the Amendment: Amendment 5 to H R 2892</question>
  <source>https://govtrack.us/congress/bills/111/hr2892</source>
  <vote>No</vote>
  <result>Agreed to</result>
  <required>1/2</required>
  </bill>
    <bill number="2892" session="111" type="h">
  <roll where="house" session="111" year="2009" roll="440" source="house.gov"
  datetime="2009-06-24T21:17:00-04:00" updated="2014-02-17T08:48:44-05:00"
  aye="134" nay="294" nv="11" present="0"/>
  <question>On Agreeing to the Amendment: Amendment 6 to H R 2892</question>
  <source>https://govtrack.us/congress/bills/111/hr2892</source>
  <vote>No</vote>
  <result>Failed</result>
  <required>1/2</required>
  </bill>
    <bill number="2892" session="111" type="h">
  <roll where="house" session="111" year="2009" roll="441" source="house.gov"
  datetime="2009-06-24T21:21:00-04:00" updated="2014-02-17T08:48:44-05:00"
  aye="202" nay="230" nv="7" present="0"/>
  <question>On Agreeing to the Amendment: Amendment 7 to H R 2892</question>
  <source>https://govtrack.us/congress/bills/111/hr2892</source>
  <vote>Aye</vote>
  <result>Failed</result>
  <required>1/2</required>
  </bill>
    <bill number="2892" session="111" type="h">
  <roll where="house" session="111" year="2009" roll="442" source="house.gov"
  datetime="2009-06-24T21:24:00-04:00" updated="2014-02-17T08:48:43-05:00"
  aye="349" nay="84" nv="6" present="0"/>
  <question>On Agreeing to the Amendment: Amendment 8 to H R 2892</question>
  <source>https://govtrack.us/congress/bills/111/hr2892</source>
  <vote>No</vote>
  <result>Agreed to</result>
  <required>1/2</required>
  </bill>
    <bill number="2892" session="111" type="h">
  <roll where="house" session="111" year="2009" roll="443" source="house.gov"
  datetime="2009-06-24T21:28:00-04:00" updated="2014-02-17T08:48:43-05:00"
  aye="113" nay="318" nv="8" present="0"/>
  <question>On Agreeing to the Amendment: Amendment 9 to H R 2892</question>
  <source>https://govtrack.us/congress/bills/111/hr2892</source>
  <vote>No</vote>
  <result>Failed</result>
  <required>1/2</required>
  </bill>
    <bill number="2892" session="111" type="h">
  <roll where="house" session="111" year="2009" roll="444" source="house.gov"
  datetime="2009-06-24T21:31:00-04:00" updated="2014-02-17T08:48:43-05:00"
  aye="110" nay="322" nv="7" present="0"/>
  <question>On Agreeing to the Amendment: Amendment 10 to H R 2892</question>
  <source>https://govtrack.us/congress/bills/111/hr2892</source>
  <vote>No</vote>
  <result>Failed</result>
  <required>1/2</required>
  </bill>
    <bill number="2892" session="111" type="h">
  <roll where="house" session="111" year="2009" roll="445" source="house.gov"
  datetime="2009-06-24T21:35:00-04:00" updated="2014-02-17T08:48:43-05:00"
  aye="82" nay="348" nv="9" present="0"/>
  <question>On Agreeing to the Amendment: Amendment 11 to H R 2892</question>
  <source>https://govtrack.us/congress/bills/111/hr2892</source>
  <vote>No</vote>
  <result>Failed</result>
  <required>1/2</required>
  </bill>
    <bill number="2892" session="111" type="h">
  <roll where="house" session="111" year="2009" roll="446" source="house.gov"
  datetime="2009-06-24T21:38:00-04:00" updated="2014-02-17T08:48:43-05:00"
  aye="114" nay="317" nv="8" present="0"/>
  <question>On Agreeing to the Amendment: Amendment 12 to H R 2892</question>
  <source>https://govtrack.us/congress/bills/111/hr2892</source>
  <vote>No</vote>
  <result>Failed</result>
  <required>1/2</required>
  </bill>
    <bill number="2892" session="111" type="h">
  <roll where="house" session="111" year="2009" roll="447" source="house.gov"
  datetime="2009-06-24T21:41:00-04:00" updated="2014-02-17T08:48:43-05:00"
  aye="110" nay="318" nv="11" present="0"/>
  <question>On Agreeing to the Amendment: Amendment 13 to H R 2892</question>
  <source>https://govtrack.us/congress/bills/111/hr2892</source>
  <vote>No</vote>
  <result>Failed</result>
  <required>1/2</required>
  </bill>
    <bill number="2892" session="111" type="h">
  <roll where="house" session="111" year="2009" roll="448" source="house.gov"
  datetime="2009-06-24T21:45:00-04:00" updated="2014-02-17T08:48:43-05:00"
  aye="112" nay="320" nv="7" present="0"/>
  <question>On Agreeing to the Amendment: Amendment 14 to H R 2892</question>
  <source>https://govtrack.us/congress/bills/111/hr2892</source>
  <vote>No</vote>
  <result>Failed</result>
  <required>1/2</required>
  </bill>
    <bill number="2647" session="111" type="h">
  <roll where="house" session="111" year="2009" roll="453" source="house.gov"
  datetime="2009-06-25T14:47:00-04:00" updated="2014-02-17T08:48:42-05:00"
  aye="138" nay="278" nv="23" present="0"/>
  <question>On Agreeing to the Amendment: Amendment 2 to H R 2647</question>
  <source>https://govtrack.us/congress/bills/111/hr2647</source>
  <vote>No</vote>
  <result>Failed</result>
  <required>1/2</required>
  </bill>
    <bill number="2647" session="111" type="h">
  <roll where="house" session="111" year="2009" roll="454" source="house.gov"
  datetime="2009-06-25T14:52:00-04:00" updated="2014-02-17T08:48:42-05:00"
  aye="224" nay="190" nv="25" present="0"/>
  <question>On Agreeing to the Amendment: Amendment 3 to H R 2647</question>
  <source>https://govtrack.us/congress/bills/111/hr2647</source>
  <vote>Aye</vote>
  <result>Agreed to</result>
  <required>1/2</required>
  </bill>
    <bill number="2647" session="111" type="h">
  <roll where="house" session="111" year="2009" roll="455" source="house.gov"
  datetime="2009-06-25T14:56:00-04:00" updated="2014-02-17T08:48:42-05:00"
  aye="171" nay="244" nv="24" present="0"/>
  <question>On Agreeing to the Amendment: Amendment 6 to H R 2647</question>
  <source>https://govtrack.us/congress/bills/111/hr2647</source>
  <vote>No</vote>
  <result>Failed</result>
  <required>1/2</required>
  </bill>
    <bill number="2647" session="111" type="h">
  <roll where="house" session="111" year="2009" roll="456" source="house.gov"
  datetime="2009-06-25T14:59:00-04:00" updated="2014-02-17T08:48:42-05:00"
  aye="186" nay="226" nv="27" present="0"/>
  <question>On Agreeing to the Amendment: Amendment 7 to H R 2647</question>
  <source>https://govtrack.us/congress/bills/111/hr2647</source>
  <vote>No</vote>
  <result>Failed</result>
  <required>1/2</required>
  </bill>
    <bill number="2647" session="111" type="h">
  <roll where="house" session="111" year="2009" roll="457" source="house.gov"
  datetime="2009-06-25T15:05:00-04:00" updated="2014-02-17T08:48:42-05:00"
  aye="224" nay="193" nv="22" present="0"/>
  <question>On Agreeing to the Amendment: Amendment 10 to H R 2647</question>
  <source>https://govtrack.us/congress/bills/111/hr2647</source>
  <vote>Aye</vote>
  <result>Agreed to</result>
  <required>1/2</required>
  </bill>
    <bill number="2647" session="111" type="h">
  <roll where="house" session="111" year="2009" roll="458" source="house.gov"
  datetime="2009-06-25T15:09:00-04:00" updated="2014-02-17T08:48:42-05:00"
  aye="416" nay="0" nv="23" present="0"/>
  <question>On Agreeing to the Amendment: Amendment 14 to H R 2647</question>
  <source>https://govtrack.us/congress/bills/111/hr2647</source>
  <vote>Aye</vote>
  <result>Agreed to</result>
  <required>1/2</required>
  </bill>
    <bill number="5116" session="111" type="h">
  <roll where="house" session="111" year="2010" roll="262" source="house.gov"
  datetime="2010-05-12T17:56:00-04:00" updated="2014-02-17T08:51:01-05:00"
  aye="417" nay="6" nv="13" present="0"/>
  <question>On Agreeing to the Amendment: Amendment 1 to H R 5116</question>
  <source>https://govtrack.us/congress/bills/111/hr5116</source>
  <vote>Aye</vote>
  <result>Agreed to</result>
  <required>1/2</required>
  </bill>
    <bill number="5116" session="111" type="h">
  <roll where="house" session="111" year="2010" roll="263" source="house.gov"
  datetime="2010-05-12T18:04:00-04:00" updated="2014-02-17T08:51:01-05:00"
  aye="163" nay="258" nv="15" present="0"/>
  <question>On Agreeing to the Amendment: Amendment 3 to H R 5116</question>
  <source>https://govtrack.us/congress/bills/111/hr5116</source>
  <vote>No</vote>
  <result>Failed</result>
  <required>1/2</required>
  </bill>
    <bill number="5116" session="111" type="h">
  <roll where="house" session="111" year="2010" roll="264" source="house.gov"
  datetime="2010-05-12T18:17:00-04:00" updated="2014-02-17T08:51:00-05:00"
  aye="254" nay="173" nv="9" present="0"/>
  <question>On Agreeing to the Amendment: Amendment 6 to H R 5116</question>
  <source>https://govtrack.us/congress/bills/111/hr5116</source>
  <vote>Aye</vote>
  <result>Agreed to</result>
  <required>1/2</required>
  </bill>
    <bill number="5116" session="111" type="h">
  <roll where="house" session="111" year="2010" roll="265" source="house.gov"
  datetime="2010-05-12T18:23:00-04:00" updated="2014-02-17T08:51:00-05:00"
  aye="250" nay="174" nv="12" present="0"/>
  <question>On Agreeing to the Amendment: Amendment 7 to H R 5116</question>
  <source>https://govtrack.us/congress/bills/111/hr5116</source>
  <vote>Aye</vote>
  <result>Agreed to</result>
  <required>1/2</required>
  </bill>
    <bill number="5116" session="111" type="h">
  <roll where="house" session="111" year="2010" roll="266" source="house.gov"
  datetime="2010-05-12T18:31:00-04:00" updated="2014-02-17T08:51:00-05:00"
  aye="413" nay="10" nv="13" present="0"/>
  <question>On Agreeing to the Amendment: Amendment 8 to H R 5116</question>
  <source>https://govtrack.us/congress/bills/111/hr5116</source>
  <vote>Aye</vote>
  <result>Agreed to</result>
  <required>1/2</required>
  </bill>
    <bill number="5116" session="111" type="h">
  <roll where="house" session="111" year="2010" roll="267" source="house.gov"
  datetime="2010-05-13T11:45:00-04:00" updated="2014-02-17T08:51:00-05:00"
  aye="248" nay="171" nv="17" present="0"/>
  <question>On Agreeing to the Amendment: Amendment 11 to H R 5116</question>
  <source>https://govtrack.us/congress/bills/111/hr5116</source>
  <vote>Aye</vote>
  <result>Agreed to</result>
  <required>1/2</required>
  </bill>
    <bill number="5116" session="111" type="h">
  <roll where="house" session="111" year="2010" roll="268" source="house.gov"
  datetime="2010-05-13T11:53:00-04:00" updated="2014-02-17T08:51:00-05:00"
  aye="419" nay="0" nv="17" present="0"/>
  <question>On Agreeing to the Amendment: Amendment 13 to H R 5116</question>
  <source>https://govtrack.us/congress/bills/111/hr5116</source>
  <vote>Aye</vote>
  <result>Agreed to</result>
  <required>1/2</required>
  </bill>
    <bill number="5116" session="111" type="h">
  <roll where="house" session="111" year="2010" roll="269" source="house.gov"
  datetime="2010-05-13T12:01:00-04:00" updated="2014-02-17T08:51:00-05:00"
  aye="419" nay="0" nv="17" present="0"/>
  <question>On Agreeing to the Amendment: Amendment 15 to H R 5116</question>
  <source>https://govtrack.us/congress/bills/111/hr5116</source>
  <vote>Aye</vote>
  <result>Agreed to</result>
  <required>1/2</required>
  </bill>
    <bill number="5136" session="111" type="h">
  <roll where="house" session="111" year="2010" roll="310" source="house.gov"
  datetime="2010-05-27T17:03:00-04:00" updated="2014-02-17T08:50:55-05:00"
  aye="421" nay="0" nv="16" present="0"/>
  <question>On Agreeing to the Amendment: Amendment 1 to H R 5136</question>
  <source>https://govtrack.us/congress/bills/111/hr5136</source>
  <vote>Aye</vote>
  <result>Agreed to</result>
  <required>1/2</required>
  </bill>
    <bill number="5136" session="111" type="h">
  <roll where="house" session="111" year="2010" roll="311" source="house.gov"
  datetime="2010-05-27T17:11:00-04:00" updated="2014-02-17T08:50:55-05:00"
  aye="423" nay="0" nv="14" present="0"/>
  <question>On Agreeing to the Amendment: Amendment 4 to H R 5136</question>
  <source>https://govtrack.us/congress/bills/111/hr5136</source>
  <vote>Aye</vote>
  <result>Agreed to</result>
  <required>1/2</required>
  </bill>
    <bill number="5136" session="111" type="h">
  <roll where="house" session="111" year="2010" roll="312" source="house.gov"
  datetime="2010-05-27T17:20:00-04:00" updated="2014-02-17T08:50:55-05:00"
  aye="341" nay="85" nv="11" present="0"/>
  <question>On Agreeing to the Amendment: Amendment 6 to H R 5136</question>
  <source>https://govtrack.us/congress/bills/111/hr5136</source>
  <vote>Aye</vote>
  <result>Agreed to</result>
  <required>1/2</required>
  </bill>
    <bill number="5136" session="111" type="h">
  <roll where="house" session="111" year="2010" roll="313" source="house.gov"
  datetime="2010-05-27T21:17:00-04:00" updated="2014-02-17T08:50:54-05:00"
  aye="410" nay="8" nv="19" present="0"/>
  <question>On Agreeing to the Amendment: Amendment 9 to H R 5136</question>
  <source>https://govtrack.us/congress/bills/111/hr5136</source>
  <vote>Aye</vote>
  <result>Agreed to</result>
  <required>1/2</required>
  </bill>
    <bill number="5136" session="111" type="h">
  <roll where="house" session="111" year="2010" roll="314" source="house.gov"
  datetime="2010-05-27T21:26:00-04:00" updated="2014-02-17T08:50:54-05:00"
  aye="372" nay="52" nv="13" present="0"/>
  <question>On Agreeing to the Amendment: Amendment 12 to H R 5136</question>
  <source>https://govtrack.us/congress/bills/111/hr5136</source>
  <vote>Aye</vote>
  <result>Agreed to</result>
  <required>1/2</required>
  </bill>
    <bill number="5136" session="111" type="h">
  <roll where="house" session="111" year="2010" roll="315" source="house.gov"
  datetime="2010-05-27T21:34:00-04:00" updated="2014-02-17T08:50:54-05:00"
  aye="218" nay="210" nv="10" present="0"/>
  <question>On Agreeing to the Amendment: Amendment 13 to H R 5136</question>
  <source>https://govtrack.us/congress/bills/111/hr5136</source>
  <vote>Aye</vote>
  <result>Agreed to</result>
  <required>1/2</required>
  </bill>
    <bill number="5136" session="111" type="h">
  <roll where="house" session="111" year="2010" roll="316" source="house.gov"
  datetime="2010-05-27T21:51:00-04:00" updated="2014-02-17T08:50:54-05:00"
  aye="193" nay="231" nv="10" present="3"/>
  <question>On Agreeing to the Amendment: Amendment 8 to H R 5136</question>
  <source>https://govtrack.us/congress/bills/111/hr5136</source>
  <vote>No</vote>
  <result>Failed</result>
  <required>1/2</required>
  </bill>
    <bill number="5136" session="111" type="h">
  <roll where="house" session="111" year="2010" roll="317" source="house.gov"
  datetime="2010-05-27T22:07:00-04:00" updated="2014-02-17T08:50:54-05:00"
  aye="234" nay="194" nv="10" present="0"/>
  <question>On Agreeing to the Amendment: Amendment 19 to H R 5136</question>
  <source>https://govtrack.us/congress/bills/111/hr5136</source>
  <vote>Aye</vote>
  <result>Agreed to</result>
  <required>1/2</required>
  </bill>
    <bill number="5136" session="111" type="h">
  <roll where="house" session="111" year="2010" roll="318" source="house.gov"
  datetime="2010-05-27T22:16:00-04:00" updated="2014-02-17T08:50:54-05:00"
  aye="253" nay="172" nv="12" present="0"/>
  <question>On Agreeing to the Amendment: Amendment 14 to H R 5136</question>
  <source>https://govtrack.us/congress/bills/111/hr5136</source>
  <vote>Aye</vote>
  <result>Agreed to</result>
  <required>1/2</required>
  </bill>
    <bill number="5136" session="111" type="h">
  <roll where="house" session="111" year="2010" roll="333" source="house.gov"
  datetime="2010-05-28T15:19:00-04:00" updated="2014-02-17T08:50:52-05:00"
  aye="416" nay="1" nv="20" present="0"/>
  <question>On Agreeing to the En Bloc Amendments, as Modified: Amendment 23 to H R 5136</question>
  <source>https://govtrack.us/congress/bills/111/hr5136</source>
  <vote>Aye</vote>
  <result>Agreed to</result>
  <required>1/2</required>
  </bill>
    <bill number="2701" session="111" type="h">
  <roll where="house" session="111" year="2010" roll="69" source="house.gov"
  datetime="2010-02-26T10:47:00-05:00" updated="2014-02-17T08:51:21-05:00"
  aye="246" nay="166" nv="26" present="0"/>
  <question>On Agreeing to the Amendment: Amendment 1 to H R 2701</question>
  <source>https://govtrack.us/congress/bills/111/hr2701</source>
  <vote>Aye</vote>
  <result>Agreed to</result>
  <required>1/2</required>
  </bill>
    <bill number="2701" session="111" type="h">
  <roll where="house" session="111" year="2010" roll="70" source="house.gov"
  datetime="2010-02-26T10:55:00-05:00" updated="2014-02-17T08:51:21-05:00"
  aye="401" nay="11" nv="26" present="0"/>
  <question>On Agreeing to the Amendment: Amendment 3 to H R 2701</question>
  <source>https://govtrack.us/congress/bills/111/hr2701</source>
  <vote>Aye</vote>
  <result>Agreed to</result>
  <required>1/2</required>
  </bill>
    <bill number="2701" session="111" type="h">
  <roll where="house" session="111" year="2010" roll="71" source="house.gov"
  datetime="2010-02-26T11:02:00-05:00" updated="2014-02-17T08:51:21-05:00"
  aye="410" nay="1" nv="27" present="0"/>
  <question>On Agreeing to the Amendment: Amendment 12 to H R 2701</question>
  <source>https://govtrack.us/congress/bills/111/hr2701</source>
  <vote>Aye</vote>
  <result>Agreed to</result>
  <required>1/2</required>
  </bill>
  </name>