<?xml version="1.0" encoding="UTF-8"?>
<?xml-stylesheet type="text/xsl" href="votes.xsl"?>
<!DOCTYPE name SYSTEM "http://xmpp.planetcrypto.net/opensecrets/opnsa/votes_by_id/votes.dtd">
<name id="400284" real_name="Moran, Jerry (Sen.) [R-KS]">
  <bill number="1927" session="110" type="s">
  <roll where="house" session="110" year="2007" roll="836" source="house.gov"
  datetime="2007-08-04T22:20:00-04:00" updated="2014-02-17T08:43:24-05:00"
  aye="227" nay="183" nv="23" present="0"/>
  <question>On Passage: S 1927 Protect America Act</question>
  <source>https://govtrack.us/congress/bills/110/s1927</source>
  <vote>Yea</vote>
  <result>Passed</result>
  <required>1/2</required>
  </bill>
    <bill number="2102" session="110" type="h">
  <roll where="house" session="110" year="2007" roll="972" source="house.gov"
  datetime="2007-10-16T17:27:00-04:00" updated="2014-02-17T08:43:04-05:00"
  aye="388" nay="33" nv="10" present="0"/>
  <question>On Motion to Recommit with Instructions: H R 2102 Free Flow of Information Act of 2007</question>
  <source>https://govtrack.us/congress/bills/110/hr2102</source>
  <vote>Yea</vote>
  <result>Passed</result>
  <required>1/2</required>
  </bill>
    <bill number="2102" session="110" type="h">
  <roll where="house" session="110" year="2007" roll="973" source="house.gov"
  datetime="2007-10-16T17:36:00-04:00" updated="2014-02-17T08:43:04-05:00"
  aye="398" nay="21" nv="12" present="0"/>
  <question>On Passage: H R 2102 Free Flow of Information Act of 2007</question>
  <source>https://govtrack.us/congress/bills/110/hr2102</source>
  <vote>Aye</vote>
  <result>Passed</result>
  <required>1/2</required>
  </bill>
    <bill number="2082" session="110" type="h">
  <roll where="house" session="110" year="2008" roll="117" source="house.gov"
  datetime="2008-03-11T19:01:00-04:00" updated="2014-02-17T08:47:01-05:00"
  aye="225" nay="188" nv="17" present="0"/>
  <question>Passage, Objections of the President Not Withstanding: H R 2082 The Intelligence Authorization Act of 2008</question>
  <source>https://govtrack.us/congress/bills/110/hr2082</source>
  <vote>Nay</vote>
  <result>Failed</result>
  <required>2/3</required>
  </bill>
    <bill number="3773" session="110" type="h">
  <roll where="house" session="110" year="2008" roll="145" source="house.gov"
  datetime="2008-03-14T14:08:00-04:00" updated="2014-02-17T08:46:59-05:00"
  aye="213" nay="197" nv="20" present="1"/>
  <question>Agree to the Senate Amendment with an Amendment: H R 3773 To amend the Foreign Intelligence Surveillance Act of 1978 to establish a procedure for authorizing certain acquisitions of foreign intelligence, and for other purpoes</question>
  <source>https://govtrack.us/congress/bills/110/hr3773</source>
  <vote>Nay</vote>
  <result>Passed</result>
  <required>1/2</required>
  </bill>
    <bill number="6304" session="110" type="h">
  <roll where="house" session="110" year="2008" roll="437" source="house.gov"
  datetime="2008-06-20T12:48:00-04:00" updated="2014-02-17T08:46:20-05:00"
  aye="293" nay="129" nv="13" present="0"/>
  <question>On Passage: H R 6304 FISA Amendments Act of 2008</question>
  <source>https://govtrack.us/congress/bills/110/hr6304</source>
  <vote>Yea</vote>
  <result>Passed</result>
  <required>1/2</required>
  </bill>
    <bill number="5811" session="110" type="h">
  <roll where="house" session="110" year="2008" roll="476" source="house.gov"
  datetime="2008-07-09T17:39:00-04:00" updated="2014-02-17T08:46:16-05:00"
  aye="419" nay="1" nv="12" present="2"/>
  <question>On Motion to Recommit with Instructions: H R 5811 Electronic Message Preservation Act</question>
  <source>https://govtrack.us/congress/bills/110/hr5811</source>
  <vote>Yea</vote>
  <result>Passed</result>
  <required>1/2</required>
  </bill>
    <bill number="5811" session="110" type="h">
  <roll where="house" session="110" year="2008" roll="477" source="house.gov"
  datetime="2008-07-09T17:51:00-04:00" updated="2014-02-17T08:46:16-05:00"
  aye="286" nay="137" nv="11" present="0"/>
  <question>On Passage: H R 5811 Electronic Message Preservation Act</question>
  <source>https://govtrack.us/congress/bills/110/hr5811</source>
  <vote>Yea</vote>
  <result>Passed</result>
  <required>1/2</required>
  </bill>
    <bill number="2892" session="111" type="h">
  <roll where="house" session="111" year="2009" roll="435" source="house.gov"
  datetime="2009-06-24T20:58:00-04:00" updated="2014-02-17T08:48:44-05:00"
  aye="345" nay="85" nv="9" present="0"/>
  <question>On Agreeing to the Amendment: Amendment 1 to H R 2892</question>
  <source>https://govtrack.us/congress/bills/111/hr2892</source>
  <vote>Aye</vote>
  <result>Agreed to</result>
  <required>1/2</required>
  </bill>
    <bill number="2892" session="111" type="h">
  <roll where="house" session="111" year="2009" roll="436" source="house.gov"
  datetime="2009-06-24T21:02:00-04:00" updated="2014-02-17T08:48:44-05:00"
  aye="375" nay="55" nv="9" present="0"/>
  <question>On Agreeing to the Amendment: Amendment 2 to H R 2892</question>
  <source>https://govtrack.us/congress/bills/111/hr2892</source>
  <vote>Aye</vote>
  <result>Agreed to</result>
  <required>1/2</required>
  </bill>
    <bill number="2892" session="111" type="h">
  <roll where="house" session="111" year="2009" roll="437" source="house.gov"
  datetime="2009-06-24T21:06:00-04:00" updated="2014-02-17T08:48:44-05:00"
  aye="282" nay="148" nv="9" present="0"/>
  <question>On Agreeing to the Amendment: Amendment 3 to H R 2892</question>
  <source>https://govtrack.us/congress/bills/111/hr2892</source>
  <vote>Aye</vote>
  <result>Agreed to</result>
  <required>1/2</required>
  </bill>
    <bill number="2892" session="111" type="h">
  <roll where="house" session="111" year="2009" roll="438" source="house.gov"
  datetime="2009-06-24T21:10:00-04:00" updated="2014-02-17T08:48:44-05:00"
  aye="423" nay="6" nv="10" present="0"/>
  <question>On Agreeing to the Amendment: Amendment 4 to H R 2892</question>
  <source>https://govtrack.us/congress/bills/111/hr2892</source>
  <vote>Aye</vote>
  <result>Agreed to</result>
  <required>1/2</required>
  </bill>
    <bill number="2892" session="111" type="h">
  <roll where="house" session="111" year="2009" roll="439" source="house.gov"
  datetime="2009-06-24T21:14:00-04:00" updated="2014-02-17T08:48:44-05:00"
  aye="240" nay="187" nv="11" present="1"/>
  <question>On Agreeing to the Amendment: Amendment 5 to H R 2892</question>
  <source>https://govtrack.us/congress/bills/111/hr2892</source>
  <vote>Aye</vote>
  <result>Agreed to</result>
  <required>1/2</required>
  </bill>
    <bill number="2892" session="111" type="h">
  <roll where="house" session="111" year="2009" roll="440" source="house.gov"
  datetime="2009-06-24T21:17:00-04:00" updated="2014-02-17T08:48:44-05:00"
  aye="134" nay="294" nv="11" present="0"/>
  <question>On Agreeing to the Amendment: Amendment 6 to H R 2892</question>
  <source>https://govtrack.us/congress/bills/111/hr2892</source>
  <vote>Aye</vote>
  <result>Failed</result>
  <required>1/2</required>
  </bill>
    <bill number="2892" session="111" type="h">
  <roll where="house" session="111" year="2009" roll="441" source="house.gov"
  datetime="2009-06-24T21:21:00-04:00" updated="2014-02-17T08:48:44-05:00"
  aye="202" nay="230" nv="7" present="0"/>
  <question>On Agreeing to the Amendment: Amendment 7 to H R 2892</question>
  <source>https://govtrack.us/congress/bills/111/hr2892</source>
  <vote>Aye</vote>
  <result>Failed</result>
  <required>1/2</required>
  </bill>
    <bill number="2892" session="111" type="h">
  <roll where="house" session="111" year="2009" roll="442" source="house.gov"
  datetime="2009-06-24T21:24:00-04:00" updated="2014-02-17T08:48:43-05:00"
  aye="349" nay="84" nv="6" present="0"/>
  <question>On Agreeing to the Amendment: Amendment 8 to H R 2892</question>
  <source>https://govtrack.us/congress/bills/111/hr2892</source>
  <vote>Aye</vote>
  <result>Agreed to</result>
  <required>1/2</required>
  </bill>
    <bill number="2892" session="111" type="h">
  <roll where="house" session="111" year="2009" roll="443" source="house.gov"
  datetime="2009-06-24T21:28:00-04:00" updated="2014-02-17T08:48:43-05:00"
  aye="113" nay="318" nv="8" present="0"/>
  <question>On Agreeing to the Amendment: Amendment 9 to H R 2892</question>
  <source>https://govtrack.us/congress/bills/111/hr2892</source>
  <vote>Aye</vote>
  <result>Failed</result>
  <required>1/2</required>
  </bill>
    <bill number="2892" session="111" type="h">
  <roll where="house" session="111" year="2009" roll="444" source="house.gov"
  datetime="2009-06-24T21:31:00-04:00" updated="2014-02-17T08:48:43-05:00"
  aye="110" nay="322" nv="7" present="0"/>
  <question>On Agreeing to the Amendment: Amendment 10 to H R 2892</question>
  <source>https://govtrack.us/congress/bills/111/hr2892</source>
  <vote>Aye</vote>
  <result>Failed</result>
  <required>1/2</required>
  </bill>
    <bill number="2892" session="111" type="h">
  <roll where="house" session="111" year="2009" roll="445" source="house.gov"
  datetime="2009-06-24T21:35:00-04:00" updated="2014-02-17T08:48:43-05:00"
  aye="82" nay="348" nv="9" present="0"/>
  <question>On Agreeing to the Amendment: Amendment 11 to H R 2892</question>
  <source>https://govtrack.us/congress/bills/111/hr2892</source>
  <vote>Aye</vote>
  <result>Failed</result>
  <required>1/2</required>
  </bill>
    <bill number="2892" session="111" type="h">
  <roll where="house" session="111" year="2009" roll="446" source="house.gov"
  datetime="2009-06-24T21:38:00-04:00" updated="2014-02-17T08:48:43-05:00"
  aye="114" nay="317" nv="8" present="0"/>
  <question>On Agreeing to the Amendment: Amendment 12 to H R 2892</question>
  <source>https://govtrack.us/congress/bills/111/hr2892</source>
  <vote>Aye</vote>
  <result>Failed</result>
  <required>1/2</required>
  </bill>
    <bill number="2892" session="111" type="h">
  <roll where="house" session="111" year="2009" roll="447" source="house.gov"
  datetime="2009-06-24T21:41:00-04:00" updated="2014-02-17T08:48:43-05:00"
  aye="110" nay="318" nv="11" present="0"/>
  <question>On Agreeing to the Amendment: Amendment 13 to H R 2892</question>
  <source>https://govtrack.us/congress/bills/111/hr2892</source>
  <vote>Aye</vote>
  <result>Failed</result>
  <required>1/2</required>
  </bill>
    <bill number="2892" session="111" type="h">
  <roll where="house" session="111" year="2009" roll="448" source="house.gov"
  datetime="2009-06-24T21:45:00-04:00" updated="2014-02-17T08:48:43-05:00"
  aye="112" nay="320" nv="7" present="0"/>
  <question>On Agreeing to the Amendment: Amendment 14 to H R 2892</question>
  <source>https://govtrack.us/congress/bills/111/hr2892</source>
  <vote>Aye</vote>
  <result>Failed</result>
  <required>1/2</required>
  </bill>
    <bill number="2892" session="111" type="h">
  <roll where="house" session="111" year="2009" roll="449" source="house.gov"
  datetime="2009-06-24T22:15:00-04:00" updated="2014-02-17T08:48:43-05:00"
  aye="234" nay="193" nv="6" present="0"/>
  <question>On Motion to Recommit with Instructions: H R 2892 Making appropriations for Homeland Security FY 2010</question>
  <source>https://govtrack.us/congress/bills/111/hr2892</source>
  <vote>Aye</vote>
  <result>Passed</result>
  <required>1/2</required>
  </bill>
    <bill number="2892" session="111" type="h">
  <roll where="house" session="111" year="2009" roll="450" source="house.gov"
  datetime="2009-06-24T22:23:00-04:00" updated="2014-02-17T08:48:43-05:00"
  aye="389" nay="37" nv="7" present="0"/>
  <question>On Passage: H R 2892 Making appropriations for Homeland Security FY 2010</question>
  <source>https://govtrack.us/congress/bills/111/hr2892</source>
  <vote>Yea</vote>
  <result>Passed</result>
  <required>1/2</required>
  </bill>
    <bill number="2647" session="111" type="h">
  <roll where="house" session="111" year="2009" roll="453" source="house.gov"
  datetime="2009-06-25T14:47:00-04:00" updated="2014-02-17T08:48:42-05:00"
  aye="138" nay="278" nv="23" present="0"/>
  <question>On Agreeing to the Amendment: Amendment 2 to H R 2647</question>
  <source>https://govtrack.us/congress/bills/111/hr2647</source>
  <vote>No</vote>
  <result>Failed</result>
  <required>1/2</required>
  </bill>
    <bill number="2647" session="111" type="h">
  <roll where="house" session="111" year="2009" roll="454" source="house.gov"
  datetime="2009-06-25T14:52:00-04:00" updated="2014-02-17T08:48:42-05:00"
  aye="224" nay="190" nv="25" present="0"/>
  <question>On Agreeing to the Amendment: Amendment 3 to H R 2647</question>
  <source>https://govtrack.us/congress/bills/111/hr2647</source>
  <vote>No</vote>
  <result>Agreed to</result>
  <required>1/2</required>
  </bill>
    <bill number="2647" session="111" type="h">
  <roll where="house" session="111" year="2009" roll="455" source="house.gov"
  datetime="2009-06-25T14:56:00-04:00" updated="2014-02-17T08:48:42-05:00"
  aye="171" nay="244" nv="24" present="0"/>
  <question>On Agreeing to the Amendment: Amendment 6 to H R 2647</question>
  <source>https://govtrack.us/congress/bills/111/hr2647</source>
  <vote>Aye</vote>
  <result>Failed</result>
  <required>1/2</required>
  </bill>
    <bill number="2647" session="111" type="h">
  <roll where="house" session="111" year="2009" roll="456" source="house.gov"
  datetime="2009-06-25T14:59:00-04:00" updated="2014-02-17T08:48:42-05:00"
  aye="186" nay="226" nv="27" present="0"/>
  <question>On Agreeing to the Amendment: Amendment 7 to H R 2647</question>
  <source>https://govtrack.us/congress/bills/111/hr2647</source>
  <vote>Aye</vote>
  <result>Failed</result>
  <required>1/2</required>
  </bill>
    <bill number="2647" session="111" type="h">
  <roll where="house" session="111" year="2009" roll="457" source="house.gov"
  datetime="2009-06-25T15:05:00-04:00" updated="2014-02-17T08:48:42-05:00"
  aye="224" nay="193" nv="22" present="0"/>
  <question>On Agreeing to the Amendment: Amendment 10 to H R 2647</question>
  <source>https://govtrack.us/congress/bills/111/hr2647</source>
  <vote>No</vote>
  <result>Agreed to</result>
  <required>1/2</required>
  </bill>
    <bill number="2647" session="111" type="h">
  <roll where="house" session="111" year="2009" roll="458" source="house.gov"
  datetime="2009-06-25T15:09:00-04:00" updated="2014-02-17T08:48:42-05:00"
  aye="416" nay="0" nv="23" present="0"/>
  <question>On Agreeing to the Amendment: Amendment 14 to H R 2647</question>
  <source>https://govtrack.us/congress/bills/111/hr2647</source>
  <vote>Aye</vote>
  <result>Agreed to</result>
  <required>1/2</required>
  </bill>
    <bill number="2647" session="111" type="h">
  <roll where="house" session="111" year="2009" roll="459" source="house.gov"
  datetime="2009-06-25T15:43:00-04:00" updated="2014-02-17T08:48:42-05:00"
  aye="170" nay="244" nv="19" present="0"/>
  <question>On Motion to Recommit with Instructions: H R 2647 Department of Defense Authorization, FY 2010</question>
  <source>https://govtrack.us/congress/bills/111/hr2647</source>
  <vote>Aye</vote>
  <result>Failed</result>
  <required>1/2</required>
  </bill>
    <bill number="2647" session="111" type="h">
  <roll where="house" session="111" year="2009" roll="460" source="house.gov"
  datetime="2009-06-25T15:50:00-04:00" updated="2014-02-17T08:48:42-05:00"
  aye="389" nay="22" nv="21" present="1"/>
  <question>On Passage: H R 2647 Department of Defense Authorization, FY 2010</question>
  <source>https://govtrack.us/congress/bills/111/hr2647</source>
  <vote>Aye</vote>
  <result>Passed</result>
  <required>1/2</required>
  </bill>
    <bill number="2892" session="111" type="h">
  <roll where="house" session="111" year="2009" roll="746" source="house.gov"
  datetime="2009-10-01T11:40:00-04:00" updated="2014-02-17T08:48:03-05:00"
  aye="258" nay="163" nv="11" present="0"/>
  <question>On Motion to Instruct Conferees: H R 2892 Making appropriations for Homeland Security FY 2010</question>
  <source>https://govtrack.us/congress/bills/111/hr2892</source>
  <vote>Yea</vote>
  <result>Passed</result>
  <required>1/2</required>
  </bill>
    <bill number="2647" session="111" type="h">
  <roll where="house" session="111" year="2009" roll="753" source="house.gov"
  datetime="2009-10-06T19:03:00-04:00" updated="2014-02-17T08:48:02-05:00"
  aye="405" nay="7" nv="20" present="0"/>
  <question>On Motion to Authorize Conferees to Close Conference: H R 2647 Department of Defense Authorization, FY 2010</question>
  <source>https://govtrack.us/congress/bills/111/hr2647</source>
  <vote>Yea</vote>
  <result>Passed</result>
  <required>1/2</required>
  </bill>
    <bill number="2647" session="111" type="h">
  <roll where="house" session="111" year="2009" roll="754" source="house.gov"
  datetime="2009-10-06T19:11:00-04:00" updated="2014-02-17T08:48:02-05:00"
  aye="178" nay="234" nv="20" present="0"/>
  <question>On Motion to Instruct Conferees: H R 2647 Department of Defense Authorization, FY 2010</question>
  <source>https://govtrack.us/congress/bills/111/hr2647</source>
  <vote>Yea</vote>
  <result>Failed</result>
  <required>1/2</required>
  </bill>
    <bill number="2647" session="111" type="h">
  <roll where="house" session="111" year="2009" roll="769" source="house.gov"
  datetime="2009-10-08T15:17:00-04:00" updated="2014-02-17T08:48:01-05:00"
  aye="208" nay="216" nv="7" present="2"/>
  <question>On Motion to Recommit with Instructions: H R 2647 Department of Defense Authorization, FY 2010</question>
  <source>https://govtrack.us/congress/bills/111/hr2647</source>
  <vote>Yea</vote>
  <result>Failed</result>
  <required>1/2</required>
  </bill>
    <bill number="2647" session="111" type="h">
  <roll where="house" session="111" year="2009" roll="770" source="house.gov"
  datetime="2009-10-08T15:24:00-04:00" updated="2014-02-17T08:48:01-05:00"
  aye="281" nay="146" nv="6" present="0"/>
  <question>On Agreeing to the Conference Report: H R 2647 Department of Defense Authorization, FY 2010</question>
  <source>https://govtrack.us/congress/bills/111/hr2647</source>
  <vote>No</vote>
  <result>Passed</result>
  <required>1/2</required>
  </bill>
    <bill number="2892" session="111" type="h">
  <roll where="house" session="111" year="2009" roll="783" source="house.gov"
  datetime="2009-10-15T13:14:00-04:00" updated="2014-02-17T08:47:58-05:00"
  aye="193" nay="224" nv="15" present="0"/>
  <question>On Motion to Recommit Conference Report With Instructions: H R 2892 Making appropriations for Homeland Security FY 2010</question>
  <source>https://govtrack.us/congress/bills/111/hr2892</source>
  <vote>Yea</vote>
  <result>Failed</result>
  <required>1/2</required>
  </bill>
    <bill number="2892" session="111" type="h">
  <roll where="house" session="111" year="2009" roll="784" source="house.gov"
  datetime="2009-10-15T13:21:00-04:00" updated="2014-02-17T08:47:58-05:00"
  aye="307" nay="114" nv="11" present="0"/>
  <question>On Agreeing to the Conference Report: H R 2892 Making appropriations for Homeland Security FY 2010</question>
  <source>https://govtrack.us/congress/bills/111/hr2892</source>
  <vote>Nay</vote>
  <result>Passed</result>
  <required>1/2</required>
  </bill>
    <bill number="5116" session="111" type="h">
  <roll where="house" session="111" year="2010" roll="262" source="house.gov"
  datetime="2010-05-12T17:56:00-04:00" updated="2014-02-17T08:51:01-05:00"
  aye="417" nay="6" nv="13" present="0"/>
  <question>On Agreeing to the Amendment: Amendment 1 to H R 5116</question>
  <source>https://govtrack.us/congress/bills/111/hr5116</source>
  <vote>Aye</vote>
  <result>Agreed to</result>
  <required>1/2</required>
  </bill>
    <bill number="5116" session="111" type="h">
  <roll where="house" session="111" year="2010" roll="263" source="house.gov"
  datetime="2010-05-12T18:04:00-04:00" updated="2014-02-17T08:51:01-05:00"
  aye="163" nay="258" nv="15" present="0"/>
  <question>On Agreeing to the Amendment: Amendment 3 to H R 5116</question>
  <source>https://govtrack.us/congress/bills/111/hr5116</source>
  <vote>Aye</vote>
  <result>Failed</result>
  <required>1/2</required>
  </bill>
    <bill number="5116" session="111" type="h">
  <roll where="house" session="111" year="2010" roll="264" source="house.gov"
  datetime="2010-05-12T18:17:00-04:00" updated="2014-02-17T08:51:00-05:00"
  aye="254" nay="173" nv="9" present="0"/>
  <question>On Agreeing to the Amendment: Amendment 6 to H R 5116</question>
  <source>https://govtrack.us/congress/bills/111/hr5116</source>
  <vote>No</vote>
  <result>Agreed to</result>
  <required>1/2</required>
  </bill>
    <bill number="5116" session="111" type="h">
  <roll where="house" session="111" year="2010" roll="265" source="house.gov"
  datetime="2010-05-12T18:23:00-04:00" updated="2014-02-17T08:51:00-05:00"
  aye="250" nay="174" nv="12" present="0"/>
  <question>On Agreeing to the Amendment: Amendment 7 to H R 5116</question>
  <source>https://govtrack.us/congress/bills/111/hr5116</source>
  <vote>No</vote>
  <result>Agreed to</result>
  <required>1/2</required>
  </bill>
    <bill number="5116" session="111" type="h">
  <roll where="house" session="111" year="2010" roll="266" source="house.gov"
  datetime="2010-05-12T18:31:00-04:00" updated="2014-02-17T08:51:00-05:00"
  aye="413" nay="10" nv="13" present="0"/>
  <question>On Agreeing to the Amendment: Amendment 8 to H R 5116</question>
  <source>https://govtrack.us/congress/bills/111/hr5116</source>
  <vote>Aye</vote>
  <result>Agreed to</result>
  <required>1/2</required>
  </bill>
    <bill number="5116" session="111" type="h">
  <roll where="house" session="111" year="2010" roll="267" source="house.gov"
  datetime="2010-05-13T11:45:00-04:00" updated="2014-02-17T08:51:00-05:00"
  aye="248" nay="171" nv="17" present="0"/>
  <question>On Agreeing to the Amendment: Amendment 11 to H R 5116</question>
  <source>https://govtrack.us/congress/bills/111/hr5116</source>
  <vote>No</vote>
  <result>Agreed to</result>
  <required>1/2</required>
  </bill>
    <bill number="5116" session="111" type="h">
  <roll where="house" session="111" year="2010" roll="268" source="house.gov"
  datetime="2010-05-13T11:53:00-04:00" updated="2014-02-17T08:51:00-05:00"
  aye="419" nay="0" nv="17" present="0"/>
  <question>On Agreeing to the Amendment: Amendment 13 to H R 5116</question>
  <source>https://govtrack.us/congress/bills/111/hr5116</source>
  <vote>Aye</vote>
  <result>Agreed to</result>
  <required>1/2</required>
  </bill>
    <bill number="5116" session="111" type="h">
  <roll where="house" session="111" year="2010" roll="269" source="house.gov"
  datetime="2010-05-13T12:01:00-04:00" updated="2014-02-17T08:51:00-05:00"
  aye="419" nay="0" nv="17" present="0"/>
  <question>On Agreeing to the Amendment: Amendment 15 to H R 5116</question>
  <source>https://govtrack.us/congress/bills/111/hr5116</source>
  <vote>Aye</vote>
  <result>Agreed to</result>
  <required>1/2</required>
  </bill>
    <bill number="5116" session="111" type="h">
  <roll where="house" session="111" year="2010" roll="270" source="house.gov"
  datetime="2010-05-13T12:56:00-04:00" updated="2014-02-17T08:51:00-05:00"
  aye="292" nay="126" nv="12" present="0"/>
  <question>On Motion to Recommit with Instructions: H R 5116 America COMPETES Reauthorization Act</question>
  <source>https://govtrack.us/congress/bills/111/hr5116</source>
  <vote>Aye</vote>
  <result>Passed</result>
  <required>1/2</required>
  </bill>
    <bill number="5325" session="111" type="h">
  <roll where="house" session="111" year="2010" roll="277" source="house.gov"
  datetime="2010-05-19T12:51:00-04:00" updated="2014-02-17T08:50:59-05:00"
  aye="261" nay="148" nv="22" present="0"/>
  <question>On Motion to Suspend the Rules and Pass: H R 5325 America COMPETES Reauthorization Act</question>
  <source>https://govtrack.us/congress/bills/111/hr5325</source>
  <vote>Nay</vote>
  <result>Failed</result>
  <required>2/3</required>
  </bill>
    <bill number="5136" session="111" type="h">
  <roll where="house" session="111" year="2010" roll="310" source="house.gov"
  datetime="2010-05-27T17:03:00-04:00" updated="2014-02-17T08:50:55-05:00"
  aye="421" nay="0" nv="16" present="0"/>
  <question>On Agreeing to the Amendment: Amendment 1 to H R 5136</question>
  <source>https://govtrack.us/congress/bills/111/hr5136</source>
  <vote>Aye</vote>
  <result>Agreed to</result>
  <required>1/2</required>
  </bill>
    <bill number="5136" session="111" type="h">
  <roll where="house" session="111" year="2010" roll="311" source="house.gov"
  datetime="2010-05-27T17:11:00-04:00" updated="2014-02-17T08:50:55-05:00"
  aye="423" nay="0" nv="14" present="0"/>
  <question>On Agreeing to the Amendment: Amendment 4 to H R 5136</question>
  <source>https://govtrack.us/congress/bills/111/hr5136</source>
  <vote>Aye</vote>
  <result>Agreed to</result>
  <required>1/2</required>
  </bill>
    <bill number="5136" session="111" type="h">
  <roll where="house" session="111" year="2010" roll="312" source="house.gov"
  datetime="2010-05-27T17:20:00-04:00" updated="2014-02-17T08:50:55-05:00"
  aye="341" nay="85" nv="11" present="0"/>
  <question>On Agreeing to the Amendment: Amendment 6 to H R 5136</question>
  <source>https://govtrack.us/congress/bills/111/hr5136</source>
  <vote>No</vote>
  <result>Agreed to</result>
  <required>1/2</required>
  </bill>
    <bill number="5136" session="111" type="h">
  <roll where="house" session="111" year="2010" roll="313" source="house.gov"
  datetime="2010-05-27T21:17:00-04:00" updated="2014-02-17T08:50:54-05:00"
  aye="410" nay="8" nv="19" present="0"/>
  <question>On Agreeing to the Amendment: Amendment 9 to H R 5136</question>
  <source>https://govtrack.us/congress/bills/111/hr5136</source>
  <vote>Aye</vote>
  <result>Agreed to</result>
  <required>1/2</required>
  </bill>
    <bill number="5136" session="111" type="h">
  <roll where="house" session="111" year="2010" roll="314" source="house.gov"
  datetime="2010-05-27T21:26:00-04:00" updated="2014-02-17T08:50:54-05:00"
  aye="372" nay="52" nv="13" present="0"/>
  <question>On Agreeing to the Amendment: Amendment 12 to H R 5136</question>
  <source>https://govtrack.us/congress/bills/111/hr5136</source>
  <vote>Aye</vote>
  <result>Agreed to</result>
  <required>1/2</required>
  </bill>
    <bill number="5136" session="111" type="h">
  <roll where="house" session="111" year="2010" roll="315" source="house.gov"
  datetime="2010-05-27T21:34:00-04:00" updated="2014-02-17T08:50:54-05:00"
  aye="218" nay="210" nv="10" present="0"/>
  <question>On Agreeing to the Amendment: Amendment 13 to H R 5136</question>
  <source>https://govtrack.us/congress/bills/111/hr5136</source>
  <vote>No</vote>
  <result>Agreed to</result>
  <required>1/2</required>
  </bill>
    <bill number="5136" session="111" type="h">
  <roll where="house" session="111" year="2010" roll="316" source="house.gov"
  datetime="2010-05-27T21:51:00-04:00" updated="2014-02-17T08:50:54-05:00"
  aye="193" nay="231" nv="10" present="3"/>
  <question>On Agreeing to the Amendment: Amendment 8 to H R 5136</question>
  <source>https://govtrack.us/congress/bills/111/hr5136</source>
  <vote>Aye</vote>
  <result>Failed</result>
  <required>1/2</required>
  </bill>
    <bill number="5136" session="111" type="h">
  <roll where="house" session="111" year="2010" roll="317" source="house.gov"
  datetime="2010-05-27T22:07:00-04:00" updated="2014-02-17T08:50:54-05:00"
  aye="234" nay="194" nv="10" present="0"/>
  <question>On Agreeing to the Amendment: Amendment 19 to H R 5136</question>
  <source>https://govtrack.us/congress/bills/111/hr5136</source>
  <vote>No</vote>
  <result>Agreed to</result>
  <required>1/2</required>
  </bill>
    <bill number="5136" session="111" type="h">
  <roll where="house" session="111" year="2010" roll="318" source="house.gov"
  datetime="2010-05-27T22:16:00-04:00" updated="2014-02-17T08:50:54-05:00"
  aye="253" nay="172" nv="12" present="0"/>
  <question>On Agreeing to the Amendment: Amendment 14 to H R 5136</question>
  <source>https://govtrack.us/congress/bills/111/hr5136</source>
  <vote>No</vote>
  <result>Agreed to</result>
  <required>1/2</required>
  </bill>
    <bill number="5116" session="111" type="h">
  <roll where="house" session="111" year="2010" roll="326" source="house.gov"
  datetime="2010-05-28T14:21:00-04:00" updated="2014-02-17T08:50:53-05:00"
  aye="175" nay="243" nv="13" present="0"/>
  <question>First Portion of the Divided Question, Proposing to Strike Section 228: H R 5116 America COMPETES Reauthorization Act</question>
  <source>https://govtrack.us/congress/bills/111/hr5116</source>
  <vote>Aye</vote>
  <result>Failed</result>
  <required>1/2</required>
  </bill>
    <bill number="5116" session="111" type="h">
  <roll where="house" session="111" year="2010" roll="327" source="house.gov"
  datetime="2010-05-28T14:27:00-04:00" updated="2014-02-17T08:50:53-05:00"
  aye="163" nay="244" nv="24" present="0"/>
  <question>Second Portion of the Divided Question, Proposing to Strike Sections 406(b) and (c): H R 5116 America COMPETES Reauthorization Act</question>
  <source>https://govtrack.us/congress/bills/111/hr5116</source>
  <vote>Aye</vote>
  <result>Failed</result>
  <required>1/2</required>
  </bill>
    <bill number="5116" session="111" type="h">
  <roll where="house" session="111" year="2010" roll="328" source="house.gov"
  datetime="2010-05-28T14:35:00-04:00" updated="2014-02-17T08:50:53-05:00"
  aye="197" nay="215" nv="19" present="0"/>
  <question>Sixth Portion of the Divided Question, Proposing to Amend Section 702: H R 5116 America COMPETES Reauthorization Act</question>
  <source>https://govtrack.us/congress/bills/111/hr5116</source>
  <vote>Aye</vote>
  <result>Failed</result>
  <required>1/2</required>
  </bill>
    <bill number="5116" session="111" type="h">
  <roll where="house" session="111" year="2010" roll="329" source="house.gov"
  datetime="2010-05-28T14:41:00-04:00" updated="2014-02-17T08:50:53-05:00"
  aye="409" nay="0" nv="22" present="0"/>
  <question>Seventh Portion of the Divided Question, Proposing to Add a Section 704: H R 5116 America COMPETES Reauthorization Act</question>
  <source>https://govtrack.us/congress/bills/111/hr5116</source>
  <vote>Aye</vote>
  <result>Passed</result>
  <required>1/2</required>
  </bill>
    <bill number="5116" session="111" type="h">
  <roll where="house" session="111" year="2010" roll="330" source="house.gov"
  datetime="2010-05-28T14:48:00-04:00" updated="2014-02-17T08:50:53-05:00"
  aye="348" nay="68" nv="15" present="0"/>
  <question>Eighth Portion of the Divided Question, Proposing to Add a Section 705: H R 5116 America COMPETES Reauthorization Act</question>
  <source>https://govtrack.us/congress/bills/111/hr5116</source>
  <vote>Aye</vote>
  <result>Passed</result>
  <required>1/2</required>
  </bill>
    <bill number="5116" session="111" type="h">
  <roll where="house" session="111" year="2010" roll="331" source="house.gov"
  datetime="2010-05-28T14:54:00-04:00" updated="2014-02-17T08:50:53-05:00"
  aye="181" nay="234" nv="16" present="0"/>
  <question>Ninth Portion of the Divided Question, Proposing to Add a Section 706: H R 5116 America COMPETES Reauthorization Act</question>
  <source>https://govtrack.us/congress/bills/111/hr5116</source>
  <vote>Aye</vote>
  <result>Failed</result>
  <required>1/2</required>
  </bill>
    <bill number="5116" session="111" type="h">
  <roll where="house" session="111" year="2010" roll="332" source="house.gov"
  datetime="2010-05-28T15:01:00-04:00" updated="2014-02-17T08:50:53-05:00"
  aye="262" nay="150" nv="20" present="0"/>
  <question>On Passage: H R 5116 America COMPETES Reauthorization Act</question>
  <source>https://govtrack.us/congress/bills/111/hr5116</source>
  <vote>No</vote>
  <result>Passed</result>
  <required>1/2</required>
  </bill>
    <bill number="5136" session="111" type="h">
  <roll where="house" session="111" year="2010" roll="333" source="house.gov"
  datetime="2010-05-28T15:19:00-04:00" updated="2014-02-17T08:50:52-05:00"
  aye="416" nay="1" nv="20" present="0"/>
  <question>On Agreeing to the En Bloc Amendments, as Modified: Amendment 23 to H R 5136</question>
  <source>https://govtrack.us/congress/bills/111/hr5136</source>
  <vote>Aye</vote>
  <result>Agreed to</result>
  <required>1/2</required>
  </bill>
    <bill number="5136" session="111" type="h">
  <roll where="house" session="111" year="2010" roll="334" source="house.gov"
  datetime="2010-05-28T15:45:00-04:00" updated="2014-02-17T08:50:52-05:00"
  aye="227" nay="183" nv="21" present="0"/>
  <question>Table Appeal of the Ruling of the Chair: H R 5136 National Defense Authorization Act for Fiscal Year 2011</question>
  <source>https://govtrack.us/congress/bills/111/hr5136</source>
  <vote>No</vote>
  <result>Passed</result>
  <required>1/2</required>
  </bill>
    <bill number="5136" session="111" type="h">
  <roll where="house" session="111" year="2010" roll="335" source="house.gov"
  datetime="2010-05-28T16:09:00-04:00" updated="2014-02-17T08:50:52-05:00"
  aye="282" nay="131" nv="18" present="0"/>
  <question>On Motion to Recommit with Instructions: H R 5136 National Defense Authorization Act for Fiscal Year 2011</question>
  <source>https://govtrack.us/congress/bills/111/hr5136</source>
  <vote>Aye</vote>
  <result>Passed</result>
  <required>1/2</required>
  </bill>
    <bill number="5136" session="111" type="h">
  <roll where="house" session="111" year="2010" roll="336" source="house.gov"
  datetime="2010-05-28T16:19:00-04:00" updated="2014-02-17T08:50:52-05:00"
  aye="229" nay="186" nv="17" present="0"/>
  <question>On Passage: H R 5136 National Defense Authorization Act for Fiscal Year 2011</question>
  <source>https://govtrack.us/congress/bills/111/hr5136</source>
  <vote>No</vote>
  <result>Passed</result>
  <required>1/2</required>
  </bill>
    <bill number="2701" session="111" type="h">
  <roll where="house" session="111" year="2010" roll="558" source="house.gov"
  datetime="2010-09-29T23:15:00-04:00" updated="2014-02-17T08:50:20-05:00"
  aye="244" nay="181" nv="7" present="0"/>
  <question>On Motion to Concur in the Senate Amendment: H R 2701 Intelligence Authorization Act for Fiscal Year 2010</question>
  <source>https://govtrack.us/congress/bills/111/hr2701</source>
  <vote>Nay</vote>
  <result>Passed</result>
  <required>1/2</required>
  </bill>
    <bill number="5116" session="111" type="h">
  <roll where="house" session="111" year="2010" roll="659" source="house.gov"
  datetime="2010-12-21T16:31:00-05:00" updated="2014-02-17T08:50:04-05:00"
  aye="228" nay="130" nv="75" present="0"/>
  <question>On Motion to Concur in the Senate Amendment: H R 5116 America COMPETES Reauthorization Act</question>
  <source>https://govtrack.us/congress/bills/111/hr5116</source>
  <vote>Nay</vote>
  <result>Passed</result>
  <required>1/2</required>
  </bill>
    <bill number="2701" session="111" type="h">
  <roll where="house" session="111" year="2010" roll="69" source="house.gov"
  datetime="2010-02-26T10:47:00-05:00" updated="2014-02-17T08:51:21-05:00"
  aye="246" nay="166" nv="26" present="0"/>
  <question>On Agreeing to the Amendment: Amendment 1 to H R 2701</question>
  <source>https://govtrack.us/congress/bills/111/hr2701</source>
  <vote>Not Voting</vote>
  <result>Agreed to</result>
  <required>1/2</required>
  </bill>
    <bill number="2701" session="111" type="h">
  <roll where="house" session="111" year="2010" roll="70" source="house.gov"
  datetime="2010-02-26T10:55:00-05:00" updated="2014-02-17T08:51:21-05:00"
  aye="401" nay="11" nv="26" present="0"/>
  <question>On Agreeing to the Amendment: Amendment 3 to H R 2701</question>
  <source>https://govtrack.us/congress/bills/111/hr2701</source>
  <vote>Not Voting</vote>
  <result>Agreed to</result>
  <required>1/2</required>
  </bill>
    <bill number="2701" session="111" type="h">
  <roll where="house" session="111" year="2010" roll="71" source="house.gov"
  datetime="2010-02-26T11:02:00-05:00" updated="2014-02-17T08:51:21-05:00"
  aye="410" nay="1" nv="27" present="0"/>
  <question>On Agreeing to the Amendment: Amendment 12 to H R 2701</question>
  <source>https://govtrack.us/congress/bills/111/hr2701</source>
  <vote>Not Voting</vote>
  <result>Agreed to</result>
  <required>1/2</required>
  </bill>
    <bill number="2701" session="111" type="h">
  <roll where="house" session="111" year="2010" roll="72" source="house.gov"
  datetime="2010-02-26T11:40:00-05:00" updated="2014-02-17T08:51:21-05:00"
  aye="186" nay="217" nv="29" present="0"/>
  <question>On Motion to Recommit with Instructions: H R 2701 Intelligence Authorization Act for Fiscal Year 2010</question>
  <source>https://govtrack.us/congress/bills/111/hr2701</source>
  <vote>Not Voting</vote>
  <result>Failed</result>
  <required>1/2</required>
  </bill>
    <bill number="2701" session="111" type="h">
  <roll where="house" session="111" year="2010" roll="73" source="house.gov"
  datetime="2010-02-26T11:49:00-05:00" updated="2014-02-17T08:51:21-05:00"
  aye="235" nay="168" nv="29" present="0"/>
  <question>On Passage: H R 2701 Intelligence Authorization Act for Fiscal Year 2010</question>
  <source>https://govtrack.us/congress/bills/111/hr2701</source>
  <vote>Not Voting</vote>
  <result>Passed</result>
  <required>1/2</required>
  </bill>
    <bill number="514" session="112" type="h">
  <roll where="senate" session="112" year="2011" roll="19" source="senate.gov"
  datetime="2011-02-15T18:08:00-05:00" updated="2014-02-17T08:53:51-05:00"
  aye="86" nay="12" nv="2" present="0"/>
  <question>On Passage of the Bill H.R. 514</question>
  <source>https://govtrack.us/congress/bills/112/hr514</source>
  <vote>Yea</vote>
  <result>Bill Passed</result>
  <required>1/2</required>
  </bill>
    <bill number="1540" session="112" type="h">
  <roll where="senate" session="112" year="2011" roll="230" source="senate.gov"
  datetime="2011-12-15T16:02:00-05:00" updated="2014-02-17T08:53:41-05:00"
  aye="86" nay="13" nv="1" present="0"/>
  <question>On the Conference Report H.R. 1540</question>
  <source>https://govtrack.us/congress/bills/112/hr1540</source>
  <vote>Not Voting</vote>
  <result>Conference Report Agreed to</result>
  <required>1/2</required>
  </bill>
    <bill number="990" session="112" type="s">
  <roll where="senate" session="112" year="2011" roll="81" source="senate.gov"
  datetime="2011-05-26T10:01:00-04:00" updated="2014-02-17T08:53:49-05:00"
  aye="79" nay="18" nv="3" present="0"/>
  <question>On the Cloture Motion S. 990</question>
  <source>https://govtrack.us/congress/bills/112/s990</source>
  <vote>Yea</vote>
  <result>Cloture Motion Agreed to</result>
  <required>3/5</required>
  </bill>
    <bill number="990" session="112" type="s">
  <roll where="senate" session="112" year="2011" roll="82" source="senate.gov"
  datetime="2011-05-26T16:34:00-04:00" updated="2014-02-17T08:53:49-05:00"
  aye="85" nay="10" nv="5" present="0"/>
  <question>On the Motion to Table S.Amdt. 363 to S.Amdt. 347 to S. 990 (PATRIOT Sunsets Extension Act of 2011)</question>
  <source>https://govtrack.us/congress/bills/112/s990</source>
  <vote>Nay</vote>
  <result>Motion to Table Agreed to</result>
  <required>1/2</required>
  </bill>
    <bill number="990" session="112" type="s">
  <roll where="senate" session="112" year="2011" roll="83" source="senate.gov"
  datetime="2011-05-26T17:00:00-04:00" updated="2014-02-17T08:53:49-05:00"
  aye="91" nay="4" nv="5" present="0"/>
  <question>On the Motion to Table S.Amdt. 365 to S.Amdt. 347 to S. 990 (PATRIOT Sunsets Extension Act of 2011)</question>
  <source>https://govtrack.us/congress/bills/112/s990</source>
  <vote>Yea</vote>
  <result>Motion to Table Agreed to</result>
  <required>1/2</required>
  </bill>
    <bill number="990" session="112" type="s">
  <roll where="senate" session="112" year="2011" roll="84" source="senate.gov"
  datetime="2011-05-26T17:16:00-04:00" updated="2014-02-17T08:53:49-05:00"
  aye="72" nay="23" nv="5" present="0"/>
  <question>On the Motion (Motion to Concur in the House Amendment to S. 990 with Amdt. No. 347)</question>
  <source>https://govtrack.us/congress/bills/112/s990</source>
  <vote>Yea</vote>
  <result>Motion Agreed to</result>
  <required>1/2</required>
  </bill>
    <bill number="3414" session="112" type="s">
  <roll where="senate" session="112" year="2012" roll="185" source="senate.gov"
  datetime="2012-07-26T15:23:00-04:00" updated="2014-02-17T08:55:18-05:00"
  aye="84" nay="11" nv="5" present="0"/>
  <question>On Cloture on the Motion to Proceed S. 3414</question>
  <source>https://govtrack.us/congress/bills/112/s3414</source>
  <vote>Nay</vote>
  <result>Cloture on the Motion to Proceed Agreed to</result>
  <required>3/5</required>
  </bill>
    <bill number="3414" session="112" type="s">
  <roll where="senate" session="112" year="2012" roll="187" source="senate.gov"
  datetime="2012-08-02T11:01:00-04:00" updated="2014-02-17T08:55:18-05:00"
  aye="52" nay="46" nv="2" present="0"/>
  <question>On the Cloture Motion S. 3414</question>
  <source>https://govtrack.us/congress/bills/112/s3414</source>
  <vote>Nay</vote>
  <result>Cloture Motion Rejected</result>
  <required>3/5</required>
  </bill>
    <bill number="3414" session="112" type="s">
  <roll where="senate" session="112" year="2012" roll="202" source="senate.gov"
  datetime="2012-11-14T17:37:00-05:00" updated="2014-02-17T08:55:17-05:00"
  aye="51" nay="47" nv="2" present="0"/>
  <question>On the Cloture Motion S. 3414</question>
  <source>https://govtrack.us/congress/bills/112/s3414</source>
  <vote>Nay</vote>
  <result>Cloture Motion Rejected</result>
  <required>3/5</required>
  </bill>
    <bill number="4310" session="112" type="h">
  <roll where="senate" session="112" year="2012" roll="229" source="senate.gov"
  datetime="2012-12-21T14:06:00-05:00" updated="2014-02-17T08:55:16-05:00"
  aye="81" nay="14" nv="4" present="0"/>
  <question>On the Conference Report H.R. 4310</question>
  <source>https://govtrack.us/congress/bills/112/hr4310</source>
  <vote>Not Voting</vote>
  <result>Conference Report Agreed to</result>
  <required>1/2</required>
  </bill>
    <bill number="5949" session="112" type="h">
  <roll where="senate" session="112" year="2012" roll="232" source="senate.gov"
  datetime="2012-12-27T17:33:00-05:00" updated="2014-02-17T08:55:16-05:00"
  aye="38" nay="52" nv="10" present="0"/>
  <question>On the Amendment S.Amdt. 3437 to H.R. 5949 (FISA Amendments Act Reauthorization Act of 2012)</question>
  <source>https://govtrack.us/congress/bills/112/hr5949</source>
  <vote>Nay</vote>
  <result>Amendment Rejected</result>
  <required>3/5</required>
  </bill>
    <bill number="5949" session="112" type="h">
  <roll where="senate" session="112" year="2012" roll="233" source="senate.gov"
  datetime="2012-12-27T18:06:00-05:00" updated="2014-02-17T08:55:16-05:00"
  aye="37" nay="54" nv="9" present="0"/>
  <question>On the Amendment S.Amdt. 3435 to H.R. 5949 (FISA Amendments Act Reauthorization Act of 2012)</question>
  <source>https://govtrack.us/congress/bills/112/hr5949</source>
  <vote>Nay</vote>
  <result>Amendment Rejected</result>
  <required>3/5</required>
  </bill>
    <bill number="5949" session="112" type="h">
  <roll where="senate" session="112" year="2012" roll="234" source="senate.gov"
  datetime="2012-12-27T18:26:00-05:00" updated="2014-02-17T08:55:16-05:00"
  aye="12" nay="79" nv="9" present="0"/>
  <question>On the Amendment S.Amdt. 3436 to H.R. 5949 (FISA Amendments Act Reauthorization Act of 2012)</question>
  <source>https://govtrack.us/congress/bills/112/hr5949</source>
  <vote>Nay</vote>
  <result>Amendment Rejected</result>
  <required>3/5</required>
  </bill>
    <bill number="5949" session="112" type="h">
  <roll where="senate" session="112" year="2012" roll="235" source="senate.gov"
  datetime="2012-12-28T09:36:00-05:00" updated="2014-02-17T08:55:16-05:00"
  aye="43" nay="52" nv="5" present="0"/>
  <question>On the Amendment S.Amdt. 3439 to H.R. 5949 (FISA Amendments Act Reauthorization Act of 2012)</question>
  <source>https://govtrack.us/congress/bills/112/hr5949</source>
  <vote>Nay</vote>
  <result>Amendment Rejected</result>
  <required>3/5</required>
  </bill>
    <bill number="5949" session="112" type="h">
  <roll where="senate" session="112" year="2012" roll="236" source="senate.gov"
  datetime="2012-12-28T10:05:00-05:00" updated="2014-02-17T08:55:16-05:00"
  aye="73" nay="23" nv="4" present="0"/>
  <question>On Passage of the Bill H.R. 5949</question>
  <source>https://govtrack.us/congress/bills/112/hr5949</source>
  <vote>Yea</vote>
  <result>Bill Passed</result>
  <required>3/5</required>
  </bill>
  </name>