<?xml version="1.0" encoding="UTF-8"?>
<?xml-stylesheet type="text/xsl" href="votes.xsl"?>
<!DOCTYPE name SYSTEM "http://xmpp.planetcrypto.net/opensecrets/opnsa/votes_by_id/votes.dtd">
<name id="412471" real_name="Scott, Tim (Sen.) [R-SC]">
  <bill number="1363" session="112" type="h">
  <roll where="house" session="112" year="2011" roll="245" source="house.gov"
  datetime="2011-04-07T14:03:00-04:00" updated="2014-02-17T08:53:15-05:00"
  aye="236" nay="187" nv="9" present="0"/>
  <question>Table Appeal of the Ruling of the Chair: H R 1363 Making appropriations for the Department of Defense for the fiscal year ending September 30, 2011, and for other purposes</question>
  <source>https://govtrack.us/congress/bills/112/hr1363</source>
  <vote>Yea</vote>
  <result>Passed</result>
  <required>1/2</required>
  </bill>
    <bill number="1363" session="112" type="h">
  <roll where="house" session="112" year="2011" roll="246" source="house.gov"
  datetime="2011-04-07T14:26:00-04:00" updated="2014-02-17T08:53:15-05:00"
  aye="191" nay="236" nv="5" present="0"/>
  <question>On Motion to Recommit with Instructions: H R 1363 Making appropriations for the Department of Defense for the fiscal year ending September 30, 2011, and for other purposes</question>
  <source>https://govtrack.us/congress/bills/112/hr1363</source>
  <vote>Nay</vote>
  <result>Failed</result>
  <required>1/2</required>
  </bill>
    <bill number="1363" session="112" type="h">
  <roll where="house" session="112" year="2011" roll="247" source="house.gov"
  datetime="2011-04-07T14:34:00-04:00" updated="2014-02-17T08:53:15-05:00"
  aye="247" nay="181" nv="4" present="0"/>
  <question>On Passage: H R 1363 Making appropriations for the Department of Defense for the fiscal year ending September 30, 2011, and for other purposes</question>
  <source>https://govtrack.us/congress/bills/112/hr1363</source>
  <vote>Yea</vote>
  <result>Passed</result>
  <required>1/2</required>
  </bill>
    <bill number="1363" session="112" type="h">
  <roll where="house" session="112" year="2011" roll="253" source="house.gov"
  datetime="2011-04-09T00:40:00-04:00" updated="2014-02-17T08:53:14-05:00"
  aye="348" nay="70" nv="14" present="0"/>
  <question>On Motion to Concur in the Senate Amendment: H R 1363 Making appropriations for the Department of Defense for the fiscal year ending September 30, 2011, and for other purposes</question>
  <source>https://govtrack.us/congress/bills/112/hr1363</source>
  <vote>Nay</vote>
  <result>Passed</result>
  <required>1/2</required>
  </bill>
    <bill number="514" session="112" type="h">
  <roll where="house" session="112" year="2011" roll="26" source="house.gov"
  datetime="2011-02-08T19:04:00-05:00" updated="2014-02-17T08:53:38-05:00"
  aye="277" nay="148" nv="9" present="0"/>
  <question>On Motion to Suspend the Rules and Pass: H R 514 To extend expiring provisions of the USA PATRIOT Improvement and Reauthorization Act of 2005 and Intelligence Reform and Terrorism Prevention Act of 2004 relating to access to business records, individual terrorists as agents of foreign powers, and roving wiretaps until December 8, 2011</question>
  <source>https://govtrack.us/congress/bills/112/hr514</source>
  <vote>Yea</vote>
  <result>Failed</result>
  <required>2/3</required>
  </bill>
    <bill number="1540" session="112" type="h">
  <roll where="house" session="112" year="2011" roll="343" source="house.gov"
  datetime="2011-05-25T18:30:00-04:00" updated="2014-02-17T08:53:02-05:00"
  aye="83" nay="334" nv="14" present="0"/>
  <question>On Agreeing to the Amendment: Amendment 2 to H R 1540</question>
  <source>https://govtrack.us/congress/bills/112/hr1540</source>
  <vote>No</vote>
  <result>Failed</result>
  <required>1/2</required>
  </bill>
    <bill number="1540" session="112" type="h">
  <roll where="house" session="112" year="2011" roll="344" source="house.gov"
  datetime="2011-05-25T18:34:00-04:00" updated="2014-02-17T08:53:02-05:00"
  aye="203" nay="213" nv="15" present="0"/>
  <question>On Agreeing to the Amendment: Amendment 5 to H R 1540</question>
  <source>https://govtrack.us/congress/bills/112/hr1540</source>
  <vote>Aye</vote>
  <result>Failed</result>
  <required>1/2</required>
  </bill>
    <bill number="1540" session="112" type="h">
  <roll where="house" session="112" year="2011" roll="345" source="house.gov"
  datetime="2011-05-25T18:38:00-04:00" updated="2014-02-17T08:53:02-05:00"
  aye="198" nay="225" nv="8" present="0"/>
  <question>On Agreeing to the Amendment: Amendment 8 to H R 1540</question>
  <source>https://govtrack.us/congress/bills/112/hr1540</source>
  <vote>No</vote>
  <result>Failed</result>
  <required>1/2</required>
  </bill>
    <bill number="1540" session="112" type="h">
  <roll where="house" session="112" year="2011" roll="346" source="house.gov"
  datetime="2011-05-25T18:42:00-04:00" updated="2014-02-17T08:53:02-05:00"
  aye="208" nay="212" nv="11" present="0"/>
  <question>On Agreeing to the Amendment: Amendment 9 to H R 1540</question>
  <source>https://govtrack.us/congress/bills/112/hr1540</source>
  <vote>No</vote>
  <result>Failed</result>
  <required>1/2</required>
  </bill>
    <bill number="1540" session="112" type="h">
  <roll where="house" session="112" year="2011" roll="347" source="house.gov"
  datetime="2011-05-25T18:48:00-04:00" updated="2014-02-17T08:53:01-05:00"
  aye="261" nay="163" nv="7" present="0"/>
  <question>On Agreeing to the Amendment: Amendment 10 to H R 1540</question>
  <source>https://govtrack.us/congress/bills/112/hr1540</source>
  <vote>Aye</vote>
  <result>Agreed to</result>
  <required>1/2</required>
  </bill>
    <bill number="1540" session="112" type="h">
  <roll where="house" session="112" year="2011" roll="348" source="house.gov"
  datetime="2011-05-25T18:53:00-04:00" updated="2014-02-17T08:53:01-05:00"
  aye="168" nay="256" nv="7" present="0"/>
  <question>On Agreeing to the Amendment: Amendment 11 to H R 1540</question>
  <source>https://govtrack.us/congress/bills/112/hr1540</source>
  <vote>No</vote>
  <result>Failed</result>
  <required>1/2</required>
  </bill>
    <bill number="1540" session="112" type="h">
  <roll where="house" session="112" year="2011" roll="349" source="house.gov"
  datetime="2011-05-25T18:57:00-04:00" updated="2014-02-17T08:53:01-05:00"
  aye="176" nay="248" nv="7" present="0"/>
  <question>On Agreeing to the Amendment: Amendment 12 to H R 1540</question>
  <source>https://govtrack.us/congress/bills/112/hr1540</source>
  <vote>No</vote>
  <result>Failed</result>
  <required>1/2</required>
  </bill>
    <bill number="1540" session="112" type="h">
  <roll where="house" session="112" year="2011" roll="350" source="house.gov"
  datetime="2011-05-25T19:03:00-04:00" updated="2014-02-17T08:53:01-05:00"
  aye="184" nay="240" nv="7" present="0"/>
  <question>On Agreeing to the Amendment: Amendment 13 to H R 1540</question>
  <source>https://govtrack.us/congress/bills/112/hr1540</source>
  <vote>No</vote>
  <result>Failed</result>
  <required>1/2</required>
  </bill>
    <bill number="1540" session="112" type="h">
  <roll where="house" session="112" year="2011" roll="351" source="house.gov"
  datetime="2011-05-25T19:08:00-04:00" updated="2014-02-17T08:53:01-05:00"
  aye="191" nay="232" nv="8" present="0"/>
  <question>On Agreeing to the Amendment: Amendment 14 to H R 1540</question>
  <source>https://govtrack.us/congress/bills/112/hr1540</source>
  <vote>No</vote>
  <result>Failed</result>
  <required>1/2</required>
  </bill>
    <bill number="1540" session="112" type="h">
  <roll where="house" session="112" year="2011" roll="352" source="house.gov"
  datetime="2011-05-25T19:11:00-04:00" updated="2014-02-17T08:53:01-05:00"
  aye="178" nay="246" nv="7" present="0"/>
  <question>On Agreeing to the Amendment: Amendment 15 to H R 1540</question>
  <source>https://govtrack.us/congress/bills/112/hr1540</source>
  <vote>No</vote>
  <result>Failed</result>
  <required>1/2</required>
  </bill>
    <bill number="1540" session="112" type="h">
  <roll where="house" session="112" year="2011" roll="353" source="house.gov"
  datetime="2011-05-25T19:15:00-04:00" updated="2014-02-17T08:53:01-05:00"
  aye="177" nay="246" nv="8" present="0"/>
  <question>On Agreeing to the Amendment: Amendment 17 to H R 1540</question>
  <source>https://govtrack.us/congress/bills/112/hr1540</source>
  <vote>No</vote>
  <result>Failed</result>
  <required>1/2</required>
  </bill>
    <bill number="1540" session="112" type="h">
  <roll where="house" session="112" year="2011" roll="354" source="house.gov"
  datetime="2011-05-26T12:51:00-04:00" updated="2014-02-17T08:53:01-05:00"
  aye="260" nay="160" nv="11" present="0"/>
  <question>On Agreeing to the Amendment: Amendment 18 to H R 1540</question>
  <source>https://govtrack.us/congress/bills/112/hr1540</source>
  <vote>Aye</vote>
  <result>Agreed to</result>
  <required>1/2</required>
  </bill>
    <bill number="1540" session="112" type="h">
  <roll where="house" session="112" year="2011" roll="355" source="house.gov"
  datetime="2011-05-26T12:57:00-04:00" updated="2014-02-17T08:53:01-05:00"
  aye="246" nay="172" nv="13" present="0"/>
  <question>On Agreeing to the Amendment: Amendment 20 to H R 1540</question>
  <source>https://govtrack.us/congress/bills/112/hr1540</source>
  <vote>Aye</vote>
  <result>Agreed to</result>
  <required>1/2</required>
  </bill>
    <bill number="1540" session="112" type="h">
  <roll where="house" session="112" year="2011" roll="356" source="house.gov"
  datetime="2011-05-26T13:00:00-04:00" updated="2014-02-17T08:53:01-05:00"
  aye="165" nay="253" nv="13" present="0"/>
  <question>On Agreeing to the Amendment: Amendment 22 to H R 1540</question>
  <source>https://govtrack.us/congress/bills/112/hr1540</source>
  <vote>No</vote>
  <result>Failed</result>
  <required>1/2</required>
  </bill>
    <bill number="1540" session="112" type="h">
  <roll where="house" session="112" year="2011" roll="357" source="house.gov"
  datetime="2011-05-26T13:04:00-04:00" updated="2014-02-17T08:53:01-05:00"
  aye="246" nay="173" nv="12" present="0"/>
  <question>On Agreeing to the Amendment: Amendment 23 to H R 1540</question>
  <source>https://govtrack.us/congress/bills/112/hr1540</source>
  <vote>Aye</vote>
  <result>Agreed to</result>
  <required>1/2</required>
  </bill>
    <bill number="1540" session="112" type="h">
  <roll where="house" session="112" year="2011" roll="358" source="house.gov"
  datetime="2011-05-26T13:09:00-04:00" updated="2014-02-17T08:53:00-05:00"
  aye="91" nay="329" nv="11" present="0"/>
  <question>On Agreeing to the Amendment: Amendment 24 to H R 1540</question>
  <source>https://govtrack.us/congress/bills/112/hr1540</source>
  <vote>No</vote>
  <result>Failed</result>
  <required>1/2</required>
  </bill>
    <bill number="1540" session="112" type="h">
  <roll where="house" session="112" year="2011" roll="359" source="house.gov"
  datetime="2011-05-26T13:12:00-04:00" updated="2014-02-17T08:53:00-05:00"
  aye="227" nay="193" nv="11" present="0"/>
  <question>On Agreeing to the Amendment: Amendment 25 to H R 1540</question>
  <source>https://govtrack.us/congress/bills/112/hr1540</source>
  <vote>Aye</vote>
  <result>Agreed to</result>
  <required>1/2</required>
  </bill>
    <bill number="514" session="112" type="h">
  <roll where="house" session="112" year="2011" roll="35" source="house.gov"
  datetime="2011-02-14T18:55:00-05:00" updated="2014-02-17T08:53:37-05:00"
  aye="186" nay="234" nv="13" present="0"/>
  <question>On Motion to Recommit with Instructions: H R 514 To extend expiring provisions of the USA PATRIOT Improvement and Reauthorization Act of 2005 and Intelligence Reform and Terrorism Prevention Act of 2004 relating to access to business records, individual terrorists as agents of foreign powers, and roving wiretaps until December 8, 2011</question>
  <source>https://govtrack.us/congress/bills/112/hr514</source>
  <vote>Nay</vote>
  <result>Failed</result>
  <required>1/2</required>
  </bill>
    <bill number="1540" session="112" type="h">
  <roll where="house" session="112" year="2011" roll="360" source="house.gov"
  datetime="2011-05-26T13:16:00-04:00" updated="2014-02-17T08:53:00-05:00"
  aye="172" nay="246" nv="13" present="0"/>
  <question>On Agreeing to the Amendment: Amendment 26 to H R 1540</question>
  <source>https://govtrack.us/congress/bills/112/hr1540</source>
  <vote>No</vote>
  <result>Failed</result>
  <required>1/2</required>
  </bill>
    <bill number="1540" session="112" type="h">
  <roll where="house" session="112" year="2011" roll="361" source="house.gov"
  datetime="2011-05-26T13:21:00-04:00" updated="2014-02-17T08:53:00-05:00"
  aye="187" nay="234" nv="10" present="0"/>
  <question>On Agreeing to the Amendment: Amendment 27 to H R 1540</question>
  <source>https://govtrack.us/congress/bills/112/hr1540</source>
  <vote>No</vote>
  <result>Failed</result>
  <required>1/2</required>
  </bill>
    <bill number="1540" session="112" type="h">
  <roll where="house" session="112" year="2011" roll="362" source="house.gov"
  datetime="2011-05-26T13:24:00-04:00" updated="2014-02-17T08:53:00-05:00"
  aye="63" nay="354" nv="14" present="0"/>
  <question>On Agreeing to the Amendment: Amendment 28 to H R 1540</question>
  <source>https://govtrack.us/congress/bills/112/hr1540</source>
  <vote>Aye</vote>
  <result>Failed</result>
  <required>1/2</required>
  </bill>
    <bill number="1540" session="112" type="h">
  <roll where="house" session="112" year="2011" roll="363" source="house.gov"
  datetime="2011-05-26T13:28:00-04:00" updated="2014-02-17T08:53:00-05:00"
  aye="98" nay="321" nv="12" present="0"/>
  <question>On Agreeing to the Amendment: Amendment 29 to H R 1540</question>
  <source>https://govtrack.us/congress/bills/112/hr1540</source>
  <vote>Aye</vote>
  <result>Failed</result>
  <required>1/2</required>
  </bill>
    <bill number="1540" session="112" type="h">
  <roll where="house" session="112" year="2011" roll="364" source="house.gov"
  datetime="2011-05-26T13:31:00-04:00" updated="2014-02-17T08:53:00-05:00"
  aye="123" nay="294" nv="14" present="0"/>
  <question>On Agreeing to the Amendment: Amendment 30 to H R 1540</question>
  <source>https://govtrack.us/congress/bills/112/hr1540</source>
  <vote>No</vote>
  <result>Failed</result>
  <required>1/2</required>
  </bill>
    <bill number="1540" session="112" type="h">
  <roll where="house" session="112" year="2011" roll="365" source="house.gov"
  datetime="2011-05-26T13:36:00-04:00" updated="2014-02-17T08:52:59-05:00"
  aye="96" nay="323" nv="11" present="1"/>
  <question>On Agreeing to the Amendment: Amendment 32 to H R 1540</question>
  <source>https://govtrack.us/congress/bills/112/hr1540</source>
  <vote>No</vote>
  <result>Failed</result>
  <required>1/2</required>
  </bill>
    <bill number="1540" session="112" type="h">
  <roll where="house" session="112" year="2011" roll="366" source="house.gov"
  datetime="2011-05-26T13:39:00-04:00" updated="2014-02-17T08:52:59-05:00"
  aye="416" nay="5" nv="10" present="0"/>
  <question>On Agreeing to the Amendment: Amendment 33 to H R 1540</question>
  <source>https://govtrack.us/congress/bills/112/hr1540</source>
  <vote>Aye</vote>
  <result>Agreed to</result>
  <required>1/2</required>
  </bill>
    <bill number="1540" session="112" type="h">
  <roll where="house" session="112" year="2011" roll="367" source="house.gov"
  datetime="2011-05-26T13:44:00-04:00" updated="2014-02-17T08:52:59-05:00"
  aye="269" nay="151" nv="11" present="0"/>
  <question>On Agreeing to the Amendment: Amendment 34 to H R 1540</question>
  <source>https://govtrack.us/congress/bills/112/hr1540</source>
  <vote>Aye</vote>
  <result>Agreed to</result>
  <required>1/2</required>
  </bill>
    <bill number="1540" session="112" type="h">
  <roll where="house" session="112" year="2011" roll="368" source="house.gov"
  datetime="2011-05-26T13:47:00-04:00" updated="2014-02-17T08:52:59-05:00"
  aye="176" nay="241" nv="14" present="0"/>
  <question>On Agreeing to the Amendment: Amendment 35 to H R 1540</question>
  <source>https://govtrack.us/congress/bills/112/hr1540</source>
  <vote>No</vote>
  <result>Failed</result>
  <required>1/2</required>
  </bill>
    <bill number="1540" session="112" type="h">
  <roll where="house" session="112" year="2011" roll="369" source="house.gov"
  datetime="2011-05-26T13:50:00-04:00" updated="2014-02-17T08:52:59-05:00"
  aye="184" nay="234" nv="13" present="0"/>
  <question>On Agreeing to the Amendment: Amendment 36 to H R 1540</question>
  <source>https://govtrack.us/congress/bills/112/hr1540</source>
  <vote>No</vote>
  <result>Failed</result>
  <required>1/2</required>
  </bill>
    <bill number="514" session="112" type="h">
  <roll where="house" session="112" year="2011" roll="36" source="house.gov"
  datetime="2011-02-14T19:03:00-05:00" updated="2014-02-17T08:53:37-05:00"
  aye="275" nay="144" nv="14" present="0"/>
  <question>On Passage: H R 514 To extend expiring provisions of the USA PATRIOT Improvement and Reauthorization Act of 2005 and Intelligence Reform and Terrorism Prevention Act of 2004 relating to access to business records, individual terrorists as agents of foreign powers, and roving wiretaps until December 8, 2011</question>
  <source>https://govtrack.us/congress/bills/112/hr514</source>
  <vote>Aye</vote>
  <result>Passed</result>
  <required>1/2</required>
  </bill>
    <bill number="1540" session="112" type="h">
  <roll where="house" session="112" year="2011" roll="370" source="house.gov"
  datetime="2011-05-26T13:54:00-04:00" updated="2014-02-17T08:52:59-05:00"
  aye="419" nay="0" nv="12" present="0"/>
  <question>On Agreeing to the Amendment: Amendment 39 to H R 1540</question>
  <source>https://govtrack.us/congress/bills/112/hr1540</source>
  <vote>Aye</vote>
  <result>Agreed to</result>
  <required>1/2</required>
  </bill>
    <bill number="1540" session="112" type="h">
  <roll where="house" session="112" year="2011" roll="371" source="house.gov"
  datetime="2011-05-26T13:57:00-04:00" updated="2014-02-17T08:52:59-05:00"
  aye="300" nay="120" nv="11" present="0"/>
  <question>On Agreeing to the Amendment: Amendment 42 to H R 1540</question>
  <source>https://govtrack.us/congress/bills/112/hr1540</source>
  <vote>No</vote>
  <result>Agreed to</result>
  <required>1/2</required>
  </bill>
    <bill number="1540" session="112" type="h">
  <roll where="house" session="112" year="2011" roll="372" source="house.gov"
  datetime="2011-05-26T14:01:00-04:00" updated="2014-02-17T08:52:59-05:00"
  aye="226" nay="194" nv="11" present="0"/>
  <question>On Agreeing to the Amendment: Amendment 43 to H R 1540</question>
  <source>https://govtrack.us/congress/bills/112/hr1540</source>
  <vote>Aye</vote>
  <result>Agreed to</result>
  <required>1/2</required>
  </bill>
    <bill number="1540" session="112" type="h">
  <roll where="house" session="112" year="2011" roll="373" source="house.gov"
  datetime="2011-05-26T14:05:00-04:00" updated="2014-02-17T08:52:59-05:00"
  aye="204" nay="215" nv="12" present="0"/>
  <question>On Agreeing to the Amendment: Amendment 44 to H R 1540</question>
  <source>https://govtrack.us/congress/bills/112/hr1540</source>
  <vote>No</vote>
  <result>Failed</result>
  <required>1/2</required>
  </bill>
    <bill number="1540" session="112" type="h">
  <roll where="house" session="112" year="2011" roll="374" source="house.gov"
  datetime="2011-05-26T14:33:00-04:00" updated="2014-02-17T08:52:59-05:00"
  aye="185" nay="233" nv="13" present="0"/>
  <question>On Motion to Recommit with Instructions: H R 1540 To authorize appropriations for fiscal year 2012 for military activities of the Department of Defense and for military construction, to prescribe military personnel strengths for fiscal year 2012, and for other purposes.</question>
  <source>https://govtrack.us/congress/bills/112/hr1540</source>
  <vote>No</vote>
  <result>Failed</result>
  <required>1/2</required>
  </bill>
    <bill number="1540" session="112" type="h">
  <roll where="house" session="112" year="2011" roll="375" source="house.gov"
  datetime="2011-05-26T14:40:00-04:00" updated="2014-02-17T08:52:59-05:00"
  aye="322" nay="96" nv="13" present="0"/>
  <question>On Passage: H R 1540 To authorize appropriations for fiscal year 2012 for military activities of the Department of Defense and for military construction, to prescribe military personnel strengths for fiscal year 2012, and for other purposes.</question>
  <source>https://govtrack.us/congress/bills/112/hr1540</source>
  <vote>Aye</vote>
  <result>Passed</result>
  <required>1/2</required>
  </bill>
    <bill number="990" session="112" type="s">
  <roll where="house" session="112" year="2011" roll="376" source="house.gov"
  datetime="2011-05-26T19:56:00-04:00" updated="2014-02-17T08:52:58-05:00"
  aye="250" nay="153" nv="28" present="0"/>
  <question>On Motion to Concur in the Senate Amendment to the House Amendment: S 990 Small Business Additional Temporary Extension Act of 2011</question>
  <source>https://govtrack.us/congress/bills/112/s990</source>
  <vote>Yea</vote>
  <result>Passed</result>
  <required>1/2</required>
  </bill>
    <bill number="2017" session="112" type="h">
  <roll where="house" session="112" year="2011" roll="384" source="house.gov"
  datetime="2011-06-01T18:38:00-04:00" updated="2014-02-17T08:52:58-05:00"
  aye="333" nay="87" nv="12" present="0"/>
  <question>On Agreeing to the Amendment: Amendment 1 to H R 2017</question>
  <source>https://govtrack.us/congress/bills/112/hr2017</source>
  <vote>No</vote>
  <result>Agreed to</result>
  <required>1/2</required>
  </bill>
    <bill number="2017" session="112" type="h">
  <roll where="house" session="112" year="2011" roll="385" source="house.gov"
  datetime="2011-06-01T18:44:00-04:00" updated="2014-02-17T08:52:58-05:00"
  aye="154" nay="266" nv="12" present="0"/>
  <question>On Agreeing to the Amendment: Amendment 2 to H R 2017</question>
  <source>https://govtrack.us/congress/bills/112/hr2017</source>
  <vote>No</vote>
  <result>Failed</result>
  <required>1/2</required>
  </bill>
    <bill number="2017" session="112" type="h">
  <roll where="house" session="112" year="2011" roll="386" source="house.gov"
  datetime="2011-06-01T18:48:00-04:00" updated="2014-02-17T08:52:58-05:00"
  aye="268" nay="151" nv="13" present="0"/>
  <question>On Agreeing to the Amendment: Amendment 3 to H R 2017</question>
  <source>https://govtrack.us/congress/bills/112/hr2017</source>
  <vote>Aye</vote>
  <result>Agreed to</result>
  <required>1/2</required>
  </bill>
    <bill number="2017" session="112" type="h">
  <roll where="house" session="112" year="2011" roll="387" source="house.gov"
  datetime="2011-06-01T18:51:00-04:00" updated="2014-02-17T08:52:57-05:00"
  aye="327" nay="93" nv="12" present="0"/>
  <question>On Agreeing to the Amendment: Amendment 6 to H R 2017</question>
  <source>https://govtrack.us/congress/bills/112/hr2017</source>
  <vote>Aye</vote>
  <result>Agreed to</result>
  <required>1/2</required>
  </bill>
    <bill number="2017" session="112" type="h">
  <roll where="house" session="112" year="2011" roll="388" source="house.gov"
  datetime="2011-06-01T18:55:00-04:00" updated="2014-02-17T08:52:57-05:00"
  aye="162" nay="256" nv="14" present="0"/>
  <question>On Agreeing to the Amendment: Amendment 15 to H R 2017</question>
  <source>https://govtrack.us/congress/bills/112/hr2017</source>
  <vote>No</vote>
  <result>Failed</result>
  <required>1/2</required>
  </bill>
    <bill number="2017" session="112" type="h">
  <roll where="house" session="112" year="2011" roll="389" source="house.gov"
  datetime="2011-06-02T13:29:00-04:00" updated="2014-02-17T08:52:57-05:00"
  aye="273" nay="150" nv="9" present="0"/>
  <question>On Agreeing to the Amendment: Amendment 22 to H R 2017</question>
  <source>https://govtrack.us/congress/bills/112/hr2017</source>
  <vote>Aye</vote>
  <result>Agreed to</result>
  <required>1/2</required>
  </bill>
    <bill number="2017" session="112" type="h">
  <roll where="house" session="112" year="2011" roll="390" source="house.gov"
  datetime="2011-06-02T13:32:00-04:00" updated="2014-02-17T08:52:57-05:00"
  aye="218" nay="204" nv="10" present="0"/>
  <question>On Agreeing to the Amendment: Amendment 27 to H R 2017</question>
  <source>https://govtrack.us/congress/bills/112/hr2017</source>
  <vote>Aye</vote>
  <result>Agreed to</result>
  <required>1/2</required>
  </bill>
    <bill number="2017" session="112" type="h">
  <roll where="house" session="112" year="2011" roll="391" source="house.gov"
  datetime="2011-06-02T13:36:00-04:00" updated="2014-02-17T08:52:57-05:00"
  aye="238" nay="177" nv="17" present="0"/>
  <question>On Agreeing to the Amendment: Amendment 28 to H R 2017</question>
  <source>https://govtrack.us/congress/bills/112/hr2017</source>
  <vote>Aye</vote>
  <result>Agreed to</result>
  <required>1/2</required>
  </bill>
    <bill number="2017" session="112" type="h">
  <roll where="house" session="112" year="2011" roll="392" source="house.gov"
  datetime="2011-06-02T13:40:00-04:00" updated="2014-02-17T08:52:57-05:00"
  aye="242" nay="180" nv="10" present="0"/>
  <question>On Agreeing to the Amendment: Amendment 30 to H R 2017</question>
  <source>https://govtrack.us/congress/bills/112/hr2017</source>
  <vote>Aye</vote>
  <result>Agreed to</result>
  <required>1/2</required>
  </bill>
    <bill number="2017" session="112" type="h">
  <roll where="house" session="112" year="2011" roll="393" source="house.gov"
  datetime="2011-06-02T13:44:00-04:00" updated="2014-02-17T08:52:57-05:00"
  aye="264" nay="157" nv="11" present="0"/>
  <question>On Agreeing to the Amendment: Amendment 35 to H R 2017</question>
  <source>https://govtrack.us/congress/bills/112/hr2017</source>
  <vote>No</vote>
  <result>Agreed to</result>
  <required>1/2</required>
  </bill>
    <bill number="2017" session="112" type="h">
  <roll where="house" session="112" year="2011" roll="394" source="house.gov"
  datetime="2011-06-02T13:47:00-04:00" updated="2014-02-17T08:52:57-05:00"
  aye="208" nay="213" nv="11" present="0"/>
  <question>On Agreeing to the Amendment: Amendment 37 to H R 2017</question>
  <source>https://govtrack.us/congress/bills/112/hr2017</source>
  <vote>No</vote>
  <result>Failed</result>
  <required>1/2</required>
  </bill>
    <bill number="2017" session="112" type="h">
  <roll where="house" session="112" year="2011" roll="395" source="house.gov"
  datetime="2011-06-02T13:50:00-04:00" updated="2014-02-17T08:52:57-05:00"
  aye="183" nay="234" nv="15" present="0"/>
  <question>On Agreeing to the Amendment: Amendment 38 to H R 2017</question>
  <source>https://govtrack.us/congress/bills/112/hr2017</source>
  <vote>Aye</vote>
  <result>Failed</result>
  <required>1/2</required>
  </bill>
    <bill number="2017" session="112" type="h">
  <roll where="house" session="112" year="2011" roll="396" source="house.gov"
  datetime="2011-06-02T17:35:00-04:00" updated="2014-02-17T08:52:57-05:00"
  aye="207" nay="213" nv="12" present="0"/>
  <question>On Agreeing to the Amendment: Amendment 40 to H R 2017</question>
  <source>https://govtrack.us/congress/bills/112/hr2017</source>
  <vote>Aye</vote>
  <result>Failed</result>
  <required>1/2</required>
  </bill>
    <bill number="2017" session="112" type="h">
  <roll where="house" session="112" year="2011" roll="397" source="house.gov"
  datetime="2011-06-02T17:47:00-04:00" updated="2014-02-17T08:52:57-05:00"
  aye="251" nay="168" nv="12" present="1"/>
  <question>On Agreeing to the Amendment: Amendment 44 to H R 2017</question>
  <source>https://govtrack.us/congress/bills/112/hr2017</source>
  <vote>Aye</vote>
  <result>Agreed to</result>
  <required>1/2</required>
  </bill>
    <bill number="2017" session="112" type="h">
  <roll where="house" session="112" year="2011" roll="398" source="house.gov"
  datetime="2011-06-02T17:50:00-04:00" updated="2014-02-17T08:52:56-05:00"
  aye="289" nay="131" nv="12" present="0"/>
  <question>On Agreeing to the Amendment: Amendment 45 to H R 2017</question>
  <source>https://govtrack.us/congress/bills/112/hr2017</source>
  <vote>Aye</vote>
  <result>Agreed to</result>
  <required>1/2</required>
  </bill>
    <bill number="2017" session="112" type="h">
  <roll where="house" session="112" year="2011" roll="399" source="house.gov"
  datetime="2011-06-02T17:53:00-04:00" updated="2014-02-17T08:52:56-05:00"
  aye="127" nay="295" nv="10" present="0"/>
  <question>On Agreeing to the Amendment: Amendment 46 to H R 2017</question>
  <source>https://govtrack.us/congress/bills/112/hr2017</source>
  <vote>Aye</vote>
  <result>Failed</result>
  <required>1/2</required>
  </bill>
    <bill number="2017" session="112" type="h">
  <roll where="house" session="112" year="2011" roll="400" source="house.gov"
  datetime="2011-06-02T17:57:00-04:00" updated="2014-02-17T08:52:56-05:00"
  aye="123" nay="300" nv="9" present="0"/>
  <question>On Agreeing to the Amendment: Amendment 47 to H R 2017</question>
  <source>https://govtrack.us/congress/bills/112/hr2017</source>
  <vote>Aye</vote>
  <result>Failed</result>
  <required>1/2</required>
  </bill>
    <bill number="2017" session="112" type="h">
  <roll where="house" session="112" year="2011" roll="401" source="house.gov"
  datetime="2011-06-02T18:00:00-04:00" updated="2014-02-17T08:52:56-05:00"
  aye="257" nay="164" nv="11" present="0"/>
  <question>On Agreeing to the Amendment: Amendment 48 to H R 2017</question>
  <source>https://govtrack.us/congress/bills/112/hr2017</source>
  <vote>Aye</vote>
  <result>Agreed to</result>
  <required>1/2</required>
  </bill>
    <bill number="2017" session="112" type="h">
  <roll where="house" session="112" year="2011" roll="402" source="house.gov"
  datetime="2011-06-02T18:03:00-04:00" updated="2014-02-17T08:52:56-05:00"
  aye="110" nay="312" nv="10" present="0"/>
  <question>On Agreeing to the Amendment: Amendment 49 to H R 2017</question>
  <source>https://govtrack.us/congress/bills/112/hr2017</source>
  <vote>Aye</vote>
  <result>Failed</result>
  <required>1/2</required>
  </bill>
    <bill number="2017" session="112" type="h">
  <roll where="house" session="112" year="2011" roll="403" source="house.gov"
  datetime="2011-06-02T18:06:00-04:00" updated="2014-02-17T08:52:56-05:00"
  aye="218" nay="205" nv="9" present="0"/>
  <question>On Agreeing to the Amendment: Amendment 50 to H R 2017</question>
  <source>https://govtrack.us/congress/bills/112/hr2017</source>
  <vote>Aye</vote>
  <result>Agreed to</result>
  <required>1/2</required>
  </bill>
    <bill number="2017" session="112" type="h">
  <roll where="house" session="112" year="2011" roll="404" source="house.gov"
  datetime="2011-06-02T18:10:00-04:00" updated="2014-02-17T08:52:56-05:00"
  aye="252" nay="170" nv="10" present="0"/>
  <question>On Agreeing to the Amendment: Amendment 55 to H R 2017</question>
  <source>https://govtrack.us/congress/bills/112/hr2017</source>
  <vote>Aye</vote>
  <result>Agreed to</result>
  <required>1/2</required>
  </bill>
    <bill number="2017" session="112" type="h">
  <roll where="house" session="112" year="2011" roll="405" source="house.gov"
  datetime="2011-06-02T18:13:00-04:00" updated="2014-02-17T08:52:56-05:00"
  aye="199" nay="224" nv="9" present="0"/>
  <question>On Agreeing to the Amendment: Amendment 56 to H R 2017</question>
  <source>https://govtrack.us/congress/bills/112/hr2017</source>
  <vote>Aye</vote>
  <result>Failed</result>
  <required>1/2</required>
  </bill>
    <bill number="2017" session="112" type="h">
  <roll where="house" session="112" year="2011" roll="406" source="house.gov"
  datetime="2011-06-02T18:17:00-04:00" updated="2014-02-17T08:52:56-05:00"
  aye="219" nay="204" nv="9" present="0"/>
  <question>On Agreeing to the Amendment: Amendment 58 to H R 2017</question>
  <source>https://govtrack.us/congress/bills/112/hr2017</source>
  <vote>Aye</vote>
  <result>Agreed to</result>
  <required>1/2</required>
  </bill>
    <bill number="2017" session="112" type="h">
  <roll where="house" session="112" year="2011" roll="407" source="house.gov"
  datetime="2011-06-02T18:21:00-04:00" updated="2014-02-17T08:52:56-05:00"
  aye="107" nay="313" nv="12" present="0"/>
  <question>On Agreeing to the Amendment: Amendment 59 to H R 2017</question>
  <source>https://govtrack.us/congress/bills/112/hr2017</source>
  <vote>No</vote>
  <result>Failed</result>
  <required>1/2</required>
  </bill>
    <bill number="2017" session="112" type="h">
  <roll where="house" session="112" year="2011" roll="408" source="house.gov"
  datetime="2011-06-02T18:53:00-04:00" updated="2014-02-17T08:52:55-05:00"
  aye="187" nay="234" nv="11" present="0"/>
  <question>On Motion to Recommit with Instructions: H R 2017 Homeland Security, FY 2012</question>
  <source>https://govtrack.us/congress/bills/112/hr2017</source>
  <vote>No</vote>
  <result>Failed</result>
  <required>1/2</required>
  </bill>
    <bill number="2017" session="112" type="h">
  <roll where="house" session="112" year="2011" roll="409" source="house.gov"
  datetime="2011-06-02T18:59:00-04:00" updated="2014-02-17T08:52:55-05:00"
  aye="231" nay="188" nv="13" present="0"/>
  <question>On Passage: H R 2017 Homeland Security, FY 2012</question>
  <source>https://govtrack.us/congress/bills/112/hr2017</source>
  <vote>Yea</vote>
  <result>Passed</result>
  <required>1/2</required>
  </bill>
    <bill number="514" session="112" type="h">
  <roll where="house" session="112" year="2011" roll="66" source="house.gov"
  datetime="2011-02-17T10:10:00-05:00" updated="2014-02-17T08:53:33-05:00"
  aye="279" nay="143" nv="11" present="0"/>
  <question>On Motion to Concur in the Senate Amendment: H R 514 To extend expiring provisions of the USA PATRIOT Improvement and Reauthorization Act of 2005 and Intelligence Reform and Terrorism Prevention Act of 2004 relating to access to business records, individual terrorists as agents of foreign powers, and roving wiretaps until December 8, 2011</question>
  <source>https://govtrack.us/congress/bills/112/hr514</source>
  <vote>Yea</vote>
  <result>Passed</result>
  <required>1/2</required>
  </bill>
    <bill number="1540" session="112" type="h">
  <roll where="house" session="112" year="2011" roll="892" source="house.gov"
  datetime="2011-12-07T13:38:00-05:00" updated="2014-02-17T08:51:53-05:00"
  aye="421" nay="2" nv="10" present="0"/>
  <question>On Motion to Instruct Conferees: H R 1540 To authorize appropriations for fiscal year 2012 for military activities of the Department of Defense and for military construction, to prescribe military personnel strengths for fiscal year 2012, and for other purposes.</question>
  <source>https://govtrack.us/congress/bills/112/hr1540</source>
  <vote>Aye</vote>
  <result>Passed</result>
  <required>1/2</required>
  </bill>
    <bill number="1540" session="112" type="h">
  <roll where="house" session="112" year="2011" roll="893" source="house.gov"
  datetime="2011-12-07T13:47:00-05:00" updated="2014-02-17T08:51:53-05:00"
  aye="406" nay="17" nv="9" present="1"/>
  <question>On Motion to Close Portions of Conference: H R 1540 To authorize appropriations for fiscal year 2012 for military activities of the Department of Defense and for military construction, to prescribe military personnel strengths for fiscal year 2012, and for other purposes.</question>
  <source>https://govtrack.us/congress/bills/112/hr1540</source>
  <vote>Yea</vote>
  <result>Passed</result>
  <required>1/2</required>
  </bill>
    <bill number="1540" session="112" type="h">
  <roll where="house" session="112" year="2011" roll="931" source="house.gov"
  datetime="2011-12-14T18:50:00-05:00" updated="2014-02-17T08:51:49-05:00"
  aye="183" nay="234" nv="16" present="0"/>
  <question>On Motion to Recommit with Instructions: H R 1540 To authorize appropriations for fiscal year 2012 for military activities of the Department of Defense, for military construction, and for defense activities of the Department of Energy, to prescribe military personnel strengths for such fiscal year, and for other purposes</question>
  <source>https://govtrack.us/congress/bills/112/hr1540</source>
  <vote>No</vote>
  <result>Failed</result>
  <required>1/2</required>
  </bill>
    <bill number="1540" session="112" type="h">
  <roll where="house" session="112" year="2011" roll="932" source="house.gov"
  datetime="2011-12-14T18:58:00-05:00" updated="2014-02-17T08:51:49-05:00"
  aye="283" nay="136" nv="14" present="0"/>
  <question>On Agreeing to the Conference Report: H R 1540 To authorize appropriations for fiscal year 2012 for military activities of the Department of Defense, for military construction, and for defense activities of the Department of Energy, to prescribe military personnel strengths for such fiscal year, and for other purposes</question>
  <source>https://govtrack.us/congress/bills/112/hr1540</source>
  <vote>Aye</vote>
  <result>Passed</result>
  <required>1/2</required>
  </bill>
    <bill number="3523" session="112" type="h">
  <roll where="house" session="112" year="2012" roll="184" source="house.gov"
  datetime="2012-04-26T17:23:00-04:00" updated="2014-02-17T08:54:52-05:00"
  aye="167" nay="243" nv="21" present="0"/>
  <question>On Agreeing to the Amendment: Amendment 1 to H R 3523</question>
  <source>https://govtrack.us/congress/bills/112/hr3523</source>
  <vote>No</vote>
  <result>Failed</result>
  <required>1/2</required>
  </bill>
    <bill number="3523" session="112" type="h">
  <roll where="house" session="112" year="2012" roll="185" source="house.gov"
  datetime="2012-04-26T17:27:00-04:00" updated="2014-02-17T08:54:51-05:00"
  aye="412" nay="0" nv="19" present="0"/>
  <question>On Agreeing to the Amendment: Amendment 3 to H R 3523</question>
  <source>https://govtrack.us/congress/bills/112/hr3523</source>
  <vote>Aye</vote>
  <result>Agreed to</result>
  <required>1/2</required>
  </bill>
    <bill number="3523" session="112" type="h">
  <roll where="house" session="112" year="2012" roll="186" source="house.gov"
  datetime="2012-04-26T17:31:00-04:00" updated="2014-02-17T08:54:51-05:00"
  aye="410" nay="3" nv="18" present="0"/>
  <question>On Agreeing to the Amendment: Amendment 4 to H R 3523</question>
  <source>https://govtrack.us/congress/bills/112/hr3523</source>
  <vote>Aye</vote>
  <result>Agreed to</result>
  <required>1/2</required>
  </bill>
    <bill number="3523" session="112" type="h">
  <roll where="house" session="112" year="2012" roll="187" source="house.gov"
  datetime="2012-04-26T17:36:00-04:00" updated="2014-02-17T08:54:51-05:00"
  aye="415" nay="0" nv="16" present="0"/>
  <question>On Agreeing to the Amendment: Amendment 5 to H R 3523</question>
  <source>https://govtrack.us/congress/bills/112/hr3523</source>
  <vote>Aye</vote>
  <result>Agreed to</result>
  <required>1/2</required>
  </bill>
    <bill number="3523" session="112" type="h">
  <roll where="house" session="112" year="2012" roll="188" source="house.gov"
  datetime="2012-04-26T17:40:00-04:00" updated="2014-02-17T08:54:51-05:00"
  aye="416" nay="0" nv="15" present="0"/>
  <question>On Agreeing to the Amendment: Amendment 6 to H R 3523</question>
  <source>https://govtrack.us/congress/bills/112/hr3523</source>
  <vote>Aye</vote>
  <result>Agreed to</result>
  <required>1/2</required>
  </bill>
    <bill number="3523" session="112" type="h">
  <roll where="house" session="112" year="2012" roll="189" source="house.gov"
  datetime="2012-04-26T17:44:00-04:00" updated="2014-02-17T08:54:51-05:00"
  aye="414" nay="1" nv="16" present="0"/>
  <question>On Agreeing to the Amendment: Amendment 10 to H R 3523</question>
  <source>https://govtrack.us/congress/bills/112/hr3523</source>
  <vote>Aye</vote>
  <result>Agreed to</result>
  <required>1/2</required>
  </bill>
    <bill number="3523" session="112" type="h">
  <roll where="house" session="112" year="2012" roll="190" source="house.gov"
  datetime="2012-04-26T17:47:00-04:00" updated="2014-02-17T08:54:51-05:00"
  aye="413" nay="3" nv="15" present="0"/>
  <question>On Agreeing to the Amendment: Amendment 12 to H R 3523</question>
  <source>https://govtrack.us/congress/bills/112/hr3523</source>
  <vote>Aye</vote>
  <result>Agreed to</result>
  <required>1/2</required>
  </bill>
    <bill number="3523" session="112" type="h">
  <roll where="house" session="112" year="2012" roll="191" source="house.gov"
  datetime="2012-04-26T18:23:00-04:00" updated="2014-02-17T08:54:50-05:00"
  aye="183" nay="233" nv="15" present="0"/>
  <question>On Motion to Recommit with Instructions: H R 3523 To provide for the sharing of certain cyber threat intelligence and cyber threat information between the intelligence community and cybersecurity entities, and for other purposes</question>
  <source>https://govtrack.us/congress/bills/112/hr3523</source>
  <vote>Nay</vote>
  <result>Failed</result>
  <required>1/2</required>
  </bill>
    <bill number="3523" session="112" type="h">
  <roll where="house" session="112" year="2012" roll="192" source="house.gov"
  datetime="2012-04-26T18:31:00-04:00" updated="2014-02-17T08:54:50-05:00"
  aye="248" nay="168" nv="15" present="0"/>
  <question>On Passage: H R 3523 To provide for the sharing of certain cyber threat intelligence and cyber threat information between the intelligence community and cybersecurity entities, and for other purposes</question>
  <source>https://govtrack.us/congress/bills/112/hr3523</source>
  <vote>Aye</vote>
  <result>Passed</result>
  <required>1/2</required>
  </bill>
    <bill number="4310" session="112" type="h">
  <roll where="house" session="112" year="2012" roll="263" source="house.gov"
  datetime="2012-05-17T18:51:00-04:00" updated="2014-02-17T08:54:43-05:00"
  aye="84" nay="335" nv="12" present="0"/>
  <question>On Agreeing to the Amendment: Amendment 4 to H R 4310</question>
  <source>https://govtrack.us/congress/bills/112/hr4310</source>
  <vote>Aye</vote>
  <result>Failed</result>
  <required>1/2</required>
  </bill>
    <bill number="4310" session="112" type="h">
  <roll where="house" session="112" year="2012" roll="264" source="house.gov"
  datetime="2012-05-17T18:59:00-04:00" updated="2014-02-17T08:54:43-05:00"
  aye="113" nay="303" nv="15" present="0"/>
  <question>On Agreeing to the Amendment: Amendment 5 to H R 4310</question>
  <source>https://govtrack.us/congress/bills/112/hr4310</source>
  <vote>No</vote>
  <result>Failed</result>
  <required>1/2</required>
  </bill>
    <bill number="4310" session="112" type="h">
  <roll where="house" session="112" year="2012" roll="265" source="house.gov"
  datetime="2012-05-17T19:03:00-04:00" updated="2014-02-17T08:54:43-05:00"
  aye="412" nay="1" nv="18" present="0"/>
  <question>On Agreeing to the Amendment: Amendment 6 to H R 4310</question>
  <source>https://govtrack.us/congress/bills/112/hr4310</source>
  <vote>Aye</vote>
  <result>Agreed to</result>
  <required>1/2</required>
  </bill>
    <bill number="4310" session="112" type="h">
  <roll where="house" session="112" year="2012" roll="266" source="house.gov"
  datetime="2012-05-17T19:08:00-04:00" updated="2014-02-17T08:54:43-05:00"
  aye="249" nay="171" nv="11" present="0"/>
  <question>On Agreeing to the Amendment: Amendment 7 to H R 4310</question>
  <source>https://govtrack.us/congress/bills/112/hr4310</source>
  <vote>Aye</vote>
  <result>Agreed to</result>
  <required>1/2</required>
  </bill>
    <bill number="4310" session="112" type="h">
  <roll where="house" session="112" year="2012" roll="267" source="house.gov"
  datetime="2012-05-17T19:12:00-04:00" updated="2014-02-17T08:54:43-05:00"
  aye="211" nay="209" nv="11" present="0"/>
  <question>On Agreeing to the Amendment: Amendment 8 to H R 4310</question>
  <source>https://govtrack.us/congress/bills/112/hr4310</source>
  <vote>Aye</vote>
  <result>Agreed to</result>
  <required>1/2</required>
  </bill>
    <bill number="4310" session="112" type="h">
  <roll where="house" session="112" year="2012" roll="268" source="house.gov"
  datetime="2012-05-17T19:16:00-04:00" updated="2014-02-17T08:54:43-05:00"
  aye="112" nay="308" nv="11" present="0"/>
  <question>On Agreeing to the Amendment: Amendment 11 to H R 4310</question>
  <source>https://govtrack.us/congress/bills/112/hr4310</source>
  <vote>No</vote>
  <result>Failed</result>
  <required>1/2</required>
  </bill>
    <bill number="4310" session="112" type="h">
  <roll where="house" session="112" year="2012" roll="269" source="house.gov"
  datetime="2012-05-17T19:19:00-04:00" updated="2014-02-17T08:54:42-05:00"
  aye="165" nay="252" nv="14" present="0"/>
  <question>On Agreeing to the Amendment: Amendment 12 to H R 4310</question>
  <source>https://govtrack.us/congress/bills/112/hr4310</source>
  <vote>No</vote>
  <result>Failed</result>
  <required>1/2</required>
  </bill>
    <bill number="4310" session="112" type="h">
  <roll where="house" session="112" year="2012" roll="270" source="house.gov"
  datetime="2012-05-18T09:45:00-04:00" updated="2014-02-17T08:54:42-05:00"
  aye="182" nay="238" nv="11" present="0"/>
  <question>On Agreeing to the Amendment: Amendment 29 to H R 4310</question>
  <source>https://govtrack.us/congress/bills/112/hr4310</source>
  <vote>No</vote>
  <result>Failed</result>
  <required>1/2</required>
  </bill>
    <bill number="4310" session="112" type="h">
  <roll where="house" session="112" year="2012" roll="271" source="house.gov"
  datetime="2012-05-18T09:48:00-04:00" updated="2014-02-17T08:54:42-05:00"
  aye="243" nay="173" nv="15" present="0"/>
  <question>On Agreeing to the Amendment: Amendment 28 to H R 4310</question>
  <source>https://govtrack.us/congress/bills/112/hr4310</source>
  <vote>Aye</vote>
  <result>Agreed to</result>
  <required>1/2</required>
  </bill>
    <bill number="4310" session="112" type="h">
  <roll where="house" session="112" year="2012" roll="272" source="house.gov"
  datetime="2012-05-18T09:52:00-04:00" updated="2014-02-17T08:54:42-05:00"
  aye="209" nay="211" nv="11" present="0"/>
  <question>On Agreeing to the Amendment: Amendment 14 to H R 4310</question>
  <source>https://govtrack.us/congress/bills/112/hr4310</source>
  <vote>Aye</vote>
  <result>Failed</result>
  <required>1/2</required>
  </bill>
    <bill number="4310" session="112" type="h">
  <roll where="house" session="112" year="2012" roll="273" source="house.gov"
  datetime="2012-05-18T09:56:00-04:00" updated="2014-02-17T08:54:42-05:00"
  aye="192" nay="229" nv="10" present="0"/>
  <question>On Agreeing to the Amendment: Amendment 15 to H R 4310</question>
  <source>https://govtrack.us/congress/bills/112/hr4310</source>
  <vote>No</vote>
  <result>Failed</result>
  <required>1/2</required>
  </bill>
    <bill number="4310" session="112" type="h">
  <roll where="house" session="112" year="2012" roll="274" source="house.gov"
  datetime="2012-05-18T10:00:00-04:00" updated="2014-02-17T08:54:42-05:00"
  aye="164" nay="256" nv="11" present="0"/>
  <question>On Agreeing to the Amendment: Amendment 16 to H R 4310</question>
  <source>https://govtrack.us/congress/bills/112/hr4310</source>
  <vote>Aye</vote>
  <result>Failed</result>
  <required>1/2</required>
  </bill>
    <bill number="4310" session="112" type="h">
  <roll where="house" session="112" year="2012" roll="275" source="house.gov"
  datetime="2012-05-18T10:04:00-04:00" updated="2014-02-17T08:54:42-05:00"
  aye="180" nay="241" nv="10" present="0"/>
  <question>On Agreeing to the Amendment: Amendment 17 to H R 4310</question>
  <source>https://govtrack.us/congress/bills/112/hr4310</source>
  <vote>No</vote>
  <result>Failed</result>
  <required>1/2</required>
  </bill>
    <bill number="4310" session="112" type="h">
  <roll where="house" session="112" year="2012" roll="276" source="house.gov"
  datetime="2012-05-18T10:10:00-04:00" updated="2014-02-17T08:54:42-05:00"
  aye="394" nay="27" nv="10" present="0"/>
  <question>On Agreeing to the Amendment: Amendment 19 to H R 4310</question>
  <source>https://govtrack.us/congress/bills/112/hr4310</source>
  <vote>No</vote>
  <result>Agreed to</result>
  <required>1/2</required>
  </bill>
    <bill number="4310" session="112" type="h">
  <roll where="house" session="112" year="2012" roll="277" source="house.gov"
  datetime="2012-05-18T10:13:00-04:00" updated="2014-02-17T08:54:42-05:00"
  aye="118" nay="303" nv="10" present="0"/>
  <question>On Agreeing to the Amendment: Amendment 20 to H R 4310</question>
  <source>https://govtrack.us/congress/bills/112/hr4310</source>
  <vote>No</vote>
  <result>Failed</result>
  <required>1/2</required>
  </bill>
    <bill number="4310" session="112" type="h">
  <roll where="house" session="112" year="2012" roll="278" source="house.gov"
  datetime="2012-05-18T10:17:00-04:00" updated="2014-02-17T08:54:42-05:00"
  aye="160" nay="261" nv="10" present="0"/>
  <question>On Agreeing to the Amendment: Amendment 22 to H R 4310</question>
  <source>https://govtrack.us/congress/bills/112/hr4310</source>
  <vote>No</vote>
  <result>Failed</result>
  <required>1/2</required>
  </bill>
    <bill number="4310" session="112" type="h">
  <roll where="house" session="112" year="2012" roll="279" source="house.gov"
  datetime="2012-05-18T10:20:00-04:00" updated="2014-02-17T08:54:42-05:00"
  aye="175" nay="245" nv="11" present="0"/>
  <question>On Agreeing to the Amendment: Amendment 23 to H R 4310</question>
  <source>https://govtrack.us/congress/bills/112/hr4310</source>
  <vote>No</vote>
  <result>Failed</result>
  <required>1/2</required>
  </bill>
    <bill number="4310" session="112" type="h">
  <roll where="house" session="112" year="2012" roll="280" source="house.gov"
  datetime="2012-05-18T10:24:00-04:00" updated="2014-02-17T08:54:41-05:00"
  aye="241" nay="179" nv="11" present="0"/>
  <question>On Agreeing to the Amendment: Amendment 24 to H R 4310</question>
  <source>https://govtrack.us/congress/bills/112/hr4310</source>
  <vote>Aye</vote>
  <result>Agreed to</result>
  <required>1/2</required>
  </bill>
    <bill number="4310" session="112" type="h">
  <roll where="house" session="112" year="2012" roll="281" source="house.gov"
  datetime="2012-05-18T10:27:00-04:00" updated="2014-02-17T08:54:41-05:00"
  aye="220" nay="201" nv="10" present="0"/>
  <question>On Agreeing to the Amendment: Amendment 25 to H R 4310</question>
  <source>https://govtrack.us/congress/bills/112/hr4310</source>
  <vote>No</vote>
  <result>Agreed to</result>
  <required>1/2</required>
  </bill>
    <bill number="4310" session="112" type="h">
  <roll where="house" session="112" year="2012" roll="282" source="house.gov"
  datetime="2012-05-18T10:31:00-04:00" updated="2014-02-17T08:54:41-05:00"
  aye="170" nay="252" nv="9" present="0"/>
  <question>On Agreeing to the Amendment: Amendment 27 to H R 4310</question>
  <source>https://govtrack.us/congress/bills/112/hr4310</source>
  <vote>No</vote>
  <result>Failed</result>
  <required>1/2</required>
  </bill>
    <bill number="4310" session="112" type="h">
  <roll where="house" session="112" year="2012" roll="283" source="house.gov"
  datetime="2012-05-18T10:34:00-04:00" updated="2014-02-17T08:54:41-05:00"
  aye="229" nay="193" nv="9" present="0"/>
  <question>On Agreeing to the Amendment: Amendment 30 to H R 4310</question>
  <source>https://govtrack.us/congress/bills/112/hr4310</source>
  <vote>Aye</vote>
  <result>Agreed to</result>
  <required>1/2</required>
  </bill>
    <bill number="4310" session="112" type="h">
  <roll where="house" session="112" year="2012" roll="284" source="house.gov"
  datetime="2012-05-18T10:38:00-04:00" updated="2014-02-17T08:54:41-05:00"
  aye="226" nay="196" nv="9" present="0"/>
  <question>On Agreeing to the Amendment: Amendment 31 to H R 4310</question>
  <source>https://govtrack.us/congress/bills/112/hr4310</source>
  <vote>No</vote>
  <result>Agreed to</result>
  <required>1/2</required>
  </bill>
    <bill number="4310" session="112" type="h">
  <roll where="house" session="112" year="2012" roll="285" source="house.gov"
  datetime="2012-05-18T10:43:00-04:00" updated="2014-02-17T08:54:41-05:00"
  aye="77" nay="344" nv="10" present="0"/>
  <question>On Agreeing to the Amendment: Amendment 32 to H R 4310</question>
  <source>https://govtrack.us/congress/bills/112/hr4310</source>
  <vote>No</vote>
  <result>Failed</result>
  <required>1/2</required>
  </bill>
    <bill number="4310" session="112" type="h">
  <roll where="house" session="112" year="2012" roll="286" source="house.gov"
  datetime="2012-05-18T10:47:00-04:00" updated="2014-02-17T08:54:41-05:00"
  aye="241" nay="181" nv="9" present="0"/>
  <question>On Agreeing to the Amendment: Amendment 37 to H R 4310</question>
  <source>https://govtrack.us/congress/bills/112/hr4310</source>
  <vote>Aye</vote>
  <result>Agreed to</result>
  <required>1/2</required>
  </bill>
    <bill number="4310" session="112" type="h">
  <roll where="house" session="112" year="2012" roll="287" source="house.gov"
  datetime="2012-05-18T10:51:00-04:00" updated="2014-02-17T08:54:41-05:00"
  aye="121" nay="300" nv="10" present="0"/>
  <question>On Agreeing to the Amendment: Amendment 38 to H R 4310</question>
  <source>https://govtrack.us/congress/bills/112/hr4310</source>
  <vote>No</vote>
  <result>Failed</result>
  <required>1/2</required>
  </bill>
    <bill number="4310" session="112" type="h">
  <roll where="house" session="112" year="2012" roll="288" source="house.gov"
  datetime="2012-05-18T12:01:00-04:00" updated="2014-02-17T08:54:41-05:00"
  aye="238" nay="162" nv="31" present="0"/>
  <question>On Agreeing to the Amendment: Amendment 42 to H R 4310</question>
  <source>https://govtrack.us/congress/bills/112/hr4310</source>
  <vote>Aye</vote>
  <result>Agreed to</result>
  <required>1/2</required>
  </bill>
    <bill number="4310" session="112" type="h">
  <roll where="house" session="112" year="2012" roll="289" source="house.gov"
  datetime="2012-05-18T12:07:00-04:00" updated="2014-02-17T08:54:41-05:00"
  aye="379" nay="38" nv="14" present="0"/>
  <question>On Agreeing to the Amendment: Amendment 44 to H R 4310</question>
  <source>https://govtrack.us/congress/bills/112/hr4310</source>
  <vote>Aye</vote>
  <result>Agreed to</result>
  <required>1/2</required>
  </bill>
    <bill number="4310" session="112" type="h">
  <roll where="house" session="112" year="2012" roll="290" source="house.gov"
  datetime="2012-05-18T12:38:00-04:00" updated="2014-02-17T08:54:41-05:00"
  aye="182" nay="236" nv="13" present="0"/>
  <question>On Motion to Recommit with Instructions: H R 4310 National Defense Authorization Act for Fiscal Year 2013</question>
  <source>https://govtrack.us/congress/bills/112/hr4310</source>
  <vote>No</vote>
  <result>Failed</result>
  <required>1/2</required>
  </bill>
    <bill number="4310" session="112" type="h">
  <roll where="house" session="112" year="2012" roll="291" source="house.gov"
  datetime="2012-05-18T12:46:00-04:00" updated="2014-02-17T08:54:40-05:00"
  aye="299" nay="120" nv="12" present="0"/>
  <question>On Passage: H R 4310 National Defense Authorization Act for Fiscal Year 2013</question>
  <source>https://govtrack.us/congress/bills/112/hr4310</source>
  <vote>Aye</vote>
  <result>Passed</result>
  <required>1/2</required>
  </bill>
    <bill number="5855" session="112" type="h">
  <roll where="house" session="112" year="2012" roll="345" source="house.gov"
  datetime="2012-06-06T23:04:00-04:00" updated="2014-02-17T08:54:35-05:00"
  aye="154" nay="260" nv="17" present="0"/>
  <question>On Agreeing to the Amendment: Amendment 2 to H R 5855</question>
  <source>https://govtrack.us/congress/bills/112/hr5855</source>
  <vote>No</vote>
  <result>Failed</result>
  <required>1/2</required>
  </bill>
    <bill number="5855" session="112" type="h">
  <roll where="house" session="112" year="2012" roll="346" source="house.gov"
  datetime="2012-06-06T23:08:00-04:00" updated="2014-02-17T08:54:35-05:00"
  aye="140" nay="273" nv="18" present="0"/>
  <question>On Agreeing to the Amendment: Amendment 3 to H R 5855</question>
  <source>https://govtrack.us/congress/bills/112/hr5855</source>
  <vote>Aye</vote>
  <result>Failed</result>
  <required>1/2</required>
  </bill>
    <bill number="5855" session="112" type="h">
  <roll where="house" session="112" year="2012" roll="347" source="house.gov"
  datetime="2012-06-06T23:12:00-04:00" updated="2014-02-17T08:54:35-05:00"
  aye="173" nay="240" nv="18" present="0"/>
  <question>On Agreeing to the Amendment: Amendment 4 to H R 5855</question>
  <source>https://govtrack.us/congress/bills/112/hr5855</source>
  <vote>No</vote>
  <result>Failed</result>
  <required>1/2</required>
  </bill>
    <bill number="5855" session="112" type="h">
  <roll where="house" session="112" year="2012" roll="348" source="house.gov"
  datetime="2012-06-06T23:15:00-04:00" updated="2014-02-17T08:54:35-05:00"
  aye="211" nay="202" nv="18" present="0"/>
  <question>On Agreeing to the Amendment: Amendment 6 to H R 5855</question>
  <source>https://govtrack.us/congress/bills/112/hr5855</source>
  <vote>No</vote>
  <result>Agreed to</result>
  <required>1/2</required>
  </bill>
    <bill number="5855" session="112" type="h">
  <roll where="house" session="112" year="2012" roll="349" source="house.gov"
  datetime="2012-06-06T23:18:00-04:00" updated="2014-02-17T08:54:34-05:00"
  aye="159" nay="254" nv="18" present="0"/>
  <question>On Agreeing to the Amendment: Amendment 14 to H R 5855</question>
  <source>https://govtrack.us/congress/bills/112/hr5855</source>
  <vote>No</vote>
  <result>Failed</result>
  <required>1/2</required>
  </bill>
    <bill number="5855" session="112" type="h">
  <roll where="house" session="112" year="2012" roll="350" source="house.gov"
  datetime="2012-06-06T23:21:00-04:00" updated="2014-02-17T08:54:34-05:00"
  aye="156" nay="261" nv="14" present="0"/>
  <question>On Agreeing to the Amendment: Amendment 10 to H R 5855</question>
  <source>https://govtrack.us/congress/bills/112/hr5855</source>
  <vote>No</vote>
  <result>Failed</result>
  <required>1/2</required>
  </bill>
    <bill number="5855" session="112" type="h">
  <roll where="house" session="112" year="2012" roll="351" source="house.gov"
  datetime="2012-06-06T23:24:00-04:00" updated="2014-02-17T08:54:34-05:00"
  aye="144" nay="273" nv="14" present="0"/>
  <question>On Agreeing to the Amendment: Amendment 22 to H R 5855</question>
  <source>https://govtrack.us/congress/bills/112/hr5855</source>
  <vote>No</vote>
  <result>Failed</result>
  <required>1/2</required>
  </bill>
    <bill number="5855" session="112" type="h">
  <roll where="house" session="112" year="2012" roll="352" source="house.gov"
  datetime="2012-06-06T23:27:00-04:00" updated="2014-02-17T08:54:34-05:00"
  aye="302" nay="113" nv="16" present="0"/>
  <question>On Agreeing to the Amendment: Amendment 7 to H R 5855</question>
  <source>https://govtrack.us/congress/bills/112/hr5855</source>
  <vote>Aye</vote>
  <result>Agreed to</result>
  <required>1/2</required>
  </bill>
    <bill number="5855" session="112" type="h">
  <roll where="house" session="112" year="2012" roll="353" source="house.gov"
  datetime="2012-06-06T23:30:00-04:00" updated="2014-02-17T08:54:34-05:00"
  aye="230" nay="186" nv="15" present="0"/>
  <question>On Agreeing to the Amendment: Amendment 11 to H R 5855</question>
  <source>https://govtrack.us/congress/bills/112/hr5855</source>
  <vote>Aye</vote>
  <result>Agreed to</result>
  <required>1/2</required>
  </bill>
    <bill number="5855" session="112" type="h">
  <roll where="house" session="112" year="2012" roll="354" source="house.gov"
  datetime="2012-06-06T23:33:00-04:00" updated="2014-02-17T08:54:34-05:00"
  aye="167" nay="249" nv="15" present="0"/>
  <question>On Agreeing to the Amendment: Amendment 12 to H R 5855</question>
  <source>https://govtrack.us/congress/bills/112/hr5855</source>
  <vote>No</vote>
  <result>Failed</result>
  <required>1/2</required>
  </bill>
    <bill number="5855" session="112" type="h">
  <roll where="house" session="112" year="2012" roll="355" source="house.gov"
  datetime="2012-06-06T23:36:00-04:00" updated="2014-02-17T08:54:34-05:00"
  aye="60" nay="355" nv="16" present="0"/>
  <question>On Agreeing to the Amendment: Amendment 18 to H R 5855</question>
  <source>https://govtrack.us/congress/bills/112/hr5855</source>
  <vote>No</vote>
  <result>Failed</result>
  <required>1/2</required>
  </bill>
    <bill number="5855" session="112" type="h">
  <roll where="house" session="112" year="2012" roll="356" source="house.gov"
  datetime="2012-06-06T23:41:00-04:00" updated="2014-02-17T08:54:34-05:00"
  aye="150" nay="266" nv="15" present="0"/>
  <question>On Agreeing to the Amendment: Amendment 23 to H R 5855</question>
  <source>https://govtrack.us/congress/bills/112/hr5855</source>
  <vote>No</vote>
  <result>Failed</result>
  <required>1/2</required>
  </bill>
    <bill number="5855" session="112" type="h">
  <roll where="house" session="112" year="2012" roll="357" source="house.gov"
  datetime="2012-06-06T23:44:00-04:00" updated="2014-02-17T08:54:34-05:00"
  aye="166" nay="245" nv="20" present="0"/>
  <question>On Agreeing to the Amendment: Amendment 24 to H R 5855</question>
  <source>https://govtrack.us/congress/bills/112/hr5855</source>
  <vote>No</vote>
  <result>Failed</result>
  <required>1/2</required>
  </bill>
    <bill number="5855" session="112" type="h">
  <roll where="house" session="112" year="2012" roll="362" source="house.gov"
  datetime="2012-06-07T21:07:00-04:00" updated="2014-02-17T08:54:33-05:00"
  aye="224" nay="189" nv="18" present="0"/>
  <question>On Agreeing to the Amendment: Amendment 32 to H R 5855</question>
  <source>https://govtrack.us/congress/bills/112/hr5855</source>
  <vote>Aye</vote>
  <result>Agreed to</result>
  <required>1/2</required>
  </bill>
    <bill number="5855" session="112" type="h">
  <roll where="house" session="112" year="2012" roll="363" source="house.gov"
  datetime="2012-06-07T21:12:00-04:00" updated="2014-02-17T08:54:33-05:00"
  aye="238" nay="175" nv="18" present="0"/>
  <question>On Agreeing to the Amendment: Amendment 33 to H R 5855</question>
  <source>https://govtrack.us/congress/bills/112/hr5855</source>
  <vote>Aye</vote>
  <result>Agreed to</result>
  <required>1/2</required>
  </bill>
    <bill number="5855" session="112" type="h">
  <roll where="house" session="112" year="2012" roll="364" source="house.gov"
  datetime="2012-06-07T21:16:00-04:00" updated="2014-02-17T08:54:33-05:00"
  aye="131" nay="282" nv="18" present="0"/>
  <question>On Agreeing to the Amendment: Amendment 34 to H R 5855</question>
  <source>https://govtrack.us/congress/bills/112/hr5855</source>
  <vote>Aye</vote>
  <result>Failed</result>
  <required>1/2</required>
  </bill>
    <bill number="5855" session="112" type="h">
  <roll where="house" session="112" year="2012" roll="365" source="house.gov"
  datetime="2012-06-07T21:22:00-04:00" updated="2014-02-17T08:54:33-05:00"
  aye="204" nay="210" nv="17" present="0"/>
  <question>On Agreeing to the Amendment: Amendment 35 to H R 5855</question>
  <source>https://govtrack.us/congress/bills/112/hr5855</source>
  <vote>Aye</vote>
  <result>Failed</result>
  <required>1/2</required>
  </bill>
    <bill number="5855" session="112" type="h">
  <roll where="house" session="112" year="2012" roll="366" source="house.gov"
  datetime="2012-06-07T21:26:00-04:00" updated="2014-02-17T08:54:33-05:00"
  aye="250" nay="164" nv="17" present="0"/>
  <question>On Agreeing to the Amendment: Amendment 37 to H R 5855</question>
  <source>https://govtrack.us/congress/bills/112/hr5855</source>
  <vote>Aye</vote>
  <result>Agreed to</result>
  <required>1/2</required>
  </bill>
    <bill number="5855" session="112" type="h">
  <roll where="house" session="112" year="2012" roll="367" source="house.gov"
  datetime="2012-06-07T21:30:00-04:00" updated="2014-02-17T08:54:33-05:00"
  aye="101" nay="314" nv="16" present="0"/>
  <question>On Agreeing to the Amendment: Amendment 40 to H R 5855</question>
  <source>https://govtrack.us/congress/bills/112/hr5855</source>
  <vote>Aye</vote>
  <result>Failed</result>
  <required>1/2</required>
  </bill>
    <bill number="5855" session="112" type="h">
  <roll where="house" session="112" year="2012" roll="368" source="house.gov"
  datetime="2012-06-07T21:33:00-04:00" updated="2014-02-17T08:54:33-05:00"
  aye="99" nay="316" nv="16" present="0"/>
  <question>On Agreeing to the Amendment: Amendment 41 to H R 5855</question>
  <source>https://govtrack.us/congress/bills/112/hr5855</source>
  <vote>Aye</vote>
  <result>Failed</result>
  <required>1/2</required>
  </bill>
    <bill number="5855" session="112" type="h">
  <roll where="house" session="112" year="2012" roll="369" source="house.gov"
  datetime="2012-06-07T21:59:00-04:00" updated="2014-02-17T08:54:33-05:00"
  aye="165" nay="251" nv="15" present="0"/>
  <question>On Motion to Recommit with Instructions: H R 5855 Making appropriations for the Department of Homeland Security for the fiscal year ending September 30, 2013, and for other purposes</question>
  <source>https://govtrack.us/congress/bills/112/hr5855</source>
  <vote>No</vote>
  <result>Failed</result>
  <required>1/2</required>
  </bill>
    <bill number="5855" session="112" type="h">
  <roll where="house" session="112" year="2012" roll="370" source="house.gov"
  datetime="2012-06-07T22:07:00-04:00" updated="2014-02-17T08:54:32-05:00"
  aye="234" nay="182" nv="15" present="0"/>
  <question>On Passage: H R 5855 Making appropriations for the Department of Homeland Security for the fiscal year ending September 30, 2013, and for other purposes</question>
  <source>https://govtrack.us/congress/bills/112/hr5855</source>
  <vote>Yea</vote>
  <result>Passed</result>
  <required>1/2</required>
  </bill>
    <bill number="5856" session="112" type="h">
  <roll where="house" session="112" year="2012" roll="472" source="house.gov"
  datetime="2012-07-18T21:35:00-04:00" updated="2014-02-17T08:54:19-05:00"
  aye="166" nay="250" nv="15" present="0"/>
  <question>On Agreeing to the Amendment: Amendment 1 to H R 5856</question>
  <source>https://govtrack.us/congress/bills/112/hr5856</source>
  <vote>No</vote>
  <result>Failed</result>
  <required>1/2</required>
  </bill>
    <bill number="5856" session="112" type="h">
  <roll where="house" session="112" year="2012" roll="473" source="house.gov"
  datetime="2012-07-18T21:40:00-04:00" updated="2014-02-17T08:54:18-05:00"
  aye="202" nay="216" nv="13" present="0"/>
  <question>On Agreeing to the Amendment: Amendment 3 to H R 5856</question>
  <source>https://govtrack.us/congress/bills/112/hr5856</source>
  <vote>No</vote>
  <result>Failed</result>
  <required>1/2</required>
  </bill>
    <bill number="5856" session="112" type="h">
  <roll where="house" session="112" year="2012" roll="474" source="house.gov"
  datetime="2012-07-18T21:45:00-04:00" updated="2014-02-17T08:54:18-05:00"
  aye="60" nay="359" nv="12" present="0"/>
  <question>On Agreeing to the Amendment: Amendment 14 to H R 5856</question>
  <source>https://govtrack.us/congress/bills/112/hr5856</source>
  <vote>No</vote>
  <result>Failed</result>
  <required>1/2</required>
  </bill>
    <bill number="5856" session="112" type="h">
  <roll where="house" session="112" year="2012" roll="475" source="house.gov"
  datetime="2012-07-18T21:49:00-04:00" updated="2014-02-17T08:54:18-05:00"
  aye="145" nay="273" nv="13" present="0"/>
  <question>On Agreeing to the Amendment: Amendment 15 to H R 5856</question>
  <source>https://govtrack.us/congress/bills/112/hr5856</source>
  <vote>No</vote>
  <result>Failed</result>
  <required>1/2</required>
  </bill>
    <bill number="5856" session="112" type="h">
  <roll where="house" session="112" year="2012" roll="476" source="house.gov"
  datetime="2012-07-18T21:54:00-04:00" updated="2014-02-17T08:54:18-05:00"
  aye="137" nay="282" nv="12" present="0"/>
  <question>On Agreeing to the Amendment: Amendment 16 to H R 5856</question>
  <source>https://govtrack.us/congress/bills/112/hr5856</source>
  <vote>Aye</vote>
  <result>Failed</result>
  <required>1/2</required>
  </bill>
    <bill number="5856" session="112" type="h">
  <roll where="house" session="112" year="2012" roll="477" source="house.gov"
  datetime="2012-07-18T21:58:00-04:00" updated="2014-02-17T08:54:18-05:00"
  aye="150" nay="268" nv="13" present="0"/>
  <question>On Agreeing to the Amendment: Amendment 17 to H R 5856</question>
  <source>https://govtrack.us/congress/bills/112/hr5856</source>
  <vote>No</vote>
  <result>Failed</result>
  <required>1/2</required>
  </bill>
    <bill number="5856" session="112" type="h">
  <roll where="house" session="112" year="2012" roll="478" source="house.gov"
  datetime="2012-07-18T22:01:00-04:00" updated="2014-02-17T08:54:18-05:00"
  aye="186" nay="233" nv="12" present="0"/>
  <question>On Agreeing to the Amendment: Amendment 18 to H R 5856</question>
  <source>https://govtrack.us/congress/bills/112/hr5856</source>
  <vote>Aye</vote>
  <result>Failed</result>
  <required>1/2</required>
  </bill>
    <bill number="5856" session="112" type="h">
  <roll where="house" session="112" year="2012" roll="479" source="house.gov"
  datetime="2012-07-18T22:06:00-04:00" updated="2014-02-17T08:54:18-05:00"
  aye="228" nay="191" nv="12" present="0"/>
  <question>On Agreeing to the Amendment: Amendment 24 to H R 5856</question>
  <source>https://govtrack.us/congress/bills/112/hr5856</source>
  <vote>Aye</vote>
  <result>Agreed to</result>
  <required>1/2</required>
  </bill>
    <bill number="5856" session="112" type="h">
  <roll where="house" session="112" year="2012" roll="480" source="house.gov"
  datetime="2012-07-18T22:09:00-04:00" updated="2014-02-17T08:54:18-05:00"
  aye="149" nay="270" nv="12" present="0"/>
  <question>On Agreeing to the Amendment: Amendment 23 to H R 5856</question>
  <source>https://govtrack.us/congress/bills/112/hr5856</source>
  <vote>No</vote>
  <result>Failed</result>
  <required>1/2</required>
  </bill>
    <bill number="5856" session="112" type="h">
  <roll where="house" session="112" year="2012" roll="481" source="house.gov"
  datetime="2012-07-18T22:13:00-04:00" updated="2014-02-17T08:54:18-05:00"
  aye="114" nay="302" nv="15" present="0"/>
  <question>On Agreeing to the Amendment: Amendment 27 to H R 5856</question>
  <source>https://govtrack.us/congress/bills/112/hr5856</source>
  <vote>No</vote>
  <result>Failed</result>
  <required>1/2</required>
  </bill>
    <bill number="5856" session="112" type="h">
  <roll where="house" session="112" year="2012" roll="482" source="house.gov"
  datetime="2012-07-18T22:16:00-04:00" updated="2014-02-17T08:54:17-05:00"
  aye="136" nay="283" nv="12" present="0"/>
  <question>On Agreeing to the Amendment: Amendment 28 to H R 5856</question>
  <source>https://govtrack.us/congress/bills/112/hr5856</source>
  <vote>No</vote>
  <result>Failed</result>
  <required>1/2</required>
  </bill>
    <bill number="5856" session="112" type="h">
  <roll where="house" session="112" year="2012" roll="483" source="house.gov"
  datetime="2012-07-18T22:19:00-04:00" updated="2014-02-17T08:54:17-05:00"
  aye="106" nay="311" nv="14" present="0"/>
  <question>On Agreeing to the Amendment: Amendment 29 to H R 5856</question>
  <source>https://govtrack.us/congress/bills/112/hr5856</source>
  <vote>No</vote>
  <result>Failed</result>
  <required>1/2</required>
  </bill>
    <bill number="5856" session="112" type="h">
  <roll where="house" session="112" year="2012" roll="484" source="house.gov"
  datetime="2012-07-18T22:22:00-04:00" updated="2014-02-17T08:54:17-05:00"
  aye="91" nay="328" nv="12" present="0"/>
  <question>On Agreeing to the Amendment: Amendment 34 to H R 5856</question>
  <source>https://govtrack.us/congress/bills/112/hr5856</source>
  <vote>No</vote>
  <result>Failed</result>
  <required>1/2</required>
  </bill>
    <bill number="5856" session="112" type="h">
  <roll where="house" session="112" year="2012" roll="485" source="house.gov"
  datetime="2012-07-18T22:25:00-04:00" updated="2014-02-17T08:54:17-05:00"
  aye="107" nay="312" nv="12" present="0"/>
  <question>On Agreeing to the Amendment: Amendment 37 to H R 5856</question>
  <source>https://govtrack.us/congress/bills/112/hr5856</source>
  <vote>No</vote>
  <result>Failed</result>
  <required>1/2</required>
  </bill>
    <bill number="5856" session="112" type="h">
  <roll where="house" session="112" year="2012" roll="486" source="house.gov"
  datetime="2012-07-18T22:29:00-04:00" updated="2014-02-17T08:54:17-05:00"
  aye="182" nay="235" nv="14" present="0"/>
  <question>On Agreeing to the Amendment: Amendment 38 to H R 5856</question>
  <source>https://govtrack.us/congress/bills/112/hr5856</source>
  <vote>Aye</vote>
  <result>Failed</result>
  <required>1/2</required>
  </bill>
    <bill number="5856" session="112" type="h">
  <roll where="house" session="112" year="2012" roll="487" source="house.gov"
  datetime="2012-07-19T18:15:00-04:00" updated="2014-02-17T08:54:17-05:00"
  aye="247" nay="166" nv="18" present="0"/>
  <question>On Agreeing to the Amendment: Amendment 39 to H R 5856</question>
  <source>https://govtrack.us/congress/bills/112/hr5856</source>
  <vote>Aye</vote>
  <result>Agreed to</result>
  <required>1/2</required>
  </bill>
    <bill number="5856" session="112" type="h">
  <roll where="house" session="112" year="2012" roll="488" source="house.gov"
  datetime="2012-07-19T18:19:00-04:00" updated="2014-02-17T08:54:17-05:00"
  aye="87" nay="326" nv="18" present="0"/>
  <question>On Agreeing to the Amendment: Amendment 42 to H R 5856</question>
  <source>https://govtrack.us/congress/bills/112/hr5856</source>
  <vote>No</vote>
  <result>Failed</result>
  <required>1/2</required>
  </bill>
    <bill number="5856" session="112" type="h">
  <roll where="house" session="112" year="2012" roll="489" source="house.gov"
  datetime="2012-07-19T18:22:00-04:00" updated="2014-02-17T08:54:17-05:00"
  aye="171" nay="243" nv="17" present="0"/>
  <question>On Agreeing to the Amendment: Amendment 44 to H R 5856</question>
  <source>https://govtrack.us/congress/bills/112/hr5856</source>
  <vote>No</vote>
  <result>Failed</result>
  <required>1/2</required>
  </bill>
    <bill number="5856" session="112" type="h">
  <roll where="house" session="112" year="2012" roll="490" source="house.gov"
  datetime="2012-07-19T18:26:00-04:00" updated="2014-02-17T08:54:17-05:00"
  aye="407" nay="5" nv="19" present="0"/>
  <question>On Agreeing to the Amendment: Amendment 46 to H R 5856</question>
  <source>https://govtrack.us/congress/bills/112/hr5856</source>
  <vote>Aye</vote>
  <result>Agreed to</result>
  <required>1/2</required>
  </bill>
    <bill number="5856" session="112" type="h">
  <roll where="house" session="112" year="2012" roll="491" source="house.gov"
  datetime="2012-07-19T18:29:00-04:00" updated="2014-02-17T08:54:17-05:00"
  aye="235" nay="178" nv="18" present="0"/>
  <question>On Agreeing to the Amendment: Amendment 47 to H R 5856</question>
  <source>https://govtrack.us/congress/bills/112/hr5856</source>
  <vote>Aye</vote>
  <result>Agreed to</result>
  <required>1/2</required>
  </bill>
    <bill number="5856" session="112" type="h">
  <roll where="house" session="112" year="2012" roll="492" source="house.gov"
  datetime="2012-07-19T18:32:00-04:00" updated="2014-02-17T08:54:16-05:00"
  aye="123" nay="292" nv="16" present="0"/>
  <question>On Agreeing to the Amendment: Amendment 49 to H R 5856</question>
  <source>https://govtrack.us/congress/bills/112/hr5856</source>
  <vote>No</vote>
  <result>Failed</result>
  <required>1/2</required>
  </bill>
    <bill number="5856" session="112" type="h">
  <roll where="house" session="112" year="2012" roll="493" source="house.gov"
  datetime="2012-07-19T18:35:00-04:00" updated="2014-02-17T08:54:16-05:00"
  aye="232" nay="183" nv="16" present="0"/>
  <question>On Agreeing to the Amendment: Amendment 50 to H R 5856</question>
  <source>https://govtrack.us/congress/bills/112/hr5856</source>
  <vote>Aye</vote>
  <result>Agreed to</result>
  <required>1/2</required>
  </bill>
    <bill number="5856" session="112" type="h">
  <roll where="house" session="112" year="2012" roll="494" source="house.gov"
  datetime="2012-07-19T18:40:00-04:00" updated="2014-02-17T08:54:16-05:00"
  aye="137" nay="278" nv="16" present="0"/>
  <question>On Agreeing to the Amendment: Amendment 53 to H R 5856</question>
  <source>https://govtrack.us/congress/bills/112/hr5856</source>
  <vote>No</vote>
  <result>Failed</result>
  <required>1/2</required>
  </bill>
    <bill number="5856" session="112" type="h">
  <roll where="house" session="112" year="2012" roll="495" source="house.gov"
  datetime="2012-07-19T18:43:00-04:00" updated="2014-02-17T08:54:16-05:00"
  aye="247" nay="167" nv="17" present="0"/>
  <question>On Agreeing to the Amendment: Amendment 54 to H R 5856</question>
  <source>https://govtrack.us/congress/bills/112/hr5856</source>
  <vote>Aye</vote>
  <result>Agreed to</result>
  <required>1/2</required>
  </bill>
    <bill number="5856" session="112" type="h">
  <roll where="house" session="112" year="2012" roll="496" source="house.gov"
  datetime="2012-07-19T18:48:00-04:00" updated="2014-02-17T08:54:16-05:00"
  aye="238" nay="178" nv="15" present="0"/>
  <question>On Agreeing to the Amendment: Amendment 56 to H R 5856</question>
  <source>https://govtrack.us/congress/bills/112/hr5856</source>
  <vote>Aye</vote>
  <result>Agreed to</result>
  <required>1/2</required>
  </bill>
    <bill number="5856" session="112" type="h">
  <roll where="house" session="112" year="2012" roll="497" source="house.gov"
  datetime="2012-07-19T18:52:00-04:00" updated="2014-02-17T08:54:16-05:00"
  aye="399" nay="17" nv="15" present="0"/>
  <question>On Agreeing to the Amendment: Amendment 58 to H R 5856</question>
  <source>https://govtrack.us/congress/bills/112/hr5856</source>
  <vote>Aye</vote>
  <result>Agreed to</result>
  <required>1/2</required>
  </bill>
    <bill number="5856" session="112" type="h">
  <roll where="house" session="112" year="2012" roll="498" source="house.gov"
  datetime="2012-07-19T19:11:00-04:00" updated="2014-02-17T08:54:16-05:00"
  aye="326" nay="90" nv="15" present="0"/>
  <question>On Passage: H R 5856 Making appropriations for the Department of Defense for the fiscal year ending September 30, 2013, and for other purposes</question>
  <source>https://govtrack.us/congress/bills/112/hr5856</source>
  <vote>Yea</vote>
  <result>Passed</result>
  <required>1/2</required>
  </bill>
    <bill number="5949" session="112" type="h">
  <roll where="house" session="112" year="2012" roll="569" source="house.gov"
  datetime="2012-09-12T17:12:00-04:00" updated="2014-02-17T08:54:08-05:00"
  aye="301" nay="118" nv="10" present="0"/>
  <question>On Passage: H R 5949 To extend the FISA Amendments Act of 2008 for five years</question>
  <source>https://govtrack.us/congress/bills/112/hr5949</source>
  <vote>Yea</vote>
  <result>Passed</result>
  <required>1/2</required>
  </bill>
    <bill number="4310" session="112" type="h">
  <roll where="house" session="112" year="2012" roll="624" source="house.gov"
  datetime="2012-12-13T11:23:00-05:00" updated="2014-02-17T08:54:01-05:00"
  aye="399" nay="4" nv="28" present="0"/>
  <question>On Motion to Instruct Conferees: H R 4310 National Defense Authorization Act for Fiscal Year 2013</question>
  <source>https://govtrack.us/congress/bills/112/hr4310</source>
  <vote>Yea</vote>
  <result>Passed</result>
  <required>1/2</required>
  </bill>
    <bill number="4310" session="112" type="h">
  <roll where="house" session="112" year="2012" roll="625" source="house.gov"
  datetime="2012-12-13T11:32:00-05:00" updated="2014-02-17T08:54:01-05:00"
  aye="351" nay="53" nv="27" present="0"/>
  <question>On Motion to Permit Closed Conference Meetings: H R 4310 National Defense Authorization Act for Fiscal Year 2013</question>
  <source>https://govtrack.us/congress/bills/112/hr4310</source>
  <vote>Yea</vote>
  <result>Passed</result>
  <required>1/2</required>
  </bill>
    <bill number="4310" session="112" type="h">
  <roll where="house" session="112" year="2012" roll="645" source="house.gov"
  datetime="2012-12-20T18:43:00-05:00" updated="2014-02-17T08:53:59-05:00"
  aye="315" nay="107" nv="9" present="0"/>
  <question>On Agreeing to the Conference Report: H R 4310 National Defense Authorization Act for Fiscal Year 2013</question>
  <source>https://govtrack.us/congress/bills/112/hr4310</source>
  <vote>Yea</vote>
  <result>Passed</result>
  <required>1/2</required>
  </bill>
  </name>