{
  "Aaron Schock": {
    "COMPUTERS_INTERNET": 0, 
    "DEFENSE_AEROSPACE": 4500, 
    "DEFENSE_ELECTRONICS": 13500, 
    "ELECTRIC_UTILITIES": 11000, 
    "ELECTRONICS_MANUFACTURING": 19000, 
    "MISC_DEFENSE": 2000, 
    "TELEPHONE_UTILITIES": 13000
  }, 
  "Adam B. Schiff": {
    "COMPUTERS_INTERNET": 8500, 
    "DEFENSE_AEROSPACE": 34000, 
    "DEFENSE_ELECTRONICS": 36000, 
    "ELECTRIC_UTILITIES": 13300, 
    "ELECTRONICS_MANUFACTURING": 50500, 
    "MISC_DEFENSE": 22500, 
    "TELEPHONE_UTILITIES": 10000
  }, 
  "Adam Smith": {
    "COMPUTERS_INTERNET": 29500, 
    "DEFENSE_AEROSPACE": 33000, 
    "DEFENSE_ELECTRONICS": 31500, 
    "ELECTRIC_UTILITIES": 0, 
    "ELECTRONICS_MANUFACTURING": 38000, 
    "MISC_DEFENSE": 9500, 
    "TELEPHONE_UTILITIES": 8000
  }, 
  "Adrian Smith": {
    "COMPUTERS_INTERNET": 0, 
    "DEFENSE_AEROSPACE": 5000, 
    "DEFENSE_ELECTRONICS": 3000, 
    "ELECTRIC_UTILITIES": 5000, 
    "ELECTRONICS_MANUFACTURING": 15000, 
    "MISC_DEFENSE": 2000, 
    "TELEPHONE_UTILITIES": 11000
  }, 
  "Al Franken": {
    "COMPUTERS_INTERNET": 0, 
    "DEFENSE_AEROSPACE": 0, 
    "DEFENSE_ELECTRONICS": 0, 
    "ELECTRIC_UTILITIES": 0, 
    "ELECTRONICS_MANUFACTURING": 0, 
    "MISC_DEFENSE": 0, 
    "TELEPHONE_UTILITIES": 0
  }, 
  "Al Green": {
    "COMPUTERS_INTERNET": 1000, 
    "DEFENSE_AEROSPACE": 9000, 
    "DEFENSE_ELECTRONICS": 16500, 
    "ELECTRIC_UTILITIES": 2000, 
    "ELECTRONICS_MANUFACTURING": 17500, 
    "MISC_DEFENSE": 6000, 
    "TELEPHONE_UTILITIES": 14000
  }, 
  "Alan Grayson": {
    "COMPUTERS_INTERNET": 1000, 
    "DEFENSE_AEROSPACE": 0, 
    "DEFENSE_ELECTRONICS": 7000, 
    "ELECTRIC_UTILITIES": 0, 
    "ELECTRONICS_MANUFACTURING": 10000, 
    "MISC_DEFENSE": 0, 
    "TELEPHONE_UTILITIES": 13000
  }, 
  "Albio Sires": {
    "COMPUTERS_INTERNET": 0, 
    "DEFENSE_AEROSPACE": 9000, 
    "DEFENSE_ELECTRONICS": 8000, 
    "ELECTRIC_UTILITIES": 1000, 
    "ELECTRONICS_MANUFACTURING": 20500, 
    "MISC_DEFENSE": 1000, 
    "TELEPHONE_UTILITIES": 9000
  }, 
  "Alcee L. Hastings": {
    "COMPUTERS_INTERNET": 3000, 
    "DEFENSE_AEROSPACE": 9000, 
    "DEFENSE_ELECTRONICS": 17500, 
    "ELECTRIC_UTILITIES": 14500, 
    "ELECTRONICS_MANUFACTURING": 19500, 
    "MISC_DEFENSE": 2500, 
    "TELEPHONE_UTILITIES": 17000
  }, 
  "Allyson Y. Schwartz": {
    "COMPUTERS_INTERNET": 12000, 
    "DEFENSE_AEROSPACE": 31000, 
    "DEFENSE_ELECTRONICS": 34750, 
    "ELECTRIC_UTILITIES": 13000, 
    "ELECTRONICS_MANUFACTURING": 39750, 
    "MISC_DEFENSE": 12000, 
    "TELEPHONE_UTILITIES": 11250
  }, 
  "Amy Klobuchar": {
    "COMPUTERS_INTERNET": 2500, 
    "DEFENSE_AEROSPACE": 4500, 
    "DEFENSE_ELECTRONICS": 3000, 
    "ELECTRIC_UTILITIES": 13000, 
    "ELECTRONICS_MANUFACTURING": 28000, 
    "MISC_DEFENSE": 2000, 
    "TELEPHONE_UTILITIES": 14500
  }, 
  "Ander Crenshaw": {
    "COMPUTERS_INTERNET": 0, 
    "DEFENSE_AEROSPACE": 37500, 
    "DEFENSE_ELECTRONICS": 45500, 
    "ELECTRIC_UTILITIES": 13500, 
    "ELECTRONICS_MANUFACTURING": 16000, 
    "MISC_DEFENSE": 30500, 
    "TELEPHONE_UTILITIES": 9500
  }, 
  "Andr\u00e9 Carson": {
    "COMPUTERS_INTERNET": 0, 
    "DEFENSE_AEROSPACE": 10000, 
    "DEFENSE_ELECTRONICS": 20000, 
    "ELECTRIC_UTILITIES": 3000, 
    "ELECTRONICS_MANUFACTURING": 28500, 
    "MISC_DEFENSE": 7500, 
    "TELEPHONE_UTILITIES": 18500
  }, 
  "Andy Harris": {
    "COMPUTERS_INTERNET": 0, 
    "DEFENSE_AEROSPACE": 1000, 
    "DEFENSE_ELECTRONICS": 0, 
    "ELECTRIC_UTILITIES": 9000, 
    "ELECTRONICS_MANUFACTURING": 0, 
    "MISC_DEFENSE": 0, 
    "TELEPHONE_UTILITIES": 0
  }, 
  "Ann Kirkpatrick": {
    "COMPUTERS_INTERNET": 0, 
    "DEFENSE_AEROSPACE": 0, 
    "DEFENSE_ELECTRONICS": 6000, 
    "ELECTRIC_UTILITIES": 8000, 
    "ELECTRONICS_MANUFACTURING": 10000, 
    "MISC_DEFENSE": 0, 
    "TELEPHONE_UTILITIES": 6000
  }, 
  "Anna G. Eshoo": {
    "COMPUTERS_INTERNET": 93700, 
    "DEFENSE_AEROSPACE": 39000, 
    "DEFENSE_ELECTRONICS": 41200, 
    "ELECTRIC_UTILITIES": 7000, 
    "ELECTRONICS_MANUFACTURING": 83600, 
    "MISC_DEFENSE": 20000, 
    "TELEPHONE_UTILITIES": 19000
  }, 
  "Barbara A. Mikulski": {
    "COMPUTERS_INTERNET": 11000, 
    "DEFENSE_AEROSPACE": 57000, 
    "DEFENSE_ELECTRONICS": 51500, 
    "ELECTRIC_UTILITIES": 5000, 
    "ELECTRONICS_MANUFACTURING": 17000, 
    "MISC_DEFENSE": 56000, 
    "TELEPHONE_UTILITIES": 7000
  }, 
  "Barbara Boxer": {
    "COMPUTERS_INTERNET": 39850, 
    "DEFENSE_AEROSPACE": 10250, 
    "DEFENSE_ELECTRONICS": 12000, 
    "ELECTRIC_UTILITIES": 33200, 
    "ELECTRONICS_MANUFACTURING": 66350, 
    "MISC_DEFENSE": 10750, 
    "TELEPHONE_UTILITIES": 3500
  }, 
  "Barbara Lee": {
    "COMPUTERS_INTERNET": 2000, 
    "DEFENSE_AEROSPACE": 0, 
    "DEFENSE_ELECTRONICS": 1000, 
    "ELECTRIC_UTILITIES": 2000, 
    "ELECTRONICS_MANUFACTURING": 3000, 
    "MISC_DEFENSE": 1000, 
    "TELEPHONE_UTILITIES": 0
  }, 
  "Ben Ray Luj\u00e1n": {
    "COMPUTERS_INTERNET": 2500, 
    "DEFENSE_AEROSPACE": 0, 
    "DEFENSE_ELECTRONICS": 5000, 
    "ELECTRIC_UTILITIES": 8000, 
    "ELECTRONICS_MANUFACTURING": 10000, 
    "MISC_DEFENSE": 0, 
    "TELEPHONE_UTILITIES": 8000
  }, 
  "Benjamin L. Cardin": {
    "COMPUTERS_INTERNET": 2000, 
    "DEFENSE_AEROSPACE": 6000, 
    "DEFENSE_ELECTRONICS": 3000, 
    "ELECTRIC_UTILITIES": 1000, 
    "ELECTRONICS_MANUFACTURING": 8849, 
    "MISC_DEFENSE": 4000, 
    "TELEPHONE_UTILITIES": 0
  }, 
  "Bennie G. Thompson": {
    "COMPUTERS_INTERNET": 39061, 
    "DEFENSE_AEROSPACE": 72000, 
    "DEFENSE_ELECTRONICS": 91500, 
    "ELECTRIC_UTILITIES": 36732, 
    "ELECTRONICS_MANUFACTURING": 67500, 
    "MISC_DEFENSE": 61900, 
    "TELEPHONE_UTILITIES": 20000
  }, 
  "Bernard Sanders": {
    "COMPUTERS_INTERNET": 0, 
    "DEFENSE_AEROSPACE": 0, 
    "DEFENSE_ELECTRONICS": 0, 
    "ELECTRIC_UTILITIES": 0, 
    "ELECTRONICS_MANUFACTURING": 0, 
    "MISC_DEFENSE": 0, 
    "TELEPHONE_UTILITIES": 0
  }, 
  "Betty McCollum": {
    "COMPUTERS_INTERNET": 9000, 
    "DEFENSE_AEROSPACE": 20500, 
    "DEFENSE_ELECTRONICS": 7000, 
    "ELECTRIC_UTILITIES": 1000, 
    "ELECTRONICS_MANUFACTURING": 1500, 
    "MISC_DEFENSE": 6500, 
    "TELEPHONE_UTILITIES": 0
  }, 
  "Bill Cassidy": {
    "COMPUTERS_INTERNET": 0, 
    "DEFENSE_AEROSPACE": 0, 
    "DEFENSE_ELECTRONICS": 0, 
    "ELECTRIC_UTILITIES": 0, 
    "ELECTRONICS_MANUFACTURING": 0, 
    "MISC_DEFENSE": 0, 
    "TELEPHONE_UTILITIES": 0
  }, 
  "Bill Foster": {
    "COMPUTERS_INTERNET": 1000, 
    "DEFENSE_AEROSPACE": 14000, 
    "DEFENSE_ELECTRONICS": 11000, 
    "ELECTRIC_UTILITIES": 14350, 
    "ELECTRONICS_MANUFACTURING": 12000, 
    "MISC_DEFENSE": 5000, 
    "TELEPHONE_UTILITIES": 5000
  }, 
  "Bill Nelson": {
    "COMPUTERS_INTERNET": 4500, 
    "DEFENSE_AEROSPACE": 23000, 
    "DEFENSE_ELECTRONICS": 36000, 
    "ELECTRIC_UTILITIES": 4000, 
    "ELECTRONICS_MANUFACTURING": 38000, 
    "MISC_DEFENSE": 17000, 
    "TELEPHONE_UTILITIES": 23500
  }, 
  "Bill Pascrell Jr.": {
    "COMPUTERS_INTERNET": 0, 
    "DEFENSE_AEROSPACE": 22500, 
    "DEFENSE_ELECTRONICS": 19000, 
    "ELECTRIC_UTILITIES": 2000, 
    "ELECTRONICS_MANUFACTURING": 11500, 
    "MISC_DEFENSE": 13600, 
    "TELEPHONE_UTILITIES": 5000
  }, 
  "Bill Posey": {
    "COMPUTERS_INTERNET": 0, 
    "DEFENSE_AEROSPACE": 16000, 
    "DEFENSE_ELECTRONICS": 23000, 
    "ELECTRIC_UTILITIES": 3000, 
    "ELECTRONICS_MANUFACTURING": 14500, 
    "MISC_DEFENSE": 3000, 
    "TELEPHONE_UTILITIES": 3500
  }, 
  "Bill Shuster": {
    "COMPUTERS_INTERNET": 0, 
    "DEFENSE_AEROSPACE": 24000, 
    "DEFENSE_ELECTRONICS": 21500, 
    "ELECTRIC_UTILITIES": 47500, 
    "ELECTRONICS_MANUFACTURING": 24000, 
    "MISC_DEFENSE": 13000, 
    "TELEPHONE_UTILITIES": 12000
  }, 
  "Blaine Luetkemeyer": {
    "COMPUTERS_INTERNET": 0, 
    "DEFENSE_AEROSPACE": 2500, 
    "DEFENSE_ELECTRONICS": 5000, 
    "ELECTRIC_UTILITIES": 3500, 
    "ELECTRONICS_MANUFACTURING": 6500, 
    "MISC_DEFENSE": 0, 
    "TELEPHONE_UTILITIES": 4500
  }, 
  "Bob Corker": {
    "COMPUTERS_INTERNET": 0, 
    "DEFENSE_AEROSPACE": 10500, 
    "DEFENSE_ELECTRONICS": 7500, 
    "ELECTRIC_UTILITIES": 22500, 
    "ELECTRONICS_MANUFACTURING": 18500, 
    "MISC_DEFENSE": 2000, 
    "TELEPHONE_UTILITIES": 11000
  }, 
  "Bob Goodlatte": {
    "COMPUTERS_INTERNET": 48000, 
    "DEFENSE_AEROSPACE": 8000, 
    "DEFENSE_ELECTRONICS": 9000, 
    "ELECTRIC_UTILITIES": 19000, 
    "ELECTRONICS_MANUFACTURING": 59500, 
    "MISC_DEFENSE": 8000, 
    "TELEPHONE_UTILITIES": 17000
  }, 
  "Bobby L. Rush": {
    "COMPUTERS_INTERNET": 3500, 
    "DEFENSE_AEROSPACE": 3000, 
    "DEFENSE_ELECTRONICS": 14400, 
    "ELECTRIC_UTILITIES": 27500, 
    "ELECTRONICS_MANUFACTURING": 43400, 
    "MISC_DEFENSE": 1500, 
    "TELEPHONE_UTILITIES": 19400
  }, 
  "Brad Sherman": {
    "COMPUTERS_INTERNET": 2000, 
    "DEFENSE_AEROSPACE": 18000, 
    "DEFENSE_ELECTRONICS": 19000, 
    "ELECTRIC_UTILITIES": 8500, 
    "ELECTRONICS_MANUFACTURING": 32000, 
    "MISC_DEFENSE": 12000, 
    "TELEPHONE_UTILITIES": 6500
  }, 
  "Brett Guthrie": {
    "COMPUTERS_INTERNET": 0, 
    "DEFENSE_AEROSPACE": 8000, 
    "DEFENSE_ELECTRONICS": 13500, 
    "ELECTRIC_UTILITIES": 3000, 
    "ELECTRONICS_MANUFACTURING": 4500, 
    "MISC_DEFENSE": 1000, 
    "TELEPHONE_UTILITIES": 5700
  }, 
  "Brian Higgins": {
    "COMPUTERS_INTERNET": 1000, 
    "DEFENSE_AEROSPACE": 9500, 
    "DEFENSE_ELECTRONICS": 13000, 
    "ELECTRIC_UTILITIES": 3000, 
    "ELECTRONICS_MANUFACTURING": 12000, 
    "MISC_DEFENSE": 3000, 
    "TELEPHONE_UTILITIES": 9000
  }, 
  "Brian Schatz": {
    "COMPUTERS_INTERNET": 0, 
    "DEFENSE_AEROSPACE": 0, 
    "DEFENSE_ELECTRONICS": 0, 
    "ELECTRIC_UTILITIES": 0, 
    "ELECTRONICS_MANUFACTURING": 0, 
    "MISC_DEFENSE": 0, 
    "TELEPHONE_UTILITIES": 0
  }, 
  "Bruce L. Braley": {
    "COMPUTERS_INTERNET": 0, 
    "DEFENSE_AEROSPACE": 6000, 
    "DEFENSE_ELECTRONICS": 7500, 
    "ELECTRIC_UTILITIES": 4000, 
    "ELECTRONICS_MANUFACTURING": 12000, 
    "MISC_DEFENSE": 0, 
    "TELEPHONE_UTILITIES": 12500
  }, 
  "C. A. Dutch Ruppersberger": {
    "COMPUTERS_INTERNET": 19900, 
    "DEFENSE_AEROSPACE": 77000, 
    "DEFENSE_ELECTRONICS": 102500, 
    "ELECTRIC_UTILITIES": 20000, 
    "ELECTRONICS_MANUFACTURING": 30500, 
    "MISC_DEFENSE": 58900, 
    "TELEPHONE_UTILITIES": 11000
  }, 
  "Candice S. Miller": {
    "COMPUTERS_INTERNET": 0, 
    "DEFENSE_AEROSPACE": 45000, 
    "DEFENSE_ELECTRONICS": 34200, 
    "ELECTRIC_UTILITIES": 24000, 
    "ELECTRONICS_MANUFACTURING": 4700, 
    "MISC_DEFENSE": 13000, 
    "TELEPHONE_UTILITIES": 1700
  }, 
  "Carl Levin": {
    "COMPUTERS_INTERNET": 14000, 
    "DEFENSE_AEROSPACE": 123901, 
    "DEFENSE_ELECTRONICS": 98750, 
    "ELECTRIC_UTILITIES": 22500, 
    "ELECTRONICS_MANUFACTURING": 40500, 
    "MISC_DEFENSE": 49800, 
    "TELEPHONE_UTILITIES": 5000
  }, 
  "Carol Shea-Porter": {
    "COMPUTERS_INTERNET": 0, 
    "DEFENSE_AEROSPACE": 0, 
    "DEFENSE_ELECTRONICS": 0, 
    "ELECTRIC_UTILITIES": 0, 
    "ELECTRONICS_MANUFACTURING": 0, 
    "MISC_DEFENSE": 0, 
    "TELEPHONE_UTILITIES": 2000
  }, 
  "Carolyn B. Maloney": {
    "COMPUTERS_INTERNET": 9000, 
    "DEFENSE_AEROSPACE": 10000, 
    "DEFENSE_ELECTRONICS": 8000, 
    "ELECTRIC_UTILITIES": 0, 
    "ELECTRONICS_MANUFACTURING": 16500, 
    "MISC_DEFENSE": 0, 
    "TELEPHONE_UTILITIES": 0
  }, 
  "Carolyn McCarthy": {
    "COMPUTERS_INTERNET": 0, 
    "DEFENSE_AEROSPACE": 10944, 
    "DEFENSE_ELECTRONICS": 20444, 
    "ELECTRIC_UTILITIES": 0, 
    "ELECTRONICS_MANUFACTURING": 12500, 
    "MISC_DEFENSE": 6500, 
    "TELEPHONE_UTILITIES": 7000
  }, 
  "Cathy McMorris Rodgers": {
    "COMPUTERS_INTERNET": 11500, 
    "DEFENSE_AEROSPACE": 30500, 
    "DEFENSE_ELECTRONICS": 27500, 
    "ELECTRIC_UTILITIES": 11000, 
    "ELECTRONICS_MANUFACTURING": 31500, 
    "MISC_DEFENSE": 13000, 
    "TELEPHONE_UTILITIES": 12000
  }, 
  "Cedric L. Richmond": {
    "COMPUTERS_INTERNET": 0, 
    "DEFENSE_AEROSPACE": 0, 
    "DEFENSE_ELECTRONICS": 0, 
    "ELECTRIC_UTILITIES": 0, 
    "ELECTRONICS_MANUFACTURING": 0, 
    "MISC_DEFENSE": 0, 
    "TELEPHONE_UTILITIES": 0
  }, 
  "Chaka Fattah": {
    "COMPUTERS_INTERNET": 1000, 
    "DEFENSE_AEROSPACE": 2000, 
    "DEFENSE_ELECTRONICS": 4500, 
    "ELECTRIC_UTILITIES": 19000, 
    "ELECTRONICS_MANUFACTURING": 10000, 
    "MISC_DEFENSE": 1000, 
    "TELEPHONE_UTILITIES": 3500
  }, 
  "Charles B. Rangel": {
    "COMPUTERS_INTERNET": 37700, 
    "DEFENSE_AEROSPACE": 61000, 
    "DEFENSE_ELECTRONICS": 46500, 
    "ELECTRIC_UTILITIES": 60274, 
    "ELECTRONICS_MANUFACTURING": 86500, 
    "MISC_DEFENSE": 14000, 
    "TELEPHONE_UTILITIES": 23500
  }, 
  "Charles E. Schumer": {
    "COMPUTERS_INTERNET": 1000, 
    "DEFENSE_AEROSPACE": 0, 
    "DEFENSE_ELECTRONICS": 2000, 
    "ELECTRIC_UTILITIES": 0, 
    "ELECTRONICS_MANUFACTURING": 3000, 
    "MISC_DEFENSE": 0, 
    "TELEPHONE_UTILITIES": 0
  }, 
  "Charles W. Boustany Jr.": {
    "COMPUTERS_INTERNET": 1000, 
    "DEFENSE_AEROSPACE": 21500, 
    "DEFENSE_ELECTRONICS": 17500, 
    "ELECTRIC_UTILITIES": 18828, 
    "ELECTRONICS_MANUFACTURING": 11000, 
    "MISC_DEFENSE": 6000, 
    "TELEPHONE_UTILITIES": 12000
  }, 
  "Charles W. Dent": {
    "COMPUTERS_INTERNET": 2000, 
    "DEFENSE_AEROSPACE": 16000, 
    "DEFENSE_ELECTRONICS": 19000, 
    "ELECTRIC_UTILITIES": 23000, 
    "ELECTRONICS_MANUFACTURING": 47500, 
    "MISC_DEFENSE": 2215, 
    "TELEPHONE_UTILITIES": 18000
  }, 
  "Chellie Pingree": {
    "COMPUTERS_INTERNET": 0, 
    "DEFENSE_AEROSPACE": 2500, 
    "DEFENSE_ELECTRONICS": 2500, 
    "ELECTRIC_UTILITIES": 0, 
    "ELECTRONICS_MANUFACTURING": 1000, 
    "MISC_DEFENSE": 2500, 
    "TELEPHONE_UTILITIES": 1000
  }, 
  "Chris Van Hollen": {
    "COMPUTERS_INTERNET": 15500, 
    "DEFENSE_AEROSPACE": 42500, 
    "DEFENSE_ELECTRONICS": 41500, 
    "ELECTRIC_UTILITIES": 7000, 
    "ELECTRONICS_MANUFACTURING": 45000, 
    "MISC_DEFENSE": 11000, 
    "TELEPHONE_UTILITIES": 12000
  }, 
  "Christopher H. Smith": {
    "COMPUTERS_INTERNET": 0, 
    "DEFENSE_AEROSPACE": 0, 
    "DEFENSE_ELECTRONICS": 3500, 
    "ELECTRIC_UTILITIES": 0, 
    "ELECTRONICS_MANUFACTURING": 6200, 
    "MISC_DEFENSE": 0, 
    "TELEPHONE_UTILITIES": 5500
  }, 
  "Christopher Murphy": {
    "COMPUTERS_INTERNET": 3000, 
    "DEFENSE_AEROSPACE": 15000, 
    "DEFENSE_ELECTRONICS": 12500, 
    "ELECTRIC_UTILITIES": 0, 
    "ELECTRONICS_MANUFACTURING": 22500, 
    "MISC_DEFENSE": 4000, 
    "TELEPHONE_UTILITIES": 8500
  }, 
  "Chuck Grassley": {
    "COMPUTERS_INTERNET": 4000, 
    "DEFENSE_AEROSPACE": 6000, 
    "DEFENSE_ELECTRONICS": 6000, 
    "ELECTRIC_UTILITIES": 25000, 
    "ELECTRONICS_MANUFACTURING": 13000, 
    "MISC_DEFENSE": 0, 
    "TELEPHONE_UTILITIES": 5000
  }, 
  "Claire McCaskill": {
    "COMPUTERS_INTERNET": 11500, 
    "DEFENSE_AEROSPACE": 23000, 
    "DEFENSE_ELECTRONICS": 32275, 
    "ELECTRIC_UTILITIES": 5000, 
    "ELECTRONICS_MANUFACTURING": 81800, 
    "MISC_DEFENSE": 2000, 
    "TELEPHONE_UTILITIES": 37300
  }, 
  "Colleen W. Hanabusa": {
    "COMPUTERS_INTERNET": 0, 
    "DEFENSE_AEROSPACE": 0, 
    "DEFENSE_ELECTRONICS": 0, 
    "ELECTRIC_UTILITIES": 0, 
    "ELECTRONICS_MANUFACTURING": 0, 
    "MISC_DEFENSE": 0, 
    "TELEPHONE_UTILITIES": 0
  }, 
  "Collin C. Peterson": {
    "COMPUTERS_INTERNET": 0, 
    "DEFENSE_AEROSPACE": 2000, 
    "DEFENSE_ELECTRONICS": 4000, 
    "ELECTRIC_UTILITIES": 7344, 
    "ELECTRONICS_MANUFACTURING": 11000, 
    "MISC_DEFENSE": 1000, 
    "TELEPHONE_UTILITIES": 9000
  }, 
  "Corrine Brown": {
    "COMPUTERS_INTERNET": 0, 
    "DEFENSE_AEROSPACE": 9000, 
    "DEFENSE_ELECTRONICS": 16500, 
    "ELECTRIC_UTILITIES": 4000, 
    "ELECTRONICS_MANUFACTURING": 16500, 
    "MISC_DEFENSE": 9000, 
    "TELEPHONE_UTILITIES": 13500
  }, 
  "Cynthia M. Lummis": {
    "COMPUTERS_INTERNET": 0, 
    "DEFENSE_AEROSPACE": 6500, 
    "DEFENSE_ELECTRONICS": 0, 
    "ELECTRIC_UTILITIES": 2500, 
    "ELECTRONICS_MANUFACTURING": 6500, 
    "MISC_DEFENSE": 2000, 
    "TELEPHONE_UTILITIES": 3000
  }, 
  "Dana Rohrabacher": {
    "COMPUTERS_INTERNET": 0, 
    "DEFENSE_AEROSPACE": 8000, 
    "DEFENSE_ELECTRONICS": 13500, 
    "ELECTRIC_UTILITIES": 2000, 
    "ELECTRONICS_MANUFACTURING": 4000, 
    "MISC_DEFENSE": 2000, 
    "TELEPHONE_UTILITIES": 4000
  }, 
  "Daniel B. Maffei": {
    "COMPUTERS_INTERNET": 3500, 
    "DEFENSE_AEROSPACE": 13000, 
    "DEFENSE_ELECTRONICS": 17000, 
    "ELECTRIC_UTILITIES": 4500, 
    "ELECTRONICS_MANUFACTURING": 34000, 
    "MISC_DEFENSE": 0, 
    "TELEPHONE_UTILITIES": 14500
  }, 
  "Daniel Lipinski": {
    "COMPUTERS_INTERNET": 0, 
    "DEFENSE_AEROSPACE": 10000, 
    "DEFENSE_ELECTRONICS": 14000, 
    "ELECTRIC_UTILITIES": 6500, 
    "ELECTRONICS_MANUFACTURING": 12000, 
    "MISC_DEFENSE": 2800, 
    "TELEPHONE_UTILITIES": 10000
  }, 
  "Daniel Webster": {
    "COMPUTERS_INTERNET": 0, 
    "DEFENSE_AEROSPACE": 0, 
    "DEFENSE_ELECTRONICS": 0, 
    "ELECTRIC_UTILITIES": 0, 
    "ELECTRONICS_MANUFACTURING": 0, 
    "MISC_DEFENSE": 0, 
    "TELEPHONE_UTILITIES": 0
  }, 
  "Danny K. Davis": {
    "COMPUTERS_INTERNET": 0, 
    "DEFENSE_AEROSPACE": 3500, 
    "DEFENSE_ELECTRONICS": 12000, 
    "ELECTRIC_UTILITIES": 10000, 
    "ELECTRONICS_MANUFACTURING": 13500, 
    "MISC_DEFENSE": 2000, 
    "TELEPHONE_UTILITIES": 12500
  }, 
  "Darrell E. Issa": {
    "COMPUTERS_INTERNET": 14500, 
    "DEFENSE_AEROSPACE": 26500, 
    "DEFENSE_ELECTRONICS": 59000, 
    "ELECTRIC_UTILITIES": 34000, 
    "ELECTRONICS_MANUFACTURING": 42500, 
    "MISC_DEFENSE": 16500, 
    "TELEPHONE_UTILITIES": 14000
  }, 
  "Dave Camp": {
    "COMPUTERS_INTERNET": 24000, 
    "DEFENSE_AEROSPACE": 59500, 
    "DEFENSE_ELECTRONICS": 49500, 
    "ELECTRIC_UTILITIES": 62126, 
    "ELECTRONICS_MANUFACTURING": 54000, 
    "MISC_DEFENSE": 6000, 
    "TELEPHONE_UTILITIES": 18000
  }, 
  "David E. Price": {
    "COMPUTERS_INTERNET": 13500, 
    "DEFENSE_AEROSPACE": 49500, 
    "DEFENSE_ELECTRONICS": 66500, 
    "ELECTRIC_UTILITIES": 11000, 
    "ELECTRONICS_MANUFACTURING": 24500, 
    "MISC_DEFENSE": 26000, 
    "TELEPHONE_UTILITIES": 500
  }, 
  "David G. Reichert": {
    "COMPUTERS_INTERNET": 4000, 
    "DEFENSE_AEROSPACE": 26000, 
    "DEFENSE_ELECTRONICS": 26000, 
    "ELECTRIC_UTILITIES": 0, 
    "ELECTRONICS_MANUFACTURING": 34740, 
    "MISC_DEFENSE": 2000, 
    "TELEPHONE_UTILITIES": 9000
  }, 
  "David Loebsack": {
    "COMPUTERS_INTERNET": 0, 
    "DEFENSE_AEROSPACE": 7500, 
    "DEFENSE_ELECTRONICS": 5500, 
    "ELECTRIC_UTILITIES": 11000, 
    "ELECTRONICS_MANUFACTURING": 7500, 
    "MISC_DEFENSE": 1000, 
    "TELEPHONE_UTILITIES": 7500
  }, 
  "David P. Roe": {
    "COMPUTERS_INTERNET": 0, 
    "DEFENSE_AEROSPACE": 0, 
    "DEFENSE_ELECTRONICS": 0, 
    "ELECTRIC_UTILITIES": 0, 
    "ELECTRONICS_MANUFACTURING": 0, 
    "MISC_DEFENSE": 0, 
    "TELEPHONE_UTILITIES": 0
  }, 
  "David Schweikert": {
    "COMPUTERS_INTERNET": 0, 
    "DEFENSE_AEROSPACE": 0, 
    "DEFENSE_ELECTRONICS": 0, 
    "ELECTRIC_UTILITIES": 0, 
    "ELECTRONICS_MANUFACTURING": 1000, 
    "MISC_DEFENSE": 0, 
    "TELEPHONE_UTILITIES": 0
  }, 
  "David Scott": {
    "COMPUTERS_INTERNET": 9000, 
    "DEFENSE_AEROSPACE": 13000, 
    "DEFENSE_ELECTRONICS": 22000, 
    "ELECTRIC_UTILITIES": 15000, 
    "ELECTRONICS_MANUFACTURING": 28500, 
    "MISC_DEFENSE": 3000, 
    "TELEPHONE_UTILITIES": 16500
  }, 
  "David Vitter": {
    "COMPUTERS_INTERNET": 1000, 
    "DEFENSE_AEROSPACE": 8500, 
    "DEFENSE_ELECTRONICS": 5000, 
    "ELECTRIC_UTILITIES": 14000, 
    "ELECTRONICS_MANUFACTURING": 17500, 
    "MISC_DEFENSE": 6000, 
    "TELEPHONE_UTILITIES": 8500
  }, 
  "Dean Heller": {
    "COMPUTERS_INTERNET": 2500, 
    "DEFENSE_AEROSPACE": 4000, 
    "DEFENSE_ELECTRONICS": 15600, 
    "ELECTRIC_UTILITIES": 1000, 
    "ELECTRONICS_MANUFACTURING": 17500, 
    "MISC_DEFENSE": 2000, 
    "TELEPHONE_UTILITIES": 13000
  }, 
  "Debbie Stabenow": {
    "COMPUTERS_INTERNET": 0, 
    "DEFENSE_AEROSPACE": 18000, 
    "DEFENSE_ELECTRONICS": 10000, 
    "ELECTRIC_UTILITIES": 4000, 
    "ELECTRONICS_MANUFACTURING": 5000, 
    "MISC_DEFENSE": 0, 
    "TELEPHONE_UTILITIES": 2000
  }, 
  "Debbie Wasserman Schultz": {
    "COMPUTERS_INTERNET": 17000, 
    "DEFENSE_AEROSPACE": 24000, 
    "DEFENSE_ELECTRONICS": 31000, 
    "ELECTRIC_UTILITIES": 21000, 
    "ELECTRONICS_MANUFACTURING": 58500, 
    "MISC_DEFENSE": 19000, 
    "TELEPHONE_UTILITIES": 21000
  }, 
  "Devin Nunes": {
    "COMPUTERS_INTERNET": 5500, 
    "DEFENSE_AEROSPACE": 10000, 
    "DEFENSE_ELECTRONICS": 13000, 
    "ELECTRIC_UTILITIES": 40100, 
    "ELECTRONICS_MANUFACTURING": 25000, 
    "MISC_DEFENSE": 3000, 
    "TELEPHONE_UTILITIES": 14000
  }, 
  "Diana DeGette": {
    "COMPUTERS_INTERNET": 0, 
    "DEFENSE_AEROSPACE": 6500, 
    "DEFENSE_ELECTRONICS": 6500, 
    "ELECTRIC_UTILITIES": 10000, 
    "ELECTRONICS_MANUFACTURING": 32500, 
    "MISC_DEFENSE": 0, 
    "TELEPHONE_UTILITIES": 4000
  }, 
  "Dianne Feinstein": {
    "COMPUTERS_INTERNET": 5500, 
    "DEFENSE_AEROSPACE": 7000, 
    "DEFENSE_ELECTRONICS": 11500, 
    "ELECTRIC_UTILITIES": 19500, 
    "ELECTRONICS_MANUFACTURING": 15500, 
    "MISC_DEFENSE": 13500, 
    "TELEPHONE_UTILITIES": 5000
  }, 
  "Dina Titus": {
    "COMPUTERS_INTERNET": 0, 
    "DEFENSE_AEROSPACE": 0, 
    "DEFENSE_ELECTRONICS": 6000, 
    "ELECTRIC_UTILITIES": 0, 
    "ELECTRONICS_MANUFACTURING": 7000, 
    "MISC_DEFENSE": 0, 
    "TELEPHONE_UTILITIES": 7000
  }, 
  "Doc Hastings": {
    "COMPUTERS_INTERNET": 4000, 
    "DEFENSE_AEROSPACE": 23500, 
    "DEFENSE_ELECTRONICS": 23500, 
    "ELECTRIC_UTILITIES": 11754, 
    "ELECTRONICS_MANUFACTURING": 16500, 
    "MISC_DEFENSE": 27500, 
    "TELEPHONE_UTILITIES": 9000
  }, 
  "Don Young": {
    "COMPUTERS_INTERNET": 0, 
    "DEFENSE_AEROSPACE": 3000, 
    "DEFENSE_ELECTRONICS": 7000, 
    "ELECTRIC_UTILITIES": 0, 
    "ELECTRONICS_MANUFACTURING": 4000, 
    "MISC_DEFENSE": 4500, 
    "TELEPHONE_UTILITIES": 6300
  }, 
  "Donna F. Edwards": {
    "COMPUTERS_INTERNET": 1500, 
    "DEFENSE_AEROSPACE": 0, 
    "DEFENSE_ELECTRONICS": 0, 
    "ELECTRIC_UTILITIES": 0, 
    "ELECTRONICS_MANUFACTURING": 0, 
    "MISC_DEFENSE": 0, 
    "TELEPHONE_UTILITIES": 0
  }, 
  "Donna M. Christensen": {
    "COMPUTERS_INTERNET": 0, 
    "DEFENSE_AEROSPACE": 0, 
    "DEFENSE_ELECTRONICS": 1000, 
    "ELECTRIC_UTILITIES": 5000, 
    "ELECTRONICS_MANUFACTURING": 0, 
    "MISC_DEFENSE": 0, 
    "TELEPHONE_UTILITIES": 0
  }, 
  "Doris O. Matsui": {
    "COMPUTERS_INTERNET": 9000, 
    "DEFENSE_AEROSPACE": 27000, 
    "DEFENSE_ELECTRONICS": 19000, 
    "ELECTRIC_UTILITIES": 12000, 
    "ELECTRONICS_MANUFACTURING": 32000, 
    "MISC_DEFENSE": 5000, 
    "TELEPHONE_UTILITIES": 11000
  }, 
  "Doug Lamborn": {
    "COMPUTERS_INTERNET": 5250, 
    "DEFENSE_AEROSPACE": 30000, 
    "DEFENSE_ELECTRONICS": 26000, 
    "ELECTRIC_UTILITIES": 6000, 
    "ELECTRONICS_MANUFACTURING": 12500, 
    "MISC_DEFENSE": 17750, 
    "TELEPHONE_UTILITIES": 3000
  }, 
  "Duncan Hunter": {
    "COMPUTERS_INTERNET": 0, 
    "DEFENSE_AEROSPACE": 28500, 
    "DEFENSE_ELECTRONICS": 40250, 
    "ELECTRIC_UTILITIES": 7300, 
    "ELECTRONICS_MANUFACTURING": 13000, 
    "MISC_DEFENSE": 13300, 
    "TELEPHONE_UTILITIES": 10000
  }, 
  "Earl Blumenauer": {
    "COMPUTERS_INTERNET": 14000, 
    "DEFENSE_AEROSPACE": 26500, 
    "DEFENSE_ELECTRONICS": 6500, 
    "ELECTRIC_UTILITIES": 1000, 
    "ELECTRONICS_MANUFACTURING": 32500, 
    "MISC_DEFENSE": 14500, 
    "TELEPHONE_UTILITIES": 4000
  }, 
  "Ed Pastor": {
    "COMPUTERS_INTERNET": 2000, 
    "DEFENSE_AEROSPACE": 46000, 
    "DEFENSE_ELECTRONICS": 48500, 
    "ELECTRIC_UTILITIES": 23000, 
    "ELECTRONICS_MANUFACTURING": 25000, 
    "MISC_DEFENSE": 26000, 
    "TELEPHONE_UTILITIES": 17000
  }, 
  "Ed Perlmutter": {
    "COMPUTERS_INTERNET": 3000, 
    "DEFENSE_AEROSPACE": 17000, 
    "DEFENSE_ELECTRONICS": 26500, 
    "ELECTRIC_UTILITIES": 7500, 
    "ELECTRONICS_MANUFACTURING": 33500, 
    "MISC_DEFENSE": 11500, 
    "TELEPHONE_UTILITIES": 6000
  }, 
  "Ed Whitfield": {
    "COMPUTERS_INTERNET": 9000, 
    "DEFENSE_AEROSPACE": 13500, 
    "DEFENSE_ELECTRONICS": 12000, 
    "ELECTRIC_UTILITIES": 42266, 
    "ELECTRONICS_MANUFACTURING": 49500, 
    "MISC_DEFENSE": 1000, 
    "TELEPHONE_UTILITIES": 27000
  }, 
  "Eddie Bernice Johnson": {
    "COMPUTERS_INTERNET": 2500, 
    "DEFENSE_AEROSPACE": 16000, 
    "DEFENSE_ELECTRONICS": 17500, 
    "ELECTRIC_UTILITIES": 5500, 
    "ELECTRONICS_MANUFACTURING": 13000, 
    "MISC_DEFENSE": 7500, 
    "TELEPHONE_UTILITIES": 11000
  }, 
  "Edward J. Markey": {
    "COMPUTERS_INTERNET": 50000, 
    "DEFENSE_AEROSPACE": 10500, 
    "DEFENSE_ELECTRONICS": 27000, 
    "ELECTRIC_UTILITIES": 6000, 
    "ELECTRONICS_MANUFACTURING": 143000, 
    "MISC_DEFENSE": 0, 
    "TELEPHONE_UTILITIES": 75500
  }, 
  "Edward R. Royce": {
    "COMPUTERS_INTERNET": 7000, 
    "DEFENSE_AEROSPACE": 13500, 
    "DEFENSE_ELECTRONICS": 25000, 
    "ELECTRIC_UTILITIES": 1400, 
    "ELECTRONICS_MANUFACTURING": 15000, 
    "MISC_DEFENSE": 5000, 
    "TELEPHONE_UTILITIES": 9000
  }, 
  "Eleanor Holmes Norton": {
    "COMPUTERS_INTERNET": 0, 
    "DEFENSE_AEROSPACE": 0, 
    "DEFENSE_ELECTRONICS": 0, 
    "ELECTRIC_UTILITIES": 0, 
    "ELECTRONICS_MANUFACTURING": 500, 
    "MISC_DEFENSE": 2000, 
    "TELEPHONE_UTILITIES": 500
  }, 
  "Elijah E. Cummings": {
    "COMPUTERS_INTERNET": 5000, 
    "DEFENSE_AEROSPACE": 33500, 
    "DEFENSE_ELECTRONICS": 31000, 
    "ELECTRIC_UTILITIES": 11000, 
    "ELECTRONICS_MANUFACTURING": 17000, 
    "MISC_DEFENSE": 16500, 
    "TELEPHONE_UTILITIES": 12000
  }, 
  "Eliot L. Engel": {
    "COMPUTERS_INTERNET": 0, 
    "DEFENSE_AEROSPACE": 7500, 
    "DEFENSE_ELECTRONICS": 11500, 
    "ELECTRIC_UTILITIES": 4000, 
    "ELECTRONICS_MANUFACTURING": 38500, 
    "MISC_DEFENSE": 2000, 
    "TELEPHONE_UTILITIES": 29500
  }, 
  "Emanuel Cleaver": {
    "COMPUTERS_INTERNET": 0, 
    "DEFENSE_AEROSPACE": 15000, 
    "DEFENSE_ELECTRONICS": 8000, 
    "ELECTRIC_UTILITIES": 6000, 
    "ELECTRONICS_MANUFACTURING": 19000, 
    "MISC_DEFENSE": 1000, 
    "TELEPHONE_UTILITIES": 13000
  }, 
  "Eni F. H. Faleomavaega": {
    "COMPUTERS_INTERNET": 0, 
    "DEFENSE_AEROSPACE": 0, 
    "DEFENSE_ELECTRONICS": 0, 
    "ELECTRIC_UTILITIES": 0, 
    "ELECTRONICS_MANUFACTURING": 0, 
    "MISC_DEFENSE": 0, 
    "TELEPHONE_UTILITIES": 0
  }, 
  "Eric Cantor": {
    "COMPUTERS_INTERNET": 40300, 
    "DEFENSE_AEROSPACE": 87500, 
    "DEFENSE_ELECTRONICS": 76250, 
    "ELECTRIC_UTILITIES": 39150, 
    "ELECTRONICS_MANUFACTURING": 89500, 
    "MISC_DEFENSE": 37000, 
    "TELEPHONE_UTILITIES": 40250
  }, 
  "Erik Paulsen": {
    "COMPUTERS_INTERNET": 0, 
    "DEFENSE_AEROSPACE": 7500, 
    "DEFENSE_ELECTRONICS": 3000, 
    "ELECTRIC_UTILITIES": 2000, 
    "ELECTRONICS_MANUFACTURING": 13500, 
    "MISC_DEFENSE": 2000, 
    "TELEPHONE_UTILITIES": 10000
  }, 
  "F. James Sensenbrenner Jr.": {
    "COMPUTERS_INTERNET": 8500, 
    "DEFENSE_AEROSPACE": 10000, 
    "DEFENSE_ELECTRONICS": 3500, 
    "ELECTRIC_UTILITIES": 0, 
    "ELECTRONICS_MANUFACTURING": 23500, 
    "MISC_DEFENSE": 3000, 
    "TELEPHONE_UTILITIES": 13000
  }, 
  "Frank A. LoBiondo": {
    "COMPUTERS_INTERNET": 2000, 
    "DEFENSE_AEROSPACE": 39500, 
    "DEFENSE_ELECTRONICS": 56000, 
    "ELECTRIC_UTILITIES": 0, 
    "ELECTRONICS_MANUFACTURING": 26500, 
    "MISC_DEFENSE": 15500, 
    "TELEPHONE_UTILITIES": 6000
  }, 
  "Frank D. Lucas": {
    "COMPUTERS_INTERNET": 0, 
    "DEFENSE_AEROSPACE": 1500, 
    "DEFENSE_ELECTRONICS": 7000, 
    "ELECTRIC_UTILITIES": 12000, 
    "ELECTRONICS_MANUFACTURING": 8000, 
    "MISC_DEFENSE": 0, 
    "TELEPHONE_UTILITIES": 8000
  }, 
  "Frank Pallone Jr.": {
    "COMPUTERS_INTERNET": 7500, 
    "DEFENSE_AEROSPACE": 7000, 
    "DEFENSE_ELECTRONICS": 8500, 
    "ELECTRIC_UTILITIES": 5000, 
    "ELECTRONICS_MANUFACTURING": 53000, 
    "MISC_DEFENSE": 1000, 
    "TELEPHONE_UTILITIES": 15500
  }, 
  "Frank R. Wolf": {
    "COMPUTERS_INTERNET": 23000, 
    "DEFENSE_AEROSPACE": 62000, 
    "DEFENSE_ELECTRONICS": 60000, 
    "ELECTRIC_UTILITIES": 7000, 
    "ELECTRONICS_MANUFACTURING": 27000, 
    "MISC_DEFENSE": 42500, 
    "TELEPHONE_UTILITIES": 8000
  }, 
  "Fred Upton": {
    "COMPUTERS_INTERNET": 4000, 
    "DEFENSE_AEROSPACE": 41500, 
    "DEFENSE_ELECTRONICS": 28500, 
    "ELECTRIC_UTILITIES": 91000, 
    "ELECTRONICS_MANUFACTURING": 75800, 
    "MISC_DEFENSE": 1000, 
    "TELEPHONE_UTILITIES": 26500
  }, 
  "G. K. Butterfield": {
    "COMPUTERS_INTERNET": 5000, 
    "DEFENSE_AEROSPACE": 32250, 
    "DEFENSE_ELECTRONICS": 33950, 
    "ELECTRIC_UTILITIES": 32000, 
    "ELECTRONICS_MANUFACTURING": 53700, 
    "MISC_DEFENSE": 10000, 
    "TELEPHONE_UTILITIES": 26700
  }, 
  "Gary C. Peters": {
    "COMPUTERS_INTERNET": 1000, 
    "DEFENSE_AEROSPACE": 0, 
    "DEFENSE_ELECTRONICS": 6000, 
    "ELECTRIC_UTILITIES": 10000, 
    "ELECTRONICS_MANUFACTURING": 7500, 
    "MISC_DEFENSE": 0, 
    "TELEPHONE_UTILITIES": 5000
  }, 
  "Gary G. Miller": {
    "COMPUTERS_INTERNET": 0, 
    "DEFENSE_AEROSPACE": 0, 
    "DEFENSE_ELECTRONICS": 13500, 
    "ELECTRIC_UTILITIES": 8000, 
    "ELECTRONICS_MANUFACTURING": 12000, 
    "MISC_DEFENSE": 5000, 
    "TELEPHONE_UTILITIES": 11000
  }, 
  "Gene Green": {
    "COMPUTERS_INTERNET": 2000, 
    "DEFENSE_AEROSPACE": 15000, 
    "DEFENSE_ELECTRONICS": 19700, 
    "ELECTRIC_UTILITIES": 41500, 
    "ELECTRONICS_MANUFACTURING": 51200, 
    "MISC_DEFENSE": 1000, 
    "TELEPHONE_UTILITIES": 22700
  }, 
  "George Miller": {
    "COMPUTERS_INTERNET": 13000, 
    "DEFENSE_AEROSPACE": 12000, 
    "DEFENSE_ELECTRONICS": 8500, 
    "ELECTRIC_UTILITIES": 4435, 
    "ELECTRONICS_MANUFACTURING": 20500, 
    "MISC_DEFENSE": 0, 
    "TELEPHONE_UTILITIES": 3000
  }, 
  "Gerald E. Connolly": {
    "COMPUTERS_INTERNET": 4000, 
    "DEFENSE_AEROSPACE": 19500, 
    "DEFENSE_ELECTRONICS": 42800, 
    "ELECTRIC_UTILITIES": 5000, 
    "ELECTRONICS_MANUFACTURING": 18500, 
    "MISC_DEFENSE": 12500, 
    "TELEPHONE_UTILITIES": 7000
  }, 
  "Glenn Thompson": {
    "COMPUTERS_INTERNET": 0, 
    "DEFENSE_AEROSPACE": 0, 
    "DEFENSE_ELECTRONICS": 2500, 
    "ELECTRIC_UTILITIES": 5000, 
    "ELECTRONICS_MANUFACTURING": 4500, 
    "MISC_DEFENSE": 0, 
    "TELEPHONE_UTILITIES": 5500
  }, 
  "Grace F. Napolitano": {
    "COMPUTERS_INTERNET": 2000, 
    "DEFENSE_AEROSPACE": 14500, 
    "DEFENSE_ELECTRONICS": 0, 
    "ELECTRIC_UTILITIES": 6500, 
    "ELECTRONICS_MANUFACTURING": 3000, 
    "MISC_DEFENSE": 4250, 
    "TELEPHONE_UTILITIES": 0
  }, 
  "Greg Walden": {
    "COMPUTERS_INTERNET": 20000, 
    "DEFENSE_AEROSPACE": 24000, 
    "DEFENSE_ELECTRONICS": 14500, 
    "ELECTRIC_UTILITIES": 22229, 
    "ELECTRONICS_MANUFACTURING": 81500, 
    "MISC_DEFENSE": 10500, 
    "TELEPHONE_UTILITIES": 42750
  }, 
  "Gregg Harper": {
    "COMPUTERS_INTERNET": 0, 
    "DEFENSE_AEROSPACE": 1000, 
    "DEFENSE_ELECTRONICS": 7000, 
    "ELECTRIC_UTILITIES": 3000, 
    "ELECTRONICS_MANUFACTURING": 7500, 
    "MISC_DEFENSE": 1000, 
    "TELEPHONE_UTILITIES": 5000
  }, 
  "Gregorio Kilili Camacho Sablan": {
    "COMPUTERS_INTERNET": 0, 
    "DEFENSE_AEROSPACE": 0, 
    "DEFENSE_ELECTRONICS": 0, 
    "ELECTRIC_UTILITIES": 0, 
    "ELECTRONICS_MANUFACTURING": 0, 
    "MISC_DEFENSE": 0, 
    "TELEPHONE_UTILITIES": 0
  }, 
  "Gregory W. Meeks": {
    "COMPUTERS_INTERNET": 21500, 
    "DEFENSE_AEROSPACE": 25000, 
    "DEFENSE_ELECTRONICS": 27500, 
    "ELECTRIC_UTILITIES": 7000, 
    "ELECTRONICS_MANUFACTURING": 47000, 
    "MISC_DEFENSE": 2000, 
    "TELEPHONE_UTILITIES": 21500
  }, 
  "Gus M. Bilirakis": {
    "COMPUTERS_INTERNET": 0, 
    "DEFENSE_AEROSPACE": 15500, 
    "DEFENSE_ELECTRONICS": 22500, 
    "ELECTRIC_UTILITIES": 16000, 
    "ELECTRONICS_MANUFACTURING": 21300, 
    "MISC_DEFENSE": 500, 
    "TELEPHONE_UTILITIES": 15800
  }, 
  "Gwen Moore": {
    "COMPUTERS_INTERNET": 0, 
    "DEFENSE_AEROSPACE": 2000, 
    "DEFENSE_ELECTRONICS": 7500, 
    "ELECTRIC_UTILITIES": 0, 
    "ELECTRONICS_MANUFACTURING": 3000, 
    "MISC_DEFENSE": 0, 
    "TELEPHONE_UTILITIES": 1000
  }, 
  "Harold Rogers": {
    "COMPUTERS_INTERNET": 14500, 
    "DEFENSE_AEROSPACE": 59000, 
    "DEFENSE_ELECTRONICS": 53500, 
    "ELECTRIC_UTILITIES": 19000, 
    "ELECTRONICS_MANUFACTURING": 22500, 
    "MISC_DEFENSE": 18000, 
    "TELEPHONE_UTILITIES": 9500
  }, 
  "Harry Reid": {
    "COMPUTERS_INTERNET": 63800, 
    "DEFENSE_AEROSPACE": 31000, 
    "DEFENSE_ELECTRONICS": 43100, 
    "ELECTRIC_UTILITIES": 1000, 
    "ELECTRONICS_MANUFACTURING": 110000, 
    "MISC_DEFENSE": 26000, 
    "TELEPHONE_UTILITIES": 26500
  }, 
  "Henry A. Waxman": {
    "COMPUTERS_INTERNET": 12500, 
    "DEFENSE_AEROSPACE": 7500, 
    "DEFENSE_ELECTRONICS": 10500, 
    "ELECTRIC_UTILITIES": 10500, 
    "ELECTRONICS_MANUFACTURING": 77000, 
    "MISC_DEFENSE": 6500, 
    "TELEPHONE_UTILITIES": 33500
  }, 
  "Henry C. \"Hank\" Johnson Jr.": {
    "COMPUTERS_INTERNET": 2000, 
    "DEFENSE_AEROSPACE": 8500, 
    "DEFENSE_ELECTRONICS": 13500, 
    "ELECTRIC_UTILITIES": 7000, 
    "ELECTRONICS_MANUFACTURING": 11000, 
    "MISC_DEFENSE": 5500, 
    "TELEPHONE_UTILITIES": 6000
  }, 
  "Henry Cuellar": {
    "COMPUTERS_INTERNET": 7500, 
    "DEFENSE_AEROSPACE": 18500, 
    "DEFENSE_ELECTRONICS": 25000, 
    "ELECTRIC_UTILITIES": 15100, 
    "ELECTRONICS_MANUFACTURING": 30500, 
    "MISC_DEFENSE": 1000, 
    "TELEPHONE_UTILITIES": 20000
  }, 
  "Howard Coble": {
    "COMPUTERS_INTERNET": 8000, 
    "DEFENSE_AEROSPACE": 16500, 
    "DEFENSE_ELECTRONICS": 16500, 
    "ELECTRIC_UTILITIES": 12000, 
    "ELECTRONICS_MANUFACTURING": 28000, 
    "MISC_DEFENSE": 4000, 
    "TELEPHONE_UTILITIES": 15500
  }, 
  "Howard P. \"Buck\" McKeon": {
    "COMPUTERS_INTERNET": 3000, 
    "DEFENSE_AEROSPACE": 44000, 
    "DEFENSE_ELECTRONICS": 45500, 
    "ELECTRIC_UTILITIES": 16000, 
    "ELECTRONICS_MANUFACTURING": 17000, 
    "MISC_DEFENSE": 27000, 
    "TELEPHONE_UTILITIES": 10000
  }, 
  "Ileana Ros-Lehtinen": {
    "COMPUTERS_INTERNET": 4500, 
    "DEFENSE_AEROSPACE": 27500, 
    "DEFENSE_ELECTRONICS": 32000, 
    "ELECTRIC_UTILITIES": 16000, 
    "ELECTRONICS_MANUFACTURING": 30000, 
    "MISC_DEFENSE": 5000, 
    "TELEPHONE_UTILITIES": 14000
  }, 
  "J. Randy Forbes": {
    "COMPUTERS_INTERNET": 5000, 
    "DEFENSE_AEROSPACE": 36900, 
    "DEFENSE_ELECTRONICS": 48100, 
    "ELECTRIC_UTILITIES": 6000, 
    "ELECTRONICS_MANUFACTURING": 15050, 
    "MISC_DEFENSE": 20400, 
    "TELEPHONE_UTILITIES": 8550
  }, 
  "Jack Kingston": {
    "COMPUTERS_INTERNET": 4500, 
    "DEFENSE_AEROSPACE": 59500, 
    "DEFENSE_ELECTRONICS": 49500, 
    "ELECTRIC_UTILITIES": 20000, 
    "ELECTRONICS_MANUFACTURING": 16000, 
    "MISC_DEFENSE": 27000, 
    "TELEPHONE_UTILITIES": 3000
  }, 
  "Jack Reed": {
    "COMPUTERS_INTERNET": 8000, 
    "DEFENSE_AEROSPACE": 80400, 
    "DEFENSE_ELECTRONICS": 70900, 
    "ELECTRIC_UTILITIES": 9500, 
    "ELECTRONICS_MANUFACTURING": 59000, 
    "MISC_DEFENSE": 43400, 
    "TELEPHONE_UTILITIES": 10500
  }, 
  "Jackie Speier": {
    "COMPUTERS_INTERNET": 10500, 
    "DEFENSE_AEROSPACE": 2500, 
    "DEFENSE_ELECTRONICS": 3500, 
    "ELECTRIC_UTILITIES": 4500, 
    "ELECTRONICS_MANUFACTURING": 11000, 
    "MISC_DEFENSE": 2000, 
    "TELEPHONE_UTILITIES": 3500
  }, 
  "James A. Himes": {
    "COMPUTERS_INTERNET": 1000, 
    "DEFENSE_AEROSPACE": 0, 
    "DEFENSE_ELECTRONICS": 3000, 
    "ELECTRIC_UTILITIES": 0, 
    "ELECTRONICS_MANUFACTURING": 5000, 
    "MISC_DEFENSE": 0, 
    "TELEPHONE_UTILITIES": 4000
  }, 
  "James E. Clyburn": {
    "COMPUTERS_INTERNET": 49000, 
    "DEFENSE_AEROSPACE": 98000, 
    "DEFENSE_ELECTRONICS": 87500, 
    "ELECTRIC_UTILITIES": 118500, 
    "ELECTRONICS_MANUFACTURING": 109500, 
    "MISC_DEFENSE": 44500, 
    "TELEPHONE_UTILITIES": 39000
  }, 
  "James E. Risch": {
    "COMPUTERS_INTERNET": 11500, 
    "DEFENSE_AEROSPACE": 16000, 
    "DEFENSE_ELECTRONICS": 11000, 
    "ELECTRIC_UTILITIES": 26500, 
    "ELECTRONICS_MANUFACTURING": 39000, 
    "MISC_DEFENSE": 13000, 
    "TELEPHONE_UTILITIES": 13500
  }, 
  "James M. Inhofe": {
    "COMPUTERS_INTERNET": 2000, 
    "DEFENSE_AEROSPACE": 83500, 
    "DEFENSE_ELECTRONICS": 63000, 
    "ELECTRIC_UTILITIES": 93500, 
    "ELECTRONICS_MANUFACTURING": 20250, 
    "MISC_DEFENSE": 43500, 
    "TELEPHONE_UTILITIES": 12000
  }, 
  "James P. McGovern": {
    "COMPUTERS_INTERNET": 3500, 
    "DEFENSE_AEROSPACE": 5500, 
    "DEFENSE_ELECTRONICS": 12000, 
    "ELECTRIC_UTILITIES": 5000, 
    "ELECTRONICS_MANUFACTURING": 1000, 
    "MISC_DEFENSE": 1500, 
    "TELEPHONE_UTILITIES": 0
  }, 
  "James P. Moran": {
    "COMPUTERS_INTERNET": 42000, 
    "DEFENSE_AEROSPACE": 77000, 
    "DEFENSE_ELECTRONICS": 109000, 
    "ELECTRIC_UTILITIES": 2000, 
    "ELECTRONICS_MANUFACTURING": 29500, 
    "MISC_DEFENSE": 98000, 
    "TELEPHONE_UTILITIES": 6000
  }, 
  "James R. Langevin": {
    "COMPUTERS_INTERNET": 11000, 
    "DEFENSE_AEROSPACE": 27000, 
    "DEFENSE_ELECTRONICS": 45500, 
    "ELECTRIC_UTILITIES": 1000, 
    "ELECTRONICS_MANUFACTURING": 16500, 
    "MISC_DEFENSE": 16500, 
    "TELEPHONE_UTILITIES": 13000
  }, 
  "Janice D. Schakowsky": {
    "COMPUTERS_INTERNET": 0, 
    "DEFENSE_AEROSPACE": 1000, 
    "DEFENSE_ELECTRONICS": 1000, 
    "ELECTRIC_UTILITIES": 0, 
    "ELECTRONICS_MANUFACTURING": 8000, 
    "MISC_DEFENSE": 0, 
    "TELEPHONE_UTILITIES": 0
  }, 
  "Jared Polis": {
    "COMPUTERS_INTERNET": 0, 
    "DEFENSE_AEROSPACE": 0, 
    "DEFENSE_ELECTRONICS": 2000, 
    "ELECTRIC_UTILITIES": 0, 
    "ELECTRONICS_MANUFACTURING": 2000, 
    "MISC_DEFENSE": 0, 
    "TELEPHONE_UTILITIES": 2000
  }, 
  "Jason Chaffetz": {
    "COMPUTERS_INTERNET": 0, 
    "DEFENSE_AEROSPACE": 3500, 
    "DEFENSE_ELECTRONICS": 4500, 
    "ELECTRIC_UTILITIES": 3000, 
    "ELECTRONICS_MANUFACTURING": 6500, 
    "MISC_DEFENSE": 2000, 
    "TELEPHONE_UTILITIES": 2500
  }, 
  "Jeanne Shaheen": {
    "COMPUTERS_INTERNET": 2500, 
    "DEFENSE_AEROSPACE": 0, 
    "DEFENSE_ELECTRONICS": 3500, 
    "ELECTRIC_UTILITIES": 2500, 
    "ELECTRONICS_MANUFACTURING": 22500, 
    "MISC_DEFENSE": 0, 
    "TELEPHONE_UTILITIES": 7500
  }, 
  "Jeb Hensarling": {
    "COMPUTERS_INTERNET": 8000, 
    "DEFENSE_AEROSPACE": 16000, 
    "DEFENSE_ELECTRONICS": 21000, 
    "ELECTRIC_UTILITIES": 10000, 
    "ELECTRONICS_MANUFACTURING": 19000, 
    "MISC_DEFENSE": 5000, 
    "TELEPHONE_UTILITIES": 11000
  }, 
  "Jeff Flake": {
    "COMPUTERS_INTERNET": 4000, 
    "DEFENSE_AEROSPACE": 7000, 
    "DEFENSE_ELECTRONICS": 1500, 
    "ELECTRIC_UTILITIES": 6000, 
    "ELECTRONICS_MANUFACTURING": 7000, 
    "MISC_DEFENSE": 0, 
    "TELEPHONE_UTILITIES": 1500
  }, 
  "Jeff Fortenberry": {
    "COMPUTERS_INTERNET": 0, 
    "DEFENSE_AEROSPACE": -1000, 
    "DEFENSE_ELECTRONICS": 6000, 
    "ELECTRIC_UTILITIES": 0, 
    "ELECTRONICS_MANUFACTURING": 7000, 
    "MISC_DEFENSE": 0, 
    "TELEPHONE_UTILITIES": 10500
  }, 
  "Jeff Merkley": {
    "COMPUTERS_INTERNET": 0, 
    "DEFENSE_AEROSPACE": 0, 
    "DEFENSE_ELECTRONICS": 6000, 
    "ELECTRIC_UTILITIES": 0, 
    "ELECTRONICS_MANUFACTURING": 13000, 
    "MISC_DEFENSE": 0, 
    "TELEPHONE_UTILITIES": 5000
  }, 
  "Jeff Miller": {
    "COMPUTERS_INTERNET": 1500, 
    "DEFENSE_AEROSPACE": 41500, 
    "DEFENSE_ELECTRONICS": 48500, 
    "ELECTRIC_UTILITIES": 26000, 
    "ELECTRONICS_MANUFACTURING": 9000, 
    "MISC_DEFENSE": 27000, 
    "TELEPHONE_UTILITIES": 3000
  }, 
  "Jeff Sessions": {
    "COMPUTERS_INTERNET": 15000, 
    "DEFENSE_AEROSPACE": 105500, 
    "DEFENSE_ELECTRONICS": 70000, 
    "ELECTRIC_UTILITIES": 35000, 
    "ELECTRONICS_MANUFACTURING": 37500, 
    "MISC_DEFENSE": 35500, 
    "TELEPHONE_UTILITIES": 5000
  }, 
  "Jerrold Nadler": {
    "COMPUTERS_INTERNET": 14500, 
    "DEFENSE_AEROSPACE": 9000, 
    "DEFENSE_ELECTRONICS": 0, 
    "ELECTRIC_UTILITIES": 0, 
    "ELECTRONICS_MANUFACTURING": 50500, 
    "MISC_DEFENSE": 11500, 
    "TELEPHONE_UTILITIES": 3000
  }, 
  "Jerry McNerney": {
    "COMPUTERS_INTERNET": 9750, 
    "DEFENSE_AEROSPACE": 10000, 
    "DEFENSE_ELECTRONICS": 24500, 
    "ELECTRIC_UTILITIES": 14750, 
    "ELECTRONICS_MANUFACTURING": 33000, 
    "MISC_DEFENSE": 4500, 
    "TELEPHONE_UTILITIES": 10000
  }, 
  "Jerry Moran": {
    "COMPUTERS_INTERNET": 0, 
    "DEFENSE_AEROSPACE": 9500, 
    "DEFENSE_ELECTRONICS": 23000, 
    "ELECTRIC_UTILITIES": 9000, 
    "ELECTRONICS_MANUFACTURING": 18000, 
    "MISC_DEFENSE": 2500, 
    "TELEPHONE_UTILITIES": 16500
  }, 
  "Jim Cooper": {
    "COMPUTERS_INTERNET": 7500, 
    "DEFENSE_AEROSPACE": 21500, 
    "DEFENSE_ELECTRONICS": 16500, 
    "ELECTRIC_UTILITIES": 1000, 
    "ELECTRONICS_MANUFACTURING": 25500, 
    "MISC_DEFENSE": 0, 
    "TELEPHONE_UTILITIES": 11000
  }, 
  "Jim Costa": {
    "COMPUTERS_INTERNET": 2000, 
    "DEFENSE_AEROSPACE": 3500, 
    "DEFENSE_ELECTRONICS": 13000, 
    "ELECTRIC_UTILITIES": 17000, 
    "ELECTRONICS_MANUFACTURING": 18000, 
    "MISC_DEFENSE": 6000, 
    "TELEPHONE_UTILITIES": 15000
  }, 
  "Jim Gerlach": {
    "COMPUTERS_INTERNET": 11000, 
    "DEFENSE_AEROSPACE": 24000, 
    "DEFENSE_ELECTRONICS": 10000, 
    "ELECTRIC_UTILITIES": 26565, 
    "ELECTRONICS_MANUFACTURING": 45000, 
    "MISC_DEFENSE": 8000, 
    "TELEPHONE_UTILITIES": 17000
  }, 
  "Jim Jordan": {
    "COMPUTERS_INTERNET": 2000, 
    "DEFENSE_AEROSPACE": 19500, 
    "DEFENSE_ELECTRONICS": 18500, 
    "ELECTRIC_UTILITIES": 17000, 
    "ELECTRONICS_MANUFACTURING": 28500, 
    "MISC_DEFENSE": 12100, 
    "TELEPHONE_UTILITIES": 17000
  }, 
  "Jim Matheson": {
    "COMPUTERS_INTERNET": 15000, 
    "DEFENSE_AEROSPACE": 22500, 
    "DEFENSE_ELECTRONICS": 39000, 
    "ELECTRIC_UTILITIES": 36700, 
    "ELECTRONICS_MANUFACTURING": 80000, 
    "MISC_DEFENSE": 12500, 
    "TELEPHONE_UTILITIES": 25500
  }, 
  "Jim McDermott": {
    "COMPUTERS_INTERNET": 4000, 
    "DEFENSE_AEROSPACE": 9000, 
    "DEFENSE_ELECTRONICS": 6000, 
    "ELECTRIC_UTILITIES": 0, 
    "ELECTRONICS_MANUFACTURING": 6000, 
    "MISC_DEFENSE": 0, 
    "TELEPHONE_UTILITIES": 0
  }, 
  "Joe Barton": {
    "COMPUTERS_INTERNET": 18750, 
    "DEFENSE_AEROSPACE": 46250, 
    "DEFENSE_ELECTRONICS": 40250, 
    "ELECTRIC_UTILITIES": 133750, 
    "ELECTRONICS_MANUFACTURING": 94500, 
    "MISC_DEFENSE": 9000, 
    "TELEPHONE_UTILITIES": 35000
  }, 
  "Joe Courtney": {
    "COMPUTERS_INTERNET": 2500, 
    "DEFENSE_AEROSPACE": 47000, 
    "DEFENSE_ELECTRONICS": 51500, 
    "ELECTRIC_UTILITIES": 5500, 
    "ELECTRONICS_MANUFACTURING": 24500, 
    "MISC_DEFENSE": 24000, 
    "TELEPHONE_UTILITIES": 11000
  }, 
  "Joe Donnelly": {
    "COMPUTERS_INTERNET": 0, 
    "DEFENSE_AEROSPACE": 16000, 
    "DEFENSE_ELECTRONICS": 19500, 
    "ELECTRIC_UTILITIES": 10000, 
    "ELECTRONICS_MANUFACTURING": 23500, 
    "MISC_DEFENSE": 11000, 
    "TELEPHONE_UTILITIES": 20500
  }, 
  "Joe Garcia": {
    "COMPUTERS_INTERNET": 0, 
    "DEFENSE_AEROSPACE": 0, 
    "DEFENSE_ELECTRONICS": 0, 
    "ELECTRIC_UTILITIES": 1000, 
    "ELECTRONICS_MANUFACTURING": 0, 
    "MISC_DEFENSE": 0, 
    "TELEPHONE_UTILITIES": 0
  }, 
  "Joe Wilson": {
    "COMPUTERS_INTERNET": 0, 
    "DEFENSE_AEROSPACE": 35250, 
    "DEFENSE_ELECTRONICS": 20750, 
    "ELECTRIC_UTILITIES": 15806, 
    "ELECTRONICS_MANUFACTURING": 15000, 
    "MISC_DEFENSE": 10000, 
    "TELEPHONE_UTILITIES": 13250
  }, 
  "John A. Boehner": {
    "COMPUTERS_INTERNET": 39800, 
    "DEFENSE_AEROSPACE": 75000, 
    "DEFENSE_ELECTRONICS": 65500, 
    "ELECTRIC_UTILITIES": 94500, 
    "ELECTRONICS_MANUFACTURING": 92250, 
    "MISC_DEFENSE": 15500, 
    "TELEPHONE_UTILITIES": 36750
  }, 
  "John A. Yarmuth": {
    "COMPUTERS_INTERNET": 0, 
    "DEFENSE_AEROSPACE": -250, 
    "DEFENSE_ELECTRONICS": 0, 
    "ELECTRIC_UTILITIES": 0, 
    "ELECTRONICS_MANUFACTURING": 5000, 
    "MISC_DEFENSE": 0, 
    "TELEPHONE_UTILITIES": 0
  }, 
  "John Abney Culberson": {
    "COMPUTERS_INTERNET": 4500, 
    "DEFENSE_AEROSPACE": 47500, 
    "DEFENSE_ELECTRONICS": 48000, 
    "ELECTRIC_UTILITIES": 13000, 
    "ELECTRONICS_MANUFACTURING": 17500, 
    "MISC_DEFENSE": 14000, 
    "TELEPHONE_UTILITIES": 11000
  }, 
  "John B. Larson": {
    "COMPUTERS_INTERNET": 5500, 
    "DEFENSE_AEROSPACE": 58000, 
    "DEFENSE_ELECTRONICS": 36000, 
    "ELECTRIC_UTILITIES": 2000, 
    "ELECTRONICS_MANUFACTURING": 40500, 
    "MISC_DEFENSE": 17000, 
    "TELEPHONE_UTILITIES": 12500
  }, 
  "John Barrasso": {
    "COMPUTERS_INTERNET": 4000, 
    "DEFENSE_AEROSPACE": 36000, 
    "DEFENSE_ELECTRONICS": 19000, 
    "ELECTRIC_UTILITIES": 65500, 
    "ELECTRONICS_MANUFACTURING": 46000, 
    "MISC_DEFENSE": 22000, 
    "TELEPHONE_UTILITIES": 14000
  }, 
  "John Barrow": {
    "COMPUTERS_INTERNET": 2000, 
    "DEFENSE_AEROSPACE": 28500, 
    "DEFENSE_ELECTRONICS": 24500, 
    "ELECTRIC_UTILITIES": 32743, 
    "ELECTRONICS_MANUFACTURING": 54500, 
    "MISC_DEFENSE": 16000, 
    "TELEPHONE_UTILITIES": 30000
  }, 
  "John Boozman": {
    "COMPUTERS_INTERNET": 0, 
    "DEFENSE_AEROSPACE": 4500, 
    "DEFENSE_ELECTRONICS": 11000, 
    "ELECTRIC_UTILITIES": 12000, 
    "ELECTRONICS_MANUFACTURING": 11000, 
    "MISC_DEFENSE": 7500, 
    "TELEPHONE_UTILITIES": 12500
  }, 
  "John Campbell": {
    "COMPUTERS_INTERNET": 1000, 
    "DEFENSE_AEROSPACE": 6500, 
    "DEFENSE_ELECTRONICS": 13000, 
    "ELECTRIC_UTILITIES": 4250, 
    "ELECTRONICS_MANUFACTURING": 11000, 
    "MISC_DEFENSE": 1000, 
    "TELEPHONE_UTILITIES": 11000
  }, 
  "John Conyers Jr.": {
    "COMPUTERS_INTERNET": 46000, 
    "DEFENSE_AEROSPACE": 24500, 
    "DEFENSE_ELECTRONICS": 11000, 
    "ELECTRIC_UTILITIES": 14350, 
    "ELECTRONICS_MANUFACTURING": 90868, 
    "MISC_DEFENSE": 0, 
    "TELEPHONE_UTILITIES": 22000
  }, 
  "John Cornyn": {
    "COMPUTERS_INTERNET": 84100, 
    "DEFENSE_AEROSPACE": 129250, 
    "DEFENSE_ELECTRONICS": 109500, 
    "ELECTRIC_UTILITIES": 83800, 
    "ELECTRONICS_MANUFACTURING": 135000, 
    "MISC_DEFENSE": 67826, 
    "TELEPHONE_UTILITIES": 28500
  }, 
  "John D. Dingell": {
    "COMPUTERS_INTERNET": 49000, 
    "DEFENSE_AEROSPACE": 68500, 
    "DEFENSE_ELECTRONICS": 58500, 
    "ELECTRIC_UTILITIES": 186500, 
    "ELECTRONICS_MANUFACTURING": 152000, 
    "MISC_DEFENSE": 11000, 
    "TELEPHONE_UTILITIES": 54500
  }, 
  "John D. Rockefeller, IV": {
    "COMPUTERS_INTERNET": 58000, 
    "DEFENSE_AEROSPACE": 66000, 
    "DEFENSE_ELECTRONICS": 45500, 
    "ELECTRIC_UTILITIES": 31000, 
    "ELECTRONICS_MANUFACTURING": 127000, 
    "MISC_DEFENSE": 30500, 
    "TELEPHONE_UTILITIES": 52500
  }, 
  "John F. Tierney": {
    "COMPUTERS_INTERNET": 0, 
    "DEFENSE_AEROSPACE": 12000, 
    "DEFENSE_ELECTRONICS": 14000, 
    "ELECTRIC_UTILITIES": 1000, 
    "ELECTRONICS_MANUFACTURING": 9500, 
    "MISC_DEFENSE": 500, 
    "TELEPHONE_UTILITIES": 0
  }, 
  "John Fleming": {
    "COMPUTERS_INTERNET": 0, 
    "DEFENSE_AEROSPACE": 0, 
    "DEFENSE_ELECTRONICS": 0, 
    "ELECTRIC_UTILITIES": 1000, 
    "ELECTRONICS_MANUFACTURING": 0, 
    "MISC_DEFENSE": 0, 
    "TELEPHONE_UTILITIES": 0
  }, 
  "John J. Duncan Jr.": {
    "COMPUTERS_INTERNET": 0, 
    "DEFENSE_AEROSPACE": 19000, 
    "DEFENSE_ELECTRONICS": 19500, 
    "ELECTRIC_UTILITIES": 0, 
    "ELECTRONICS_MANUFACTURING": 8000, 
    "MISC_DEFENSE": 13000, 
    "TELEPHONE_UTILITIES": 7000
  }, 
  "John Kline": {
    "COMPUTERS_INTERNET": 4500, 
    "DEFENSE_AEROSPACE": 50000, 
    "DEFENSE_ELECTRONICS": 35000, 
    "ELECTRIC_UTILITIES": 3000, 
    "ELECTRONICS_MANUFACTURING": 26000, 
    "MISC_DEFENSE": 13000, 
    "TELEPHONE_UTILITIES": 12500
  }, 
  "John L. Mica": {
    "COMPUTERS_INTERNET": 0, 
    "DEFENSE_AEROSPACE": 60500, 
    "DEFENSE_ELECTRONICS": 60000, 
    "ELECTRIC_UTILITIES": 12000, 
    "ELECTRONICS_MANUFACTURING": 28000, 
    "MISC_DEFENSE": 33500, 
    "TELEPHONE_UTILITIES": 9000
  }, 
  "John Lewis": {
    "COMPUTERS_INTERNET": 5000, 
    "DEFENSE_AEROSPACE": 22500, 
    "DEFENSE_ELECTRONICS": 16500, 
    "ELECTRIC_UTILITIES": 6000, 
    "ELECTRONICS_MANUFACTURING": 28500, 
    "MISC_DEFENSE": 12000, 
    "TELEPHONE_UTILITIES": 9000
  }, 
  "John McCain": {
    "COMPUTERS_INTERNET": 9500, 
    "DEFENSE_AEROSPACE": 2300, 
    "DEFENSE_ELECTRONICS": 18500, 
    "ELECTRIC_UTILITIES": 26000, 
    "ELECTRONICS_MANUFACTURING": 57500, 
    "MISC_DEFENSE": 8500, 
    "TELEPHONE_UTILITIES": 42500
  }, 
  "John P. Sarbanes": {
    "COMPUTERS_INTERNET": 0, 
    "DEFENSE_AEROSPACE": 1000, 
    "DEFENSE_ELECTRONICS": 0, 
    "ELECTRIC_UTILITIES": 0, 
    "ELECTRONICS_MANUFACTURING": 0, 
    "MISC_DEFENSE": 1000, 
    "TELEPHONE_UTILITIES": 0
  }, 
  "John R. Carter": {
    "COMPUTERS_INTERNET": 19000, 
    "DEFENSE_AEROSPACE": 34500, 
    "DEFENSE_ELECTRONICS": 40000, 
    "ELECTRIC_UTILITIES": 13000, 
    "ELECTRONICS_MANUFACTURING": 36500, 
    "MISC_DEFENSE": 6000, 
    "TELEPHONE_UTILITIES": 15500
  }, 
  "John Shimkus": {
    "COMPUTERS_INTERNET": 11000, 
    "DEFENSE_AEROSPACE": 25000, 
    "DEFENSE_ELECTRONICS": 23000, 
    "ELECTRIC_UTILITIES": 34500, 
    "ELECTRONICS_MANUFACTURING": 64500, 
    "MISC_DEFENSE": 6000, 
    "TELEPHONE_UTILITIES": 33000
  }, 
  "John Thune": {
    "COMPUTERS_INTERNET": 3500, 
    "DEFENSE_AEROSPACE": 22000, 
    "DEFENSE_ELECTRONICS": 16500, 
    "ELECTRIC_UTILITIES": 16000, 
    "ELECTRONICS_MANUFACTURING": 25500, 
    "MISC_DEFENSE": 4000, 
    "TELEPHONE_UTILITIES": 15000
  }, 
  "Johnny Isakson": {
    "COMPUTERS_INTERNET": 4250, 
    "DEFENSE_AEROSPACE": 17000, 
    "DEFENSE_ELECTRONICS": 5000, 
    "ELECTRIC_UTILITIES": 6000, 
    "ELECTRONICS_MANUFACTURING": 7750, 
    "MISC_DEFENSE": 5500, 
    "TELEPHONE_UTILITIES": 1250
  }, 
  "Jon Tester": {
    "COMPUTERS_INTERNET": 0, 
    "DEFENSE_AEROSPACE": 0, 
    "DEFENSE_ELECTRONICS": 2000, 
    "ELECTRIC_UTILITIES": -3000, 
    "ELECTRONICS_MANUFACTURING": 9000, 
    "MISC_DEFENSE": 0, 
    "TELEPHONE_UTILITIES": 3000
  }, 
  "Joseph Crowley": {
    "COMPUTERS_INTERNET": 36500, 
    "DEFENSE_AEROSPACE": 40000, 
    "DEFENSE_ELECTRONICS": 39000, 
    "ELECTRIC_UTILITIES": 9500, 
    "ELECTRONICS_MANUFACTURING": 89000, 
    "MISC_DEFENSE": 3500, 
    "TELEPHONE_UTILITIES": 22500
  }, 
  "Joseph R. Pitts": {
    "COMPUTERS_INTERNET": 9000, 
    "DEFENSE_AEROSPACE": 15500, 
    "DEFENSE_ELECTRONICS": 20500, 
    "ELECTRIC_UTILITIES": 13500, 
    "ELECTRONICS_MANUFACTURING": 52500, 
    "MISC_DEFENSE": 2000, 
    "TELEPHONE_UTILITIES": 27500
  }, 
  "Jos\u00e9 E. Serrano": {
    "COMPUTERS_INTERNET": 2000, 
    "DEFENSE_AEROSPACE": 10000, 
    "DEFENSE_ELECTRONICS": 10000, 
    "ELECTRIC_UTILITIES": 0, 
    "ELECTRONICS_MANUFACTURING": 4000, 
    "MISC_DEFENSE": 6500, 
    "TELEPHONE_UTILITIES": 2000
  }, 
  "Juan Vargas": {
    "COMPUTERS_INTERNET": 0, 
    "DEFENSE_AEROSPACE": 0, 
    "DEFENSE_ELECTRONICS": 0, 
    "ELECTRIC_UTILITIES": 0, 
    "ELECTRONICS_MANUFACTURING": 0, 
    "MISC_DEFENSE": 0, 
    "TELEPHONE_UTILITIES": 0
  }, 
  "Judy Chu": {
    "COMPUTERS_INTERNET": 0, 
    "DEFENSE_AEROSPACE": 0, 
    "DEFENSE_ELECTRONICS": 0, 
    "ELECTRIC_UTILITIES": 0, 
    "ELECTRONICS_MANUFACTURING": 0, 
    "MISC_DEFENSE": 0, 
    "TELEPHONE_UTILITIES": 0
  }, 
  "K. Michael Conaway": {
    "COMPUTERS_INTERNET": 2000, 
    "DEFENSE_AEROSPACE": 27000, 
    "DEFENSE_ELECTRONICS": 20000, 
    "ELECTRIC_UTILITIES": 24000, 
    "ELECTRONICS_MANUFACTURING": 18000, 
    "MISC_DEFENSE": 3000, 
    "TELEPHONE_UTILITIES": 17000
  }, 
  "Kathy Castor": {
    "COMPUTERS_INTERNET": 0, 
    "DEFENSE_AEROSPACE": 14500, 
    "DEFENSE_ELECTRONICS": 15500, 
    "ELECTRIC_UTILITIES": 6500, 
    "ELECTRONICS_MANUFACTURING": 20000, 
    "MISC_DEFENSE": 6000, 
    "TELEPHONE_UTILITIES": 14000
  }, 
  "Kay Granger": {
    "COMPUTERS_INTERNET": 6000, 
    "DEFENSE_AEROSPACE": 109500, 
    "DEFENSE_ELECTRONICS": 72000, 
    "ELECTRIC_UTILITIES": 28000, 
    "ELECTRONICS_MANUFACTURING": 26000, 
    "MISC_DEFENSE": 40000, 
    "TELEPHONE_UTILITIES": 9500
  }, 
  "Kay R. Hagan": {
    "COMPUTERS_INTERNET": 5500, 
    "DEFENSE_AEROSPACE": 0, 
    "DEFENSE_ELECTRONICS": 0, 
    "ELECTRIC_UTILITIES": 10000, 
    "ELECTRONICS_MANUFACTURING": 19000, 
    "MISC_DEFENSE": 0, 
    "TELEPHONE_UTILITIES": 4000
  }, 
  "Keith Ellison": {
    "COMPUTERS_INTERNET": 1000, 
    "DEFENSE_AEROSPACE": 10500, 
    "DEFENSE_ELECTRONICS": 4000, 
    "ELECTRIC_UTILITIES": 0, 
    "ELECTRONICS_MANUFACTURING": 4000, 
    "MISC_DEFENSE": 0, 
    "TELEPHONE_UTILITIES": 1000
  }, 
  "Ken Calvert": {
    "COMPUTERS_INTERNET": 6000, 
    "DEFENSE_AEROSPACE": 69000, 
    "DEFENSE_ELECTRONICS": 57000, 
    "ELECTRIC_UTILITIES": 29000, 
    "ELECTRONICS_MANUFACTURING": 18500, 
    "MISC_DEFENSE": 32000, 
    "TELEPHONE_UTILITIES": 10000
  }, 
  "Kenny Marchant": {
    "COMPUTERS_INTERNET": 1000, 
    "DEFENSE_AEROSPACE": 17500, 
    "DEFENSE_ELECTRONICS": 20000, 
    "ELECTRIC_UTILITIES": 11000, 
    "ELECTRONICS_MANUFACTURING": 16500, 
    "MISC_DEFENSE": 2000, 
    "TELEPHONE_UTILITIES": 10500
  }, 
  "Kevin Brady": {
    "COMPUTERS_INTERNET": 11000, 
    "DEFENSE_AEROSPACE": 24000, 
    "DEFENSE_ELECTRONICS": 19000, 
    "ELECTRIC_UTILITIES": 11000, 
    "ELECTRONICS_MANUFACTURING": 26000, 
    "MISC_DEFENSE": 3000, 
    "TELEPHONE_UTILITIES": 13000
  }, 
  "Kevin McCarthy": {
    "COMPUTERS_INTERNET": 1000, 
    "DEFENSE_AEROSPACE": 5500, 
    "DEFENSE_ELECTRONICS": 10000, 
    "ELECTRIC_UTILITIES": 11000, 
    "ELECTRONICS_MANUFACTURING": 17000, 
    "MISC_DEFENSE": 0, 
    "TELEPHONE_UTILITIES": 12000
  }, 
  "Kirsten E. Gillibrand": {
    "COMPUTERS_INTERNET": 15400, 
    "DEFENSE_AEROSPACE": 32500, 
    "DEFENSE_ELECTRONICS": 49500, 
    "ELECTRIC_UTILITIES": 4000, 
    "ELECTRONICS_MANUFACTURING": 44500, 
    "MISC_DEFENSE": 14000, 
    "TELEPHONE_UTILITIES": 13500
  }, 
  "Kurt Schrader": {
    "COMPUTERS_INTERNET": 6000, 
    "DEFENSE_AEROSPACE": 1500, 
    "DEFENSE_ELECTRONICS": 4500, 
    "ELECTRIC_UTILITIES": 5000, 
    "ELECTRONICS_MANUFACTURING": 22500, 
    "MISC_DEFENSE": 0, 
    "TELEPHONE_UTILITIES": 7500
  }, 
  "Lamar Alexander": {
    "COMPUTERS_INTERNET": 13500, 
    "DEFENSE_AEROSPACE": 65000, 
    "DEFENSE_ELECTRONICS": 29000, 
    "ELECTRIC_UTILITIES": 31000, 
    "ELECTRONICS_MANUFACTURING": 56000, 
    "MISC_DEFENSE": 28000, 
    "TELEPHONE_UTILITIES": 19500
  }, 
  "Lamar Smith": {
    "COMPUTERS_INTERNET": 50500, 
    "DEFENSE_AEROSPACE": 11500, 
    "DEFENSE_ELECTRONICS": 13000, 
    "ELECTRIC_UTILITIES": 6500, 
    "ELECTRONICS_MANUFACTURING": 101500, 
    "MISC_DEFENSE": 0, 
    "TELEPHONE_UTILITIES": 24500
  }, 
  "Lee Terry": {
    "COMPUTERS_INTERNET": 5000, 
    "DEFENSE_AEROSPACE": 39500, 
    "DEFENSE_ELECTRONICS": 47000, 
    "ELECTRIC_UTILITIES": 14500, 
    "ELECTRONICS_MANUFACTURING": 100432, 
    "MISC_DEFENSE": 8000, 
    "TELEPHONE_UTILITIES": 60700
  }, 
  "Leonard Lance": {
    "COMPUTERS_INTERNET": 0, 
    "DEFENSE_AEROSPACE": 0, 
    "DEFENSE_ELECTRONICS": 6000, 
    "ELECTRIC_UTILITIES": 3000, 
    "ELECTRONICS_MANUFACTURING": 18500, 
    "MISC_DEFENSE": 0, 
    "TELEPHONE_UTILITIES": 16500
  }, 
  "Linda T. S\u00e1nchez": {
    "COMPUTERS_INTERNET": 14250, 
    "DEFENSE_AEROSPACE": 9500, 
    "DEFENSE_ELECTRONICS": 7500, 
    "ELECTRIC_UTILITIES": 5500, 
    "ELECTRONICS_MANUFACTURING": 36500, 
    "MISC_DEFENSE": 2000, 
    "TELEPHONE_UTILITIES": 11000
  }, 
  "Lindsey Graham": {
    "COMPUTERS_INTERNET": 8500, 
    "DEFENSE_AEROSPACE": 70000, 
    "DEFENSE_ELECTRONICS": 46000, 
    "ELECTRIC_UTILITIES": 44500, 
    "ELECTRONICS_MANUFACTURING": 44800, 
    "MISC_DEFENSE": 20200, 
    "TELEPHONE_UTILITIES": 19800
  }, 
  "Lisa Murkowski": {
    "COMPUTERS_INTERNET": 1000, 
    "DEFENSE_AEROSPACE": 5000, 
    "DEFENSE_ELECTRONICS": 12000, 
    "ELECTRIC_UTILITIES": 49000, 
    "ELECTRONICS_MANUFACTURING": 9000, 
    "MISC_DEFENSE": 0, 
    "TELEPHONE_UTILITIES": 4000
  }, 
  "Lloyd Doggett": {
    "COMPUTERS_INTERNET": 5000, 
    "DEFENSE_AEROSPACE": 3000, 
    "DEFENSE_ELECTRONICS": 0, 
    "ELECTRIC_UTILITIES": 3000, 
    "ELECTRONICS_MANUFACTURING": 5000, 
    "MISC_DEFENSE": 0, 
    "TELEPHONE_UTILITIES": 6000
  }, 
  "Lois Capps": {
    "COMPUTERS_INTERNET": 5000, 
    "DEFENSE_AEROSPACE": 11000, 
    "DEFENSE_ELECTRONICS": 16000, 
    "ELECTRIC_UTILITIES": 7500, 
    "ELECTRONICS_MANUFACTURING": 29000, 
    "MISC_DEFENSE": 8000, 
    "TELEPHONE_UTILITIES": 6000
  }, 
  "Loretta Sanchez": {
    "COMPUTERS_INTERNET": 4000, 
    "DEFENSE_AEROSPACE": 37500, 
    "DEFENSE_ELECTRONICS": 55500, 
    "ELECTRIC_UTILITIES": 12700, 
    "ELECTRONICS_MANUFACTURING": 52500, 
    "MISC_DEFENSE": 22500, 
    "TELEPHONE_UTILITIES": 16000
  }, 
  "Lou Barletta": {
    "COMPUTERS_INTERNET": 1000, 
    "DEFENSE_AEROSPACE": 0, 
    "DEFENSE_ELECTRONICS": 0, 
    "ELECTRIC_UTILITIES": 1000, 
    "ELECTRONICS_MANUFACTURING": 0, 
    "MISC_DEFENSE": 0, 
    "TELEPHONE_UTILITIES": 0
  }, 
  "Louie Gohmert": {
    "COMPUTERS_INTERNET": 3000, 
    "DEFENSE_AEROSPACE": 2000, 
    "DEFENSE_ELECTRONICS": 9000, 
    "ELECTRIC_UTILITIES": 12500, 
    "ELECTRONICS_MANUFACTURING": 15500, 
    "MISC_DEFENSE": 0, 
    "TELEPHONE_UTILITIES": 10000
  }, 
  "Louise McIntosh Slaughter": {
    "COMPUTERS_INTERNET": 13500, 
    "DEFENSE_AEROSPACE": 19000, 
    "DEFENSE_ELECTRONICS": 19000, 
    "ELECTRIC_UTILITIES": 1000, 
    "ELECTRONICS_MANUFACTURING": 29000, 
    "MISC_DEFENSE": 8500, 
    "TELEPHONE_UTILITIES": 8500
  }, 
  "Lucille Roybal-Allard": {
    "COMPUTERS_INTERNET": 3000, 
    "DEFENSE_AEROSPACE": 6750, 
    "DEFENSE_ELECTRONICS": 7000, 
    "ELECTRIC_UTILITIES": 18125, 
    "ELECTRONICS_MANUFACTURING": 4500, 
    "MISC_DEFENSE": 15300, 
    "TELEPHONE_UTILITIES": 0
  }, 
  "Luis V. Guti\u00e9rrez": {
    "COMPUTERS_INTERNET": 0, 
    "DEFENSE_AEROSPACE": 1000, 
    "DEFENSE_ELECTRONICS": 7500, 
    "ELECTRIC_UTILITIES": 3000, 
    "ELECTRONICS_MANUFACTURING": 8500, 
    "MISC_DEFENSE": 0, 
    "TELEPHONE_UTILITIES": 7500
  }, 
  "Lynn A. Westmoreland": {
    "COMPUTERS_INTERNET": 1000, 
    "DEFENSE_AEROSPACE": 7000, 
    "DEFENSE_ELECTRONICS": 13000, 
    "ELECTRIC_UTILITIES": 20000, 
    "ELECTRONICS_MANUFACTURING": 7000, 
    "MISC_DEFENSE": 4000, 
    "TELEPHONE_UTILITIES": 6000
  }, 
  "Lynn Jenkins": {
    "COMPUTERS_INTERNET": 3000, 
    "DEFENSE_AEROSPACE": 0, 
    "DEFENSE_ELECTRONICS": 0, 
    "ELECTRIC_UTILITIES": 0, 
    "ELECTRONICS_MANUFACTURING": 3500, 
    "MISC_DEFENSE": 0, 
    "TELEPHONE_UTILITIES": 1000
  }, 
  "Mac Thornberry": {
    "COMPUTERS_INTERNET": 0, 
    "DEFENSE_AEROSPACE": 37500, 
    "DEFENSE_ELECTRONICS": 25500, 
    "ELECTRIC_UTILITIES": 10000, 
    "ELECTRONICS_MANUFACTURING": 13500, 
    "MISC_DEFENSE": 6500, 
    "TELEPHONE_UTILITIES": 11000
  }, 
  "Madeleine Z. Bordallo": {
    "COMPUTERS_INTERNET": 0, 
    "DEFENSE_AEROSPACE": 2250, 
    "DEFENSE_ELECTRONICS": 2250, 
    "ELECTRIC_UTILITIES": 0, 
    "ELECTRONICS_MANUFACTURING": 0, 
    "MISC_DEFENSE": 8000, 
    "TELEPHONE_UTILITIES": 0
  }, 
  "Marcia L. Fudge": {
    "COMPUTERS_INTERNET": 0, 
    "DEFENSE_AEROSPACE": 5000, 
    "DEFENSE_ELECTRONICS": 10000, 
    "ELECTRIC_UTILITIES": 3000, 
    "ELECTRONICS_MANUFACTURING": 5000, 
    "MISC_DEFENSE": 1000, 
    "TELEPHONE_UTILITIES": 5000
  }, 
  "Marcy Kaptur": {
    "COMPUTERS_INTERNET": 500, 
    "DEFENSE_AEROSPACE": 39500, 
    "DEFENSE_ELECTRONICS": 45500, 
    "ELECTRIC_UTILITIES": 1000, 
    "ELECTRONICS_MANUFACTURING": 1500, 
    "MISC_DEFENSE": 23000, 
    "TELEPHONE_UTILITIES": 0
  }, 
  "Maria Cantwell": {
    "COMPUTERS_INTERNET": -1000, 
    "DEFENSE_AEROSPACE": 0, 
    "DEFENSE_ELECTRONICS": 0, 
    "ELECTRIC_UTILITIES": 0, 
    "ELECTRONICS_MANUFACTURING": 0, 
    "MISC_DEFENSE": 0, 
    "TELEPHONE_UTILITIES": 0
  }, 
  "Mario Diaz-Balart": {
    "COMPUTERS_INTERNET": 1000, 
    "DEFENSE_AEROSPACE": 17500, 
    "DEFENSE_ELECTRONICS": 21000, 
    "ELECTRIC_UTILITIES": 17500, 
    "ELECTRONICS_MANUFACTURING": 36000, 
    "MISC_DEFENSE": 4000, 
    "TELEPHONE_UTILITIES": 13000
  }, 
  "Mark Begich": {
    "COMPUTERS_INTERNET": 0, 
    "DEFENSE_AEROSPACE": 2500, 
    "DEFENSE_ELECTRONICS": 8500, 
    "ELECTRIC_UTILITIES": 5000, 
    "ELECTRONICS_MANUFACTURING": 12500, 
    "MISC_DEFENSE": 0, 
    "TELEPHONE_UTILITIES": 9000
  }, 
  "Mark Kirk": {
    "COMPUTERS_INTERNET": 14500, 
    "DEFENSE_AEROSPACE": 44500, 
    "DEFENSE_ELECTRONICS": 52000, 
    "ELECTRIC_UTILITIES": 13000, 
    "ELECTRONICS_MANUFACTURING": 34500, 
    "MISC_DEFENSE": 23500, 
    "TELEPHONE_UTILITIES": 11000
  }, 
  "Mark L. Pryor": {
    "COMPUTERS_INTERNET": 33700, 
    "DEFENSE_AEROSPACE": 83000, 
    "DEFENSE_ELECTRONICS": 58000, 
    "ELECTRIC_UTILITIES": 48248, 
    "ELECTRONICS_MANUFACTURING": 97500, 
    "MISC_DEFENSE": 17500, 
    "TELEPHONE_UTILITIES": 45000
  }, 
  "Mark R. Warner": {
    "COMPUTERS_INTERNET": 69705, 
    "DEFENSE_AEROSPACE": 117750, 
    "DEFENSE_ELECTRONICS": 126300, 
    "ELECTRIC_UTILITIES": 63350, 
    "ELECTRONICS_MANUFACTURING": 168620, 
    "MISC_DEFENSE": 81150, 
    "TELEPHONE_UTILITIES": 45200
  }, 
  "Mark Sanford": {
    "COMPUTERS_INTERNET": 0, 
    "DEFENSE_AEROSPACE": 0, 
    "DEFENSE_ELECTRONICS": 0, 
    "ELECTRIC_UTILITIES": 0, 
    "ELECTRONICS_MANUFACTURING": 0, 
    "MISC_DEFENSE": 0, 
    "TELEPHONE_UTILITIES": 0
  }, 
  "Mark Udall": {
    "COMPUTERS_INTERNET": 31150, 
    "DEFENSE_AEROSPACE": 64500, 
    "DEFENSE_ELECTRONICS": 81800, 
    "ELECTRIC_UTILITIES": 57800, 
    "ELECTRONICS_MANUFACTURING": 167300, 
    "MISC_DEFENSE": 25500, 
    "TELEPHONE_UTILITIES": 32683
  }, 
  "Marsha Blackburn": {
    "COMPUTERS_INTERNET": 2000, 
    "DEFENSE_AEROSPACE": 20500, 
    "DEFENSE_ELECTRONICS": 15000, 
    "ELECTRIC_UTILITIES": 3500, 
    "ELECTRONICS_MANUFACTURING": 59000, 
    "MISC_DEFENSE": 1000, 
    "TELEPHONE_UTILITIES": 28000
  }, 
  "Martin Heinrich": {
    "COMPUTERS_INTERNET": 2000, 
    "DEFENSE_AEROSPACE": 6000, 
    "DEFENSE_ELECTRONICS": 7500, 
    "ELECTRIC_UTILITIES": 0, 
    "ELECTRONICS_MANUFACTURING": 9500, 
    "MISC_DEFENSE": 0, 
    "TELEPHONE_UTILITIES": 3500
  }, 
  "Mary L. Landrieu": {
    "COMPUTERS_INTERNET": 35300, 
    "DEFENSE_AEROSPACE": 74800, 
    "DEFENSE_ELECTRONICS": 66500, 
    "ELECTRIC_UTILITIES": 69108, 
    "ELECTRONICS_MANUFACTURING": 118299, 
    "MISC_DEFENSE": 28100, 
    "TELEPHONE_UTILITIES": 26000
  }, 
  "Maxine Waters": {
    "COMPUTERS_INTERNET": 0, 
    "DEFENSE_AEROSPACE": 0, 
    "DEFENSE_ELECTRONICS": 0, 
    "ELECTRIC_UTILITIES": 0, 
    "ELECTRONICS_MANUFACTURING": 2000, 
    "MISC_DEFENSE": 0, 
    "TELEPHONE_UTILITIES": 0
  }, 
  "Mazie K. Hirono": {
    "COMPUTERS_INTERNET": 0, 
    "DEFENSE_AEROSPACE": 22000, 
    "DEFENSE_ELECTRONICS": 20500, 
    "ELECTRIC_UTILITIES": 6000, 
    "ELECTRONICS_MANUFACTURING": 4500, 
    "MISC_DEFENSE": 11500, 
    "TELEPHONE_UTILITIES": 4500
  }, 
  "Michael B. Enzi": {
    "COMPUTERS_INTERNET": 27500, 
    "DEFENSE_AEROSPACE": 41500, 
    "DEFENSE_ELECTRONICS": 31000, 
    "ELECTRIC_UTILITIES": 12500, 
    "ELECTRONICS_MANUFACTURING": 44000, 
    "MISC_DEFENSE": 14500, 
    "TELEPHONE_UTILITIES": 9500
  }, 
  "Michael C. Burgess": {
    "COMPUTERS_INTERNET": 4000, 
    "DEFENSE_AEROSPACE": 21500, 
    "DEFENSE_ELECTRONICS": 19500, 
    "ELECTRIC_UTILITIES": 37000, 
    "ELECTRONICS_MANUFACTURING": 39000, 
    "MISC_DEFENSE": 0, 
    "TELEPHONE_UTILITIES": 20000
  }, 
  "Michael E. Capuano": {
    "COMPUTERS_INTERNET": 3000, 
    "DEFENSE_AEROSPACE": 25500, 
    "DEFENSE_ELECTRONICS": 15500, 
    "ELECTRIC_UTILITIES": 0, 
    "ELECTRONICS_MANUFACTURING": 8500, 
    "MISC_DEFENSE": 8000, 
    "TELEPHONE_UTILITIES": 4000
  }, 
  "Michael F. Doyle": {
    "COMPUTERS_INTERNET": 7000, 
    "DEFENSE_AEROSPACE": 11500, 
    "DEFENSE_ELECTRONICS": 8500, 
    "ELECTRIC_UTILITIES": 52606, 
    "ELECTRONICS_MANUFACTURING": 39500, 
    "MISC_DEFENSE": 4500, 
    "TELEPHONE_UTILITIES": 35478
  }, 
  "Michael G. Fitzpatrick": {
    "COMPUTERS_INTERNET": 0, 
    "DEFENSE_AEROSPACE": -1000, 
    "DEFENSE_ELECTRONICS": -1000, 
    "ELECTRIC_UTILITIES": 0, 
    "ELECTRONICS_MANUFACTURING": 0, 
    "MISC_DEFENSE": 0, 
    "TELEPHONE_UTILITIES": 0
  }, 
  "Michael H. Michaud": {
    "COMPUTERS_INTERNET": 5500, 
    "DEFENSE_AEROSPACE": 12500, 
    "DEFENSE_ELECTRONICS": 22500, 
    "ELECTRIC_UTILITIES": 6000, 
    "ELECTRONICS_MANUFACTURING": 20000, 
    "MISC_DEFENSE": 17000, 
    "TELEPHONE_UTILITIES": 14000
  }, 
  "Michael K. Simpson": {
    "COMPUTERS_INTERNET": 1000, 
    "DEFENSE_AEROSPACE": 12000, 
    "DEFENSE_ELECTRONICS": 11000, 
    "ELECTRIC_UTILITIES": 8000, 
    "ELECTRONICS_MANUFACTURING": 12000, 
    "MISC_DEFENSE": 26500, 
    "TELEPHONE_UTILITIES": 6000
  }, 
  "Michael M. Honda": {
    "COMPUTERS_INTERNET": 8500, 
    "DEFENSE_AEROSPACE": 30500, 
    "DEFENSE_ELECTRONICS": 18500, 
    "ELECTRIC_UTILITIES": 11000, 
    "ELECTRONICS_MANUFACTURING": 10500, 
    "MISC_DEFENSE": 14000, 
    "TELEPHONE_UTILITIES": 0
  }, 
  "Michael R. Turner": {
    "COMPUTERS_INTERNET": 14800, 
    "DEFENSE_AEROSPACE": 30100, 
    "DEFENSE_ELECTRONICS": 47500, 
    "ELECTRIC_UTILITIES": 2000, 
    "ELECTRONICS_MANUFACTURING": 20100, 
    "MISC_DEFENSE": 25300, 
    "TELEPHONE_UTILITIES": 9000
  }, 
  "Michael T. McCaul": {
    "COMPUTERS_INTERNET": 30600, 
    "DEFENSE_AEROSPACE": 34500, 
    "DEFENSE_ELECTRONICS": 42000, 
    "ELECTRIC_UTILITIES": 8000, 
    "ELECTRONICS_MANUFACTURING": 48000, 
    "MISC_DEFENSE": 9000, 
    "TELEPHONE_UTILITIES": 11000
  }, 
  "Michele Bachmann": {
    "COMPUTERS_INTERNET": 1000, 
    "DEFENSE_AEROSPACE": 18500, 
    "DEFENSE_ELECTRONICS": 10000, 
    "ELECTRIC_UTILITIES": 2500, 
    "ELECTRONICS_MANUFACTURING": 26000, 
    "MISC_DEFENSE": 6500, 
    "TELEPHONE_UTILITIES": 15000
  }, 
  "Michelle Lujan Grisham": {
    "COMPUTERS_INTERNET": 0, 
    "DEFENSE_AEROSPACE": 0, 
    "DEFENSE_ELECTRONICS": 0, 
    "ELECTRIC_UTILITIES": 0, 
    "ELECTRONICS_MANUFACTURING": 0, 
    "MISC_DEFENSE": 0, 
    "TELEPHONE_UTILITIES": 0
  }, 
  "Mike Coffman": {
    "COMPUTERS_INTERNET": 0, 
    "DEFENSE_AEROSPACE": 5000, 
    "DEFENSE_ELECTRONICS": 8000, 
    "ELECTRIC_UTILITIES": 6000, 
    "ELECTRONICS_MANUFACTURING": 7500, 
    "MISC_DEFENSE": 0, 
    "TELEPHONE_UTILITIES": 2500
  }, 
  "Mike Crapo": {
    "COMPUTERS_INTERNET": 10500, 
    "DEFENSE_AEROSPACE": 0, 
    "DEFENSE_ELECTRONICS": 2500, 
    "ELECTRIC_UTILITIES": 0, 
    "ELECTRONICS_MANUFACTURING": 15250, 
    "MISC_DEFENSE": 8500, 
    "TELEPHONE_UTILITIES": 1000
  }, 
  "Mike Johanns": {
    "COMPUTERS_INTERNET": 7500, 
    "DEFENSE_AEROSPACE": 25000, 
    "DEFENSE_ELECTRONICS": 31000, 
    "ELECTRIC_UTILITIES": 24000, 
    "ELECTRONICS_MANUFACTURING": 69500, 
    "MISC_DEFENSE": 11500, 
    "TELEPHONE_UTILITIES": 45000
  }, 
  "Mike McIntyre": {
    "COMPUTERS_INTERNET": 4000, 
    "DEFENSE_AEROSPACE": 20000, 
    "DEFENSE_ELECTRONICS": 20500, 
    "ELECTRIC_UTILITIES": 13000, 
    "ELECTRONICS_MANUFACTURING": 32500, 
    "MISC_DEFENSE": 3000, 
    "TELEPHONE_UTILITIES": 23500
  }, 
  "Mike Quigley": {
    "COMPUTERS_INTERNET": 0, 
    "DEFENSE_AEROSPACE": 0, 
    "DEFENSE_ELECTRONICS": 0, 
    "ELECTRIC_UTILITIES": 0, 
    "ELECTRONICS_MANUFACTURING": 0, 
    "MISC_DEFENSE": 0, 
    "TELEPHONE_UTILITIES": 0
  }, 
  "Mike Rogers": {
    "COMPUTERS_INTERNET": 15000, 
    "DEFENSE_AEROSPACE": 107500, 
    "DEFENSE_ELECTRONICS": 108500, 
    "ELECTRIC_UTILITIES": 58243, 
    "ELECTRONICS_MANUFACTURING": 64000, 
    "MISC_DEFENSE": 43250, 
    "TELEPHONE_UTILITIES": 39750
  }, 
  "Mike Thompson": {
    "COMPUTERS_INTERNET": 6000, 
    "DEFENSE_AEROSPACE": 22500, 
    "DEFENSE_ELECTRONICS": 18000, 
    "ELECTRIC_UTILITIES": 14500, 
    "ELECTRONICS_MANUFACTURING": 12500, 
    "MISC_DEFENSE": 5500, 
    "TELEPHONE_UTILITIES": 3000
  }, 
  "Mitch McConnell": {
    "COMPUTERS_INTERNET": 83300, 
    "DEFENSE_AEROSPACE": 98000, 
    "DEFENSE_ELECTRONICS": 74000, 
    "ELECTRIC_UTILITIES": 85750, 
    "ELECTRONICS_MANUFACTURING": 112500, 
    "MISC_DEFENSE": 68500, 
    "TELEPHONE_UTILITIES": 33000
  }, 
  "Nancy Pelosi": {
    "COMPUTERS_INTERNET": 37500, 
    "DEFENSE_AEROSPACE": 77500, 
    "DEFENSE_ELECTRONICS": 59000, 
    "ELECTRIC_UTILITIES": 16000, 
    "ELECTRONICS_MANUFACTURING": 107500, 
    "MISC_DEFENSE": 29000, 
    "TELEPHONE_UTILITIES": 23500
  }, 
  "Nick J. Rahall II": {
    "COMPUTERS_INTERNET": 0, 
    "DEFENSE_AEROSPACE": 12000, 
    "DEFENSE_ELECTRONICS": 10000, 
    "ELECTRIC_UTILITIES": 6500, 
    "ELECTRONICS_MANUFACTURING": 11000, 
    "MISC_DEFENSE": 9500, 
    "TELEPHONE_UTILITIES": 10000
  }, 
  "Niki Tsongas": {
    "COMPUTERS_INTERNET": 2000, 
    "DEFENSE_AEROSPACE": 18500, 
    "DEFENSE_ELECTRONICS": 26000, 
    "ELECTRIC_UTILITIES": 1000, 
    "ELECTRONICS_MANUFACTURING": 9500, 
    "MISC_DEFENSE": 2000, 
    "TELEPHONE_UTILITIES": 4500
  }, 
  "Nita M. Lowey": {
    "COMPUTERS_INTERNET": 0, 
    "DEFENSE_AEROSPACE": 16000, 
    "DEFENSE_ELECTRONICS": 17000, 
    "ELECTRIC_UTILITIES": 0, 
    "ELECTRONICS_MANUFACTURING": 6000, 
    "MISC_DEFENSE": 3000, 
    "TELEPHONE_UTILITIES": 6000
  }, 
  "Nydia M. Vel\u00e1zquez": {
    "COMPUTERS_INTERNET": 15000, 
    "DEFENSE_AEROSPACE": 6000, 
    "DEFENSE_ELECTRONICS": 3500, 
    "ELECTRIC_UTILITIES": 3000, 
    "ELECTRONICS_MANUFACTURING": 7500, 
    "MISC_DEFENSE": 0, 
    "TELEPHONE_UTILITIES": 3500
  }, 
  "Orrin G. Hatch": {
    "COMPUTERS_INTERNET": 13000, 
    "DEFENSE_AEROSPACE": 1000, 
    "DEFENSE_ELECTRONICS": 5000, 
    "ELECTRIC_UTILITIES": 0, 
    "ELECTRONICS_MANUFACTURING": 18500, 
    "MISC_DEFENSE": 2000, 
    "TELEPHONE_UTILITIES": 7000
  }, 
  "Pat Roberts": {
    "COMPUTERS_INTERNET": 8000, 
    "DEFENSE_AEROSPACE": 67000, 
    "DEFENSE_ELECTRONICS": 29500, 
    "ELECTRIC_UTILITIES": 25226, 
    "ELECTRONICS_MANUFACTURING": 72000, 
    "MISC_DEFENSE": 21150, 
    "TELEPHONE_UTILITIES": 30500
  }, 
  "Patrick J. Leahy": {
    "COMPUTERS_INTERNET": 51500, 
    "DEFENSE_AEROSPACE": 11250, 
    "DEFENSE_ELECTRONICS": 5500, 
    "ELECTRIC_UTILITIES": 2000, 
    "ELECTRONICS_MANUFACTURING": 55750, 
    "MISC_DEFENSE": 500, 
    "TELEPHONE_UTILITIES": 2500
  }, 
  "Patrick J. Tiberi": {
    "COMPUTERS_INTERNET": 3000, 
    "DEFENSE_AEROSPACE": 22000, 
    "DEFENSE_ELECTRONICS": 17000, 
    "ELECTRIC_UTILITIES": 45000, 
    "ELECTRONICS_MANUFACTURING": 29000, 
    "MISC_DEFENSE": 4000, 
    "TELEPHONE_UTILITIES": 21000
  }, 
  "Patrick J. Toomey": {
    "COMPUTERS_INTERNET": 0, 
    "DEFENSE_AEROSPACE": 0, 
    "DEFENSE_ELECTRONICS": 0, 
    "ELECTRIC_UTILITIES": 0, 
    "ELECTRONICS_MANUFACTURING": 0, 
    "MISC_DEFENSE": 0, 
    "TELEPHONE_UTILITIES": 0
  }, 
  "Patrick T. McHenry": {
    "COMPUTERS_INTERNET": 4000, 
    "DEFENSE_AEROSPACE": 9000, 
    "DEFENSE_ELECTRONICS": 14000, 
    "ELECTRIC_UTILITIES": 15500, 
    "ELECTRONICS_MANUFACTURING": 29500, 
    "MISC_DEFENSE": 3000, 
    "TELEPHONE_UTILITIES": 14000
  }, 
  "Patty Murray": {
    "COMPUTERS_INTERNET": 11000, 
    "DEFENSE_AEROSPACE": 25500, 
    "DEFENSE_ELECTRONICS": 23500, 
    "ELECTRIC_UTILITIES": 9000, 
    "ELECTRONICS_MANUFACTURING": 24500, 
    "MISC_DEFENSE": 28000, 
    "TELEPHONE_UTILITIES": 8000
  }, 
  "Paul C. Broun": {
    "COMPUTERS_INTERNET": 500, 
    "DEFENSE_AEROSPACE": 9500, 
    "DEFENSE_ELECTRONICS": 10500, 
    "ELECTRIC_UTILITIES": 9000, 
    "ELECTRONICS_MANUFACTURING": 11000, 
    "MISC_DEFENSE": 2000, 
    "TELEPHONE_UTILITIES": 9000
  }, 
  "Paul Ryan": {
    "COMPUTERS_INTERNET": 8000, 
    "DEFENSE_AEROSPACE": 36500, 
    "DEFENSE_ELECTRONICS": 25500, 
    "ELECTRIC_UTILITIES": 14500, 
    "ELECTRONICS_MANUFACTURING": 32000, 
    "MISC_DEFENSE": 5000, 
    "TELEPHONE_UTILITIES": 18000
  }, 
  "Paul Tonko": {
    "COMPUTERS_INTERNET": 0, 
    "DEFENSE_AEROSPACE": 7500, 
    "DEFENSE_ELECTRONICS": 5000, 
    "ELECTRIC_UTILITIES": 2500, 
    "ELECTRONICS_MANUFACTURING": 9500, 
    "MISC_DEFENSE": 0, 
    "TELEPHONE_UTILITIES": 7000
  }, 
  "Pedro R. Pierluisi": {
    "COMPUTERS_INTERNET": 0, 
    "DEFENSE_AEROSPACE": 1000, 
    "DEFENSE_ELECTRONICS": 0, 
    "ELECTRIC_UTILITIES": 0, 
    "ELECTRONICS_MANUFACTURING": 0, 
    "MISC_DEFENSE": 0, 
    "TELEPHONE_UTILITIES": 0
  }, 
  "Pete Olson": {
    "COMPUTERS_INTERNET": 1000, 
    "DEFENSE_AEROSPACE": 17500, 
    "DEFENSE_ELECTRONICS": 8500, 
    "ELECTRIC_UTILITIES": 1000, 
    "ELECTRONICS_MANUFACTURING": 6500, 
    "MISC_DEFENSE": 3000, 
    "TELEPHONE_UTILITIES": 2500
  }, 
  "Pete Sessions": {
    "COMPUTERS_INTERNET": 6000, 
    "DEFENSE_AEROSPACE": 34500, 
    "DEFENSE_ELECTRONICS": 51000, 
    "ELECTRIC_UTILITIES": 22000, 
    "ELECTRONICS_MANUFACTURING": 25000, 
    "MISC_DEFENSE": 8500, 
    "TELEPHONE_UTILITIES": 12500
  }, 
  "Peter A. DeFazio": {
    "COMPUTERS_INTERNET": 0, 
    "DEFENSE_AEROSPACE": 5500, 
    "DEFENSE_ELECTRONICS": 3000, 
    "ELECTRIC_UTILITIES": 10000, 
    "ELECTRONICS_MANUFACTURING": 3000, 
    "MISC_DEFENSE": 12500, 
    "TELEPHONE_UTILITIES": 0
  }, 
  "Peter J. Roskam": {
    "COMPUTERS_INTERNET": 3000, 
    "DEFENSE_AEROSPACE": 15000, 
    "DEFENSE_ELECTRONICS": 19500, 
    "ELECTRIC_UTILITIES": 24000, 
    "ELECTRONICS_MANUFACTURING": 25500, 
    "MISC_DEFENSE": 4000, 
    "TELEPHONE_UTILITIES": 13000
  }, 
  "Peter J. Visclosky": {
    "COMPUTERS_INTERNET": 0, 
    "DEFENSE_AEROSPACE": 56000, 
    "DEFENSE_ELECTRONICS": 56500, 
    "ELECTRIC_UTILITIES": 71500, 
    "ELECTRONICS_MANUFACTURING": 10500, 
    "MISC_DEFENSE": 75200, 
    "TELEPHONE_UTILITIES": 8500
  }, 
  "Peter T. King": {
    "COMPUTERS_INTERNET": 9000, 
    "DEFENSE_AEROSPACE": 54500, 
    "DEFENSE_ELECTRONICS": 60000, 
    "ELECTRIC_UTILITIES": 4000, 
    "ELECTRONICS_MANUFACTURING": 34000, 
    "MISC_DEFENSE": 23000, 
    "TELEPHONE_UTILITIES": 16000
  }, 
  "Peter Welch": {
    "COMPUTERS_INTERNET": 0, 
    "DEFENSE_AEROSPACE": 13500, 
    "DEFENSE_ELECTRONICS": 8000, 
    "ELECTRIC_UTILITIES": 2500, 
    "ELECTRONICS_MANUFACTURING": 10500, 
    "MISC_DEFENSE": 4500, 
    "TELEPHONE_UTILITIES": 4500
  }, 
  "Phil Gingrey": {
    "COMPUTERS_INTERNET": 3500, 
    "DEFENSE_AEROSPACE": 37000, 
    "DEFENSE_ELECTRONICS": 28500, 
    "ELECTRIC_UTILITIES": 13000, 
    "ELECTRONICS_MANUFACTURING": 17500, 
    "MISC_DEFENSE": 11000, 
    "TELEPHONE_UTILITIES": 4500
  }, 
  "Ralph M. Hall": {
    "COMPUTERS_INTERNET": 500, 
    "DEFENSE_AEROSPACE": 54250, 
    "DEFENSE_ELECTRONICS": 45750, 
    "ELECTRIC_UTILITIES": 62875, 
    "ELECTRONICS_MANUFACTURING": 33500, 
    "MISC_DEFENSE": 9000, 
    "TELEPHONE_UTILITIES": 16000
  }, 
  "Randy Neugebauer": {
    "COMPUTERS_INTERNET": 500, 
    "DEFENSE_AEROSPACE": 11000, 
    "DEFENSE_ELECTRONICS": 13500, 
    "ELECTRIC_UTILITIES": 21300, 
    "ELECTRONICS_MANUFACTURING": 12000, 
    "MISC_DEFENSE": 1000, 
    "TELEPHONE_UTILITIES": 8000
  }, 
  "Ra\u00fal M. Grijalva": {
    "COMPUTERS_INTERNET": 0, 
    "DEFENSE_AEROSPACE": 8500, 
    "DEFENSE_ELECTRONICS": 12000, 
    "ELECTRIC_UTILITIES": 12500, 
    "ELECTRONICS_MANUFACTURING": 4000, 
    "MISC_DEFENSE": 0, 
    "TELEPHONE_UTILITIES": 3000
  }, 
  "Richard Burr": {
    "COMPUTERS_INTERNET": 4000, 
    "DEFENSE_AEROSPACE": 13000, 
    "DEFENSE_ELECTRONICS": 6000, 
    "ELECTRIC_UTILITIES": 23500, 
    "ELECTRONICS_MANUFACTURING": 10000, 
    "MISC_DEFENSE": 3000, 
    "TELEPHONE_UTILITIES": 5000
  }, 
  "Richard C. Shelby": {
    "COMPUTERS_INTERNET": 16000, 
    "DEFENSE_AEROSPACE": 33000, 
    "DEFENSE_ELECTRONICS": 52500, 
    "ELECTRIC_UTILITIES": 6000, 
    "ELECTRONICS_MANUFACTURING": 11500, 
    "MISC_DEFENSE": 19000, 
    "TELEPHONE_UTILITIES": 5000
  }, 
  "Richard E. Neal": {
    "COMPUTERS_INTERNET": 12300, 
    "DEFENSE_AEROSPACE": 31500, 
    "DEFENSE_ELECTRONICS": 21500, 
    "ELECTRIC_UTILITIES": 38000, 
    "ELECTRONICS_MANUFACTURING": 24500, 
    "MISC_DEFENSE": 0, 
    "TELEPHONE_UTILITIES": 6000
  }, 
  "Richard J. Durbin": {
    "COMPUTERS_INTERNET": 38000, 
    "DEFENSE_AEROSPACE": 66000, 
    "DEFENSE_ELECTRONICS": 65000, 
    "ELECTRIC_UTILITIES": 37000, 
    "ELECTRONICS_MANUFACTURING": 108000, 
    "MISC_DEFENSE": 35300, 
    "TELEPHONE_UTILITIES": 35000
  }, 
  "Richard L. Hanna": {
    "COMPUTERS_INTERNET": 0, 
    "DEFENSE_AEROSPACE": 0, 
    "DEFENSE_ELECTRONICS": 0, 
    "ELECTRIC_UTILITIES": 0, 
    "ELECTRONICS_MANUFACTURING": 0, 
    "MISC_DEFENSE": 0, 
    "TELEPHONE_UTILITIES": 0
  }, 
  "Rick Larsen": {
    "COMPUTERS_INTERNET": 20500, 
    "DEFENSE_AEROSPACE": 40500, 
    "DEFENSE_ELECTRONICS": 35500, 
    "ELECTRIC_UTILITIES": 13000, 
    "ELECTRONICS_MANUFACTURING": 38000, 
    "MISC_DEFENSE": 19000, 
    "TELEPHONE_UTILITIES": 9500
  }, 
  "Rob Bishop": {
    "COMPUTERS_INTERNET": 0, 
    "DEFENSE_AEROSPACE": 14500, 
    "DEFENSE_ELECTRONICS": 9000, 
    "ELECTRIC_UTILITIES": 4900, 
    "ELECTRONICS_MANUFACTURING": 5900, 
    "MISC_DEFENSE": 10000, 
    "TELEPHONE_UTILITIES": 4000
  }, 
  "Rob Portman": {
    "COMPUTERS_INTERNET": 0, 
    "DEFENSE_AEROSPACE": 0, 
    "DEFENSE_ELECTRONICS": 0, 
    "ELECTRIC_UTILITIES": 0, 
    "ELECTRONICS_MANUFACTURING": 0, 
    "MISC_DEFENSE": 0, 
    "TELEPHONE_UTILITIES": 0
  }, 
  "Robert A. Brady": {
    "COMPUTERS_INTERNET": 2500, 
    "DEFENSE_AEROSPACE": 8500, 
    "DEFENSE_ELECTRONICS": 11500, 
    "ELECTRIC_UTILITIES": 8000, 
    "ELECTRONICS_MANUFACTURING": 19500, 
    "MISC_DEFENSE": 1000, 
    "TELEPHONE_UTILITIES": 7000
  }, 
  "Robert B. Aderholt": {
    "COMPUTERS_INTERNET": 3500, 
    "DEFENSE_AEROSPACE": 48500, 
    "DEFENSE_ELECTRONICS": 54500, 
    "ELECTRIC_UTILITIES": 15754, 
    "ELECTRONICS_MANUFACTURING": 14000, 
    "MISC_DEFENSE": 19700, 
    "TELEPHONE_UTILITIES": 10000
  }, 
  "Robert C. \"Bobby\" Scott": {
    "COMPUTERS_INTERNET": 1000, 
    "DEFENSE_AEROSPACE": 17500, 
    "DEFENSE_ELECTRONICS": 12000, 
    "ELECTRIC_UTILITIES": 5000, 
    "ELECTRONICS_MANUFACTURING": 8000, 
    "MISC_DEFENSE": 12500, 
    "TELEPHONE_UTILITIES": 0
  }, 
  "Robert E. Latta": {
    "COMPUTERS_INTERNET": 0, 
    "DEFENSE_AEROSPACE": 11000, 
    "DEFENSE_ELECTRONICS": 16000, 
    "ELECTRIC_UTILITIES": 23000, 
    "ELECTRONICS_MANUFACTURING": 22000, 
    "MISC_DEFENSE": 6000, 
    "TELEPHONE_UTILITIES": 17000
  }, 
  "Robert J. Wittman": {
    "COMPUTERS_INTERNET": 3000, 
    "DEFENSE_AEROSPACE": 58000, 
    "DEFENSE_ELECTRONICS": 61500, 
    "ELECTRIC_UTILITIES": 14500, 
    "ELECTRONICS_MANUFACTURING": 19000, 
    "MISC_DEFENSE": 36500, 
    "TELEPHONE_UTILITIES": 7000
  }, 
  "Robert Menendez": {
    "COMPUTERS_INTERNET": 9500, 
    "DEFENSE_AEROSPACE": 3500, 
    "DEFENSE_ELECTRONICS": 6000, 
    "ELECTRIC_UTILITIES": 7500, 
    "ELECTRONICS_MANUFACTURING": 14000, 
    "MISC_DEFENSE": 7000, 
    "TELEPHONE_UTILITIES": 5500
  }, 
  "Robert P. Casey, Jr.": {
    "COMPUTERS_INTERNET": 0, 
    "DEFENSE_AEROSPACE": 4500, 
    "DEFENSE_ELECTRONICS": 11500, 
    "ELECTRIC_UTILITIES": 3000, 
    "ELECTRONICS_MANUFACTURING": 11500, 
    "MISC_DEFENSE": 1000, 
    "TELEPHONE_UTILITIES": 5000
  }, 
  "Rodney P. Frelinghuysen": {
    "COMPUTERS_INTERNET": 0, 
    "DEFENSE_AEROSPACE": 75850, 
    "DEFENSE_ELECTRONICS": 83000, 
    "ELECTRIC_UTILITIES": 4000, 
    "ELECTRONICS_MANUFACTURING": 32850, 
    "MISC_DEFENSE": 23000, 
    "TELEPHONE_UTILITIES": 11500
  }, 
  "Roger F. Wicker": {
    "COMPUTERS_INTERNET": 10000, 
    "DEFENSE_AEROSPACE": 87100, 
    "DEFENSE_ELECTRONICS": 59750, 
    "ELECTRIC_UTILITIES": 49100, 
    "ELECTRONICS_MANUFACTURING": 81250, 
    "MISC_DEFENSE": 53700, 
    "TELEPHONE_UTILITIES": 57900
  }, 
  "Roger Williams": {
    "COMPUTERS_INTERNET": 0, 
    "DEFENSE_AEROSPACE": 0, 
    "DEFENSE_ELECTRONICS": 0, 
    "ELECTRIC_UTILITIES": 0, 
    "ELECTRONICS_MANUFACTURING": 0, 
    "MISC_DEFENSE": 0, 
    "TELEPHONE_UTILITIES": 0
  }, 
  "Ron Kind": {
    "COMPUTERS_INTERNET": 9000, 
    "DEFENSE_AEROSPACE": 23000, 
    "DEFENSE_ELECTRONICS": 14000, 
    "ELECTRIC_UTILITIES": 13750, 
    "ELECTRONICS_MANUFACTURING": 26500, 
    "MISC_DEFENSE": 1500, 
    "TELEPHONE_UTILITIES": 16750
  }, 
  "Ron Wyden": {
    "COMPUTERS_INTERNET": 7000, 
    "DEFENSE_AEROSPACE": 3000, 
    "DEFENSE_ELECTRONICS": 1000, 
    "ELECTRIC_UTILITIES": 0, 
    "ELECTRONICS_MANUFACTURING": 11500, 
    "MISC_DEFENSE": 0, 
    "TELEPHONE_UTILITIES": 2000
  }, 
  "Rosa L. DeLauro": {
    "COMPUTERS_INTERNET": 1000, 
    "DEFENSE_AEROSPACE": 39000, 
    "DEFENSE_ELECTRONICS": 19000, 
    "ELECTRIC_UTILITIES": 3000, 
    "ELECTRONICS_MANUFACTURING": 16000, 
    "MISC_DEFENSE": 8000, 
    "TELEPHONE_UTILITIES": 10000
  }, 
  "Roy Blunt": {
    "COMPUTERS_INTERNET": 17800, 
    "DEFENSE_AEROSPACE": 66000, 
    "DEFENSE_ELECTRONICS": 65500, 
    "ELECTRIC_UTILITIES": 21500, 
    "ELECTRONICS_MANUFACTURING": 104000, 
    "MISC_DEFENSE": 31500, 
    "TELEPHONE_UTILITIES": 33000
  }, 
  "Rub\u00e9n Hinojosa": {
    "COMPUTERS_INTERNET": 5000, 
    "DEFENSE_AEROSPACE": 14000, 
    "DEFENSE_ELECTRONICS": 16500, 
    "ELECTRIC_UTILITIES": 3000, 
    "ELECTRONICS_MANUFACTURING": 18000, 
    "MISC_DEFENSE": 0, 
    "TELEPHONE_UTILITIES": 17000
  }, 
  "Rush Holt": {
    "COMPUTERS_INTERNET": 1000, 
    "DEFENSE_AEROSPACE": 10000, 
    "DEFENSE_ELECTRONICS": 14500, 
    "ELECTRIC_UTILITIES": 6000, 
    "ELECTRONICS_MANUFACTURING": 2000, 
    "MISC_DEFENSE": 23500, 
    "TELEPHONE_UTILITIES": 0
  }, 
  "Sam Farr": {
    "COMPUTERS_INTERNET": 2000, 
    "DEFENSE_AEROSPACE": 9500, 
    "DEFENSE_ELECTRONICS": 8000, 
    "ELECTRIC_UTILITIES": 11500, 
    "ELECTRONICS_MANUFACTURING": 4500, 
    "MISC_DEFENSE": 2000, 
    "TELEPHONE_UTILITIES": 0
  }, 
  "Sam Graves": {
    "COMPUTERS_INTERNET": 1000, 
    "DEFENSE_AEROSPACE": 59250, 
    "DEFENSE_ELECTRONICS": 31250, 
    "ELECTRIC_UTILITIES": 9000, 
    "ELECTRONICS_MANUFACTURING": 41500, 
    "MISC_DEFENSE": 12000, 
    "TELEPHONE_UTILITIES": 27000
  }, 
  "Sam Johnson": {
    "COMPUTERS_INTERNET": 6250, 
    "DEFENSE_AEROSPACE": 45500, 
    "DEFENSE_ELECTRONICS": 49200, 
    "ELECTRIC_UTILITIES": 17940, 
    "ELECTRONICS_MANUFACTURING": 17250, 
    "MISC_DEFENSE": 6000, 
    "TELEPHONE_UTILITIES": 12000
  }, 
  "Sander M. Levin": {
    "COMPUTERS_INTERNET": 6500, 
    "DEFENSE_AEROSPACE": 59500, 
    "DEFENSE_ELECTRONICS": 36000, 
    "ELECTRIC_UTILITIES": 11000, 
    "ELECTRONICS_MANUFACTURING": 13500, 
    "MISC_DEFENSE": 7500, 
    "TELEPHONE_UTILITIES": 0
  }, 
  "Sanford D. Bishop Jr.": {
    "COMPUTERS_INTERNET": 4000, 
    "DEFENSE_AEROSPACE": 74000, 
    "DEFENSE_ELECTRONICS": 54500, 
    "ELECTRIC_UTILITIES": 20000, 
    "ELECTRONICS_MANUFACTURING": 31500, 
    "MISC_DEFENSE": 25000, 
    "TELEPHONE_UTILITIES": 20500
  }, 
  "Saxby Chambliss": {
    "COMPUTERS_INTERNET": 56300, 
    "DEFENSE_AEROSPACE": 162000, 
    "DEFENSE_ELECTRONICS": 106000, 
    "ELECTRIC_UTILITIES": 86000, 
    "ELECTRONICS_MANUFACTURING": 135750, 
    "MISC_DEFENSE": 51200, 
    "TELEPHONE_UTILITIES": 38750
  }, 
  "Scott Garrett": {
    "COMPUTERS_INTERNET": 4000, 
    "DEFENSE_AEROSPACE": 3500, 
    "DEFENSE_ELECTRONICS": 12000, 
    "ELECTRIC_UTILITIES": 8000, 
    "ELECTRONICS_MANUFACTURING": 20000, 
    "MISC_DEFENSE": 9000, 
    "TELEPHONE_UTILITIES": 20000
  }, 
  "Scott R. Tipton": {
    "COMPUTERS_INTERNET": 0, 
    "DEFENSE_AEROSPACE": 0, 
    "DEFENSE_ELECTRONICS": 0, 
    "ELECTRIC_UTILITIES": 0, 
    "ELECTRONICS_MANUFACTURING": 0, 
    "MISC_DEFENSE": 0, 
    "TELEPHONE_UTILITIES": 0
  }, 
  "Sheila Jackson Lee": {
    "COMPUTERS_INTERNET": 3000, 
    "DEFENSE_AEROSPACE": 8000, 
    "DEFENSE_ELECTRONICS": 18000, 
    "ELECTRIC_UTILITIES": 2000, 
    "ELECTRONICS_MANUFACTURING": 17500, 
    "MISC_DEFENSE": 2500, 
    "TELEPHONE_UTILITIES": 12500
  }, 
  "Sheldon Whitehouse": {
    "COMPUTERS_INTERNET": 15500, 
    "DEFENSE_AEROSPACE": 9000, 
    "DEFENSE_ELECTRONICS": 5500, 
    "ELECTRIC_UTILITIES": 2000, 
    "ELECTRONICS_MANUFACTURING": 42500, 
    "MISC_DEFENSE": 1000, 
    "TELEPHONE_UTILITIES": 8500
  }, 
  "Shelley Moore Capito": {
    "COMPUTERS_INTERNET": 1000, 
    "DEFENSE_AEROSPACE": 16000, 
    "DEFENSE_ELECTRONICS": 8500, 
    "ELECTRIC_UTILITIES": 12000, 
    "ELECTRONICS_MANUFACTURING": 15500, 
    "MISC_DEFENSE": 2000, 
    "TELEPHONE_UTILITIES": 13500
  }, 
  "Sherrod Brown": {
    "COMPUTERS_INTERNET": 2000, 
    "DEFENSE_AEROSPACE": 10500, 
    "DEFENSE_ELECTRONICS": 2500, 
    "ELECTRIC_UTILITIES": 11000, 
    "ELECTRONICS_MANUFACTURING": 10000, 
    "MISC_DEFENSE": 5000, 
    "TELEPHONE_UTILITIES": 1000
  }, 
  "Spencer Bachus": {
    "COMPUTERS_INTERNET": 13000, 
    "DEFENSE_AEROSPACE": 14500, 
    "DEFENSE_ELECTRONICS": 17000, 
    "ELECTRIC_UTILITIES": 12000, 
    "ELECTRONICS_MANUFACTURING": 19000, 
    "MISC_DEFENSE": 0, 
    "TELEPHONE_UTILITIES": 10000
  }, 
  "Steny H. Hoyer": {
    "COMPUTERS_INTERNET": 26800, 
    "DEFENSE_AEROSPACE": 102100, 
    "DEFENSE_ELECTRONICS": 107800, 
    "ELECTRIC_UTILITIES": 161500, 
    "ELECTRONICS_MANUFACTURING": 65500, 
    "MISC_DEFENSE": 72800, 
    "TELEPHONE_UTILITIES": 25000
  }, 
  "Stephen F. Lynch": {
    "COMPUTERS_INTERNET": 1000, 
    "DEFENSE_AEROSPACE": 5500, 
    "DEFENSE_ELECTRONICS": 13000, 
    "ELECTRIC_UTILITIES": 0, 
    "ELECTRONICS_MANUFACTURING": 3000, 
    "MISC_DEFENSE": 3500, 
    "TELEPHONE_UTILITIES": 1000
  }, 
  "Stevan Pearce": {
    "COMPUTERS_INTERNET": 2400, 
    "DEFENSE_AEROSPACE": 10000, 
    "DEFENSE_ELECTRONICS": 13850, 
    "ELECTRIC_UTILITIES": 9000, 
    "ELECTRONICS_MANUFACTURING": 5950, 
    "MISC_DEFENSE": 17880, 
    "TELEPHONE_UTILITIES": 0
  }, 
  "Steve Chabot": {
    "COMPUTERS_INTERNET": 23000, 
    "DEFENSE_AEROSPACE": 16500, 
    "DEFENSE_ELECTRONICS": 16500, 
    "ELECTRIC_UTILITIES": 19000, 
    "ELECTRONICS_MANUFACTURING": 66000, 
    "MISC_DEFENSE": 0, 
    "TELEPHONE_UTILITIES": 21000
  }, 
  "Steve Cohen": {
    "COMPUTERS_INTERNET": 1000, 
    "DEFENSE_AEROSPACE": 13500, 
    "DEFENSE_ELECTRONICS": 10500, 
    "ELECTRIC_UTILITIES": 0, 
    "ELECTRONICS_MANUFACTURING": 16000, 
    "MISC_DEFENSE": 3500, 
    "TELEPHONE_UTILITIES": 5000
  }, 
  "Steve Israel": {
    "COMPUTERS_INTERNET": 0, 
    "DEFENSE_AEROSPACE": 50500, 
    "DEFENSE_ELECTRONICS": 81000, 
    "ELECTRIC_UTILITIES": 8500, 
    "ELECTRONICS_MANUFACTURING": 24000, 
    "MISC_DEFENSE": 17500, 
    "TELEPHONE_UTILITIES": 7000
  }, 
  "Steve King": {
    "COMPUTERS_INTERNET": 2000, 
    "DEFENSE_AEROSPACE": 12500, 
    "DEFENSE_ELECTRONICS": 7500, 
    "ELECTRIC_UTILITIES": 4000, 
    "ELECTRONICS_MANUFACTURING": 27500, 
    "MISC_DEFENSE": 0, 
    "TELEPHONE_UTILITIES": 17500
  }, 
  "Steve Scalise": {
    "COMPUTERS_INTERNET": 1000, 
    "DEFENSE_AEROSPACE": 6000, 
    "DEFENSE_ELECTRONICS": 13500, 
    "ELECTRIC_UTILITIES": 4500, 
    "ELECTRONICS_MANUFACTURING": 14500, 
    "MISC_DEFENSE": 1000, 
    "TELEPHONE_UTILITIES": 13500
  }, 
  "Steve Stivers": {
    "COMPUTERS_INTERNET": 500, 
    "DEFENSE_AEROSPACE": 7500, 
    "DEFENSE_ELECTRONICS": 17000, 
    "ELECTRIC_UTILITIES": 31150, 
    "ELECTRONICS_MANUFACTURING": 20500, 
    "MISC_DEFENSE": 2000, 
    "TELEPHONE_UTILITIES": 16500
  }, 
  "Susan A. Davis": {
    "COMPUTERS_INTERNET": 0, 
    "DEFENSE_AEROSPACE": 18500, 
    "DEFENSE_ELECTRONICS": 42750, 
    "ELECTRIC_UTILITIES": 7500, 
    "ELECTRONICS_MANUFACTURING": 6500, 
    "MISC_DEFENSE": 25500, 
    "TELEPHONE_UTILITIES": 0
  }, 
  "Susan M. Collins": {
    "COMPUTERS_INTERNET": 83711, 
    "DEFENSE_AEROSPACE": 80000, 
    "DEFENSE_ELECTRONICS": 78500, 
    "ELECTRIC_UTILITIES": 32000, 
    "ELECTRONICS_MANUFACTURING": 109411, 
    "MISC_DEFENSE": 60600, 
    "TELEPHONE_UTILITIES": 30000
  }, 
  "Tammy Baldwin": {
    "COMPUTERS_INTERNET": 1000, 
    "DEFENSE_AEROSPACE": 6500, 
    "DEFENSE_ELECTRONICS": 0, 
    "ELECTRIC_UTILITIES": 12500, 
    "ELECTRONICS_MANUFACTURING": 28000, 
    "MISC_DEFENSE": 0, 
    "TELEPHONE_UTILITIES": 11500
  }, 
  "Tammy Duckworth": {
    "COMPUTERS_INTERNET": 0, 
    "DEFENSE_AEROSPACE": 0, 
    "DEFENSE_ELECTRONICS": 0, 
    "ELECTRIC_UTILITIES": 0, 
    "ELECTRONICS_MANUFACTURING": 0, 
    "MISC_DEFENSE": 0, 
    "TELEPHONE_UTILITIES": 0
  }, 
  "Ted Poe": {
    "COMPUTERS_INTERNET": 0, 
    "DEFENSE_AEROSPACE": 13500, 
    "DEFENSE_ELECTRONICS": 8500, 
    "ELECTRIC_UTILITIES": 10500, 
    "ELECTRONICS_MANUFACTURING": 7500, 
    "MISC_DEFENSE": 7500, 
    "TELEPHONE_UTILITIES": 6500
  }, 
  "Thad Cochran": {
    "COMPUTERS_INTERNET": 3000, 
    "DEFENSE_AEROSPACE": 75500, 
    "DEFENSE_ELECTRONICS": 66000, 
    "ELECTRIC_UTILITIES": 14500, 
    "ELECTRONICS_MANUFACTURING": 37000, 
    "MISC_DEFENSE": 28000, 
    "TELEPHONE_UTILITIES": 13500
  }, 
  "Thomas E. Petri": {
    "COMPUTERS_INTERNET": 500, 
    "DEFENSE_AEROSPACE": 29000, 
    "DEFENSE_ELECTRONICS": 28000, 
    "ELECTRIC_UTILITIES": 2000, 
    "ELECTRONICS_MANUFACTURING": 20500, 
    "MISC_DEFENSE": 24010, 
    "TELEPHONE_UTILITIES": 11000
  }, 
  "Thomas J. Rooney": {
    "COMPUTERS_INTERNET": 1000, 
    "DEFENSE_AEROSPACE": 1500, 
    "DEFENSE_ELECTRONICS": 2500, 
    "ELECTRIC_UTILITIES": 7000, 
    "ELECTRONICS_MANUFACTURING": 6500, 
    "MISC_DEFENSE": 1000, 
    "TELEPHONE_UTILITIES": 5500
  }, 
  "Thomas R. Carper": {
    "COMPUTERS_INTERNET": 2000, 
    "DEFENSE_AEROSPACE": 5300, 
    "DEFENSE_ELECTRONICS": 19600, 
    "ELECTRIC_UTILITIES": 6220, 
    "ELECTRONICS_MANUFACTURING": 19600, 
    "MISC_DEFENSE": 0, 
    "TELEPHONE_UTILITIES": 8000
  }, 
  "Tim Huelskamp": {
    "COMPUTERS_INTERNET": 0, 
    "DEFENSE_AEROSPACE": 0, 
    "DEFENSE_ELECTRONICS": 0, 
    "ELECTRIC_UTILITIES": 0, 
    "ELECTRONICS_MANUFACTURING": 0, 
    "MISC_DEFENSE": 0, 
    "TELEPHONE_UTILITIES": 0
  }, 
  "Tim Johnson": {
    "COMPUTERS_INTERNET": 15000, 
    "DEFENSE_AEROSPACE": 48000, 
    "DEFENSE_ELECTRONICS": 46500, 
    "ELECTRIC_UTILITIES": 73668, 
    "ELECTRONICS_MANUFACTURING": 75000, 
    "MISC_DEFENSE": 5300, 
    "TELEPHONE_UTILITIES": 27000
  }, 
  "Tim Murphy": {
    "COMPUTERS_INTERNET": 3000, 
    "DEFENSE_AEROSPACE": 8000, 
    "DEFENSE_ELECTRONICS": 15000, 
    "ELECTRIC_UTILITIES": 43000, 
    "ELECTRONICS_MANUFACTURING": 52000, 
    "MISC_DEFENSE": 1500, 
    "TELEPHONE_UTILITIES": 22000
  }, 
  "Tim Ryan": {
    "COMPUTERS_INTERNET": 0, 
    "DEFENSE_AEROSPACE": 36000, 
    "DEFENSE_ELECTRONICS": 26000, 
    "ELECTRIC_UTILITIES": 31000, 
    "ELECTRONICS_MANUFACTURING": 3000, 
    "MISC_DEFENSE": 20500, 
    "TELEPHONE_UTILITIES": 1000
  }, 
  "Tim Walberg": {
    "COMPUTERS_INTERNET": 2000, 
    "DEFENSE_AEROSPACE": 22500, 
    "DEFENSE_ELECTRONICS": 15000, 
    "ELECTRIC_UTILITIES": 19500, 
    "ELECTRONICS_MANUFACTURING": 17500, 
    "MISC_DEFENSE": 4000, 
    "TELEPHONE_UTILITIES": 7500
  }, 
  "Timothy H. Bishop": {
    "COMPUTERS_INTERNET": 0, 
    "DEFENSE_AEROSPACE": 19500, 
    "DEFENSE_ELECTRONICS": 20000, 
    "ELECTRIC_UTILITIES": 0, 
    "ELECTRONICS_MANUFACTURING": 14500, 
    "MISC_DEFENSE": 10000, 
    "TELEPHONE_UTILITIES": 11000
  }, 
  "Timothy J. Walz": {
    "COMPUTERS_INTERNET": 1000, 
    "DEFENSE_AEROSPACE": 10000, 
    "DEFENSE_ELECTRONICS": 11000, 
    "ELECTRIC_UTILITIES": 10000, 
    "ELECTRONICS_MANUFACTURING": 9000, 
    "MISC_DEFENSE": 6000, 
    "TELEPHONE_UTILITIES": 5000
  }, 
  "Tom Coburn": {
    "COMPUTERS_INTERNET": -1000, 
    "DEFENSE_AEROSPACE": 0, 
    "DEFENSE_ELECTRONICS": 2000, 
    "ELECTRIC_UTILITIES": 0, 
    "ELECTRONICS_MANUFACTURING": 7000, 
    "MISC_DEFENSE": -1000, 
    "TELEPHONE_UTILITIES": 3000
  }, 
  "Tom Cole": {
    "COMPUTERS_INTERNET": 1000, 
    "DEFENSE_AEROSPACE": 26000, 
    "DEFENSE_ELECTRONICS": 34000, 
    "ELECTRIC_UTILITIES": 12000, 
    "ELECTRONICS_MANUFACTURING": 23500, 
    "MISC_DEFENSE": 2000, 
    "TELEPHONE_UTILITIES": 15000
  }, 
  "Tom Harkin": {
    "COMPUTERS_INTERNET": 20500, 
    "DEFENSE_AEROSPACE": 35000, 
    "DEFENSE_ELECTRONICS": 28500, 
    "ELECTRIC_UTILITIES": 31766, 
    "ELECTRONICS_MANUFACTURING": 44000, 
    "MISC_DEFENSE": 19500, 
    "TELEPHONE_UTILITIES": 6500
  }, 
  "Tom Latham": {
    "COMPUTERS_INTERNET": 0, 
    "DEFENSE_AEROSPACE": 34500, 
    "DEFENSE_ELECTRONICS": 23000, 
    "ELECTRIC_UTILITIES": 35000, 
    "ELECTRONICS_MANUFACTURING": 29000, 
    "MISC_DEFENSE": 16500, 
    "TELEPHONE_UTILITIES": 22000
  }, 
  "Tom McClintock": {
    "COMPUTERS_INTERNET": 0, 
    "DEFENSE_AEROSPACE": 1000, 
    "DEFENSE_ELECTRONICS": 5000, 
    "ELECTRIC_UTILITIES": 0, 
    "ELECTRONICS_MANUFACTURING": 8500, 
    "MISC_DEFENSE": 0, 
    "TELEPHONE_UTILITIES": 7500
  }, 
  "Tom Price": {
    "COMPUTERS_INTERNET": 10500, 
    "DEFENSE_AEROSPACE": 19000, 
    "DEFENSE_ELECTRONICS": 12500, 
    "ELECTRIC_UTILITIES": 15300, 
    "ELECTRONICS_MANUFACTURING": 22500, 
    "MISC_DEFENSE": 0, 
    "TELEPHONE_UTILITIES": 11000
  }, 
  "Tom Udall": {
    "COMPUTERS_INTERNET": 21700, 
    "DEFENSE_AEROSPACE": 22250, 
    "DEFENSE_ELECTRONICS": 20700, 
    "ELECTRIC_UTILITIES": 28700, 
    "ELECTRONICS_MANUFACTURING": 64650, 
    "MISC_DEFENSE": 1250, 
    "TELEPHONE_UTILITIES": 8000
  }, 
  "Trent Franks": {
    "COMPUTERS_INTERNET": 4500, 
    "DEFENSE_AEROSPACE": 45750, 
    "DEFENSE_ELECTRONICS": 36250, 
    "ELECTRIC_UTILITIES": 10500, 
    "ELECTRONICS_MANUFACTURING": 15700, 
    "MISC_DEFENSE": 14500, 
    "TELEPHONE_UTILITIES": 7000
  }, 
  "Vern Buchanan": {
    "COMPUTERS_INTERNET": 0, 
    "DEFENSE_AEROSPACE": 10000, 
    "DEFENSE_ELECTRONICS": 11000, 
    "ELECTRIC_UTILITIES": 19000, 
    "ELECTRONICS_MANUFACTURING": 22000, 
    "MISC_DEFENSE": 5500, 
    "TELEPHONE_UTILITIES": 10000
  }, 
  "Virginia Foxx": {
    "COMPUTERS_INTERNET": 3500, 
    "DEFENSE_AEROSPACE": 2000, 
    "DEFENSE_ELECTRONICS": 11500, 
    "ELECTRIC_UTILITIES": 11000, 
    "ELECTRONICS_MANUFACTURING": 15000, 
    "MISC_DEFENSE": 1000, 
    "TELEPHONE_UTILITIES": 13000
  }, 
  "Walter B. Jones": {
    "COMPUTERS_INTERNET": 0, 
    "DEFENSE_AEROSPACE": 26000, 
    "DEFENSE_ELECTRONICS": 17000, 
    "ELECTRIC_UTILITIES": 15250, 
    "ELECTRONICS_MANUFACTURING": 9000, 
    "MISC_DEFENSE": 11000, 
    "TELEPHONE_UTILITIES": 4000
  }, 
  "Wm. Lacy Clay": {
    "COMPUTERS_INTERNET": 2000, 
    "DEFENSE_AEROSPACE": 9500, 
    "DEFENSE_ELECTRONICS": 14000, 
    "ELECTRIC_UTILITIES": 1000, 
    "ELECTRONICS_MANUFACTURING": 16000, 
    "MISC_DEFENSE": 5500, 
    "TELEPHONE_UTILITIES": 14000
  }, 
  "Xavier Becerra": {
    "COMPUTERS_INTERNET": 19500, 
    "DEFENSE_AEROSPACE": 39500, 
    "DEFENSE_ELECTRONICS": 24000, 
    "ELECTRIC_UTILITIES": 27000, 
    "ELECTRONICS_MANUFACTURING": 66000, 
    "MISC_DEFENSE": 17000, 
    "TELEPHONE_UTILITIES": 2500
  }, 
  "Yvette D. Clarke": {
    "COMPUTERS_INTERNET": 0, 
    "DEFENSE_AEROSPACE": 9500, 
    "DEFENSE_ELECTRONICS": 11500, 
    "ELECTRIC_UTILITIES": 0, 
    "ELECTRONICS_MANUFACTURING": 9000, 
    "MISC_DEFENSE": 6000, 
    "TELEPHONE_UTILITIES": 5500
  }, 
  "Zoe Lofgren": {
    "COMPUTERS_INTERNET": 88800, 
    "DEFENSE_AEROSPACE": 12100, 
    "DEFENSE_ELECTRONICS": 13500, 
    "ELECTRIC_UTILITIES": 10500, 
    "ELECTRONICS_MANUFACTURING": 73000, 
    "MISC_DEFENSE": 3000, 
    "TELEPHONE_UTILITIES": 5000
  }
}