{
  "Adam B. Schiff": {
    "COMPUTERS_INTERNET": 9000, 
    "DEFENSE_AEROSPACE": 9000, 
    "DEFENSE_ELECTRONICS": 14000, 
    "ELECTRIC_UTILITIES": 10500, 
    "ELECTRONICS_MANUFACTURING": 48000, 
    "MISC_DEFENSE": 15500, 
    "TELEPHONE_UTILITIES": 17000
  }, 
  "Adam Smith": {
    "COMPUTERS_INTERNET": 42000, 
    "DEFENSE_AEROSPACE": 20500, 
    "DEFENSE_ELECTRONICS": 16500, 
    "ELECTRIC_UTILITIES": 0, 
    "ELECTRONICS_MANUFACTURING": 41500, 
    "MISC_DEFENSE": 5500, 
    "TELEPHONE_UTILITIES": 8000
  }, 
  "Al Green": {
    "COMPUTERS_INTERNET": 0, 
    "DEFENSE_AEROSPACE": 0, 
    "DEFENSE_ELECTRONICS": 10000, 
    "ELECTRIC_UTILITIES": 2000, 
    "ELECTRONICS_MANUFACTURING": 10500, 
    "MISC_DEFENSE": 0, 
    "TELEPHONE_UTILITIES": 10500
  }, 
  "Alcee L. Hastings": {
    "COMPUTERS_INTERNET": 0, 
    "DEFENSE_AEROSPACE": 4000, 
    "DEFENSE_ELECTRONICS": 2000, 
    "ELECTRIC_UTILITIES": 1000, 
    "ELECTRONICS_MANUFACTURING": 7500, 
    "MISC_DEFENSE": 0, 
    "TELEPHONE_UTILITIES": 7500
  }, 
  "Allyson Y. Schwartz": {
    "COMPUTERS_INTERNET": 2000, 
    "DEFENSE_AEROSPACE": 500, 
    "DEFENSE_ELECTRONICS": 500, 
    "ELECTRIC_UTILITIES": 2000, 
    "ELECTRONICS_MANUFACTURING": 0, 
    "MISC_DEFENSE": 0, 
    "TELEPHONE_UTILITIES": 0
  }, 
  "Ander Crenshaw": {
    "COMPUTERS_INTERNET": 0, 
    "DEFENSE_AEROSPACE": 17500, 
    "DEFENSE_ELECTRONICS": 20500, 
    "ELECTRIC_UTILITIES": 5000, 
    "ELECTRONICS_MANUFACTURING": 9000, 
    "MISC_DEFENSE": 18500, 
    "TELEPHONE_UTILITIES": 7000
  }, 
  "Anna G. Eshoo": {
    "COMPUTERS_INTERNET": 45000, 
    "DEFENSE_AEROSPACE": 19000, 
    "DEFENSE_ELECTRONICS": 35500, 
    "ELECTRIC_UTILITIES": 15500, 
    "ELECTRONICS_MANUFACTURING": 68000, 
    "MISC_DEFENSE": 15000, 
    "TELEPHONE_UTILITIES": 22500
  }, 
  "Barbara A. Mikulski": {
    "COMPUTERS_INTERNET": 27000, 
    "DEFENSE_AEROSPACE": 87500, 
    "DEFENSE_ELECTRONICS": 78500, 
    "ELECTRIC_UTILITIES": 22000, 
    "ELECTRONICS_MANUFACTURING": 61000, 
    "MISC_DEFENSE": 56500, 
    "TELEPHONE_UTILITIES": 16500
  }, 
  "Barbara Boxer": {
    "COMPUTERS_INTERNET": 63175, 
    "DEFENSE_AEROSPACE": 18500, 
    "DEFENSE_ELECTRONICS": 25500, 
    "ELECTRIC_UTILITIES": 10000, 
    "ELECTRONICS_MANUFACTURING": 93675, 
    "MISC_DEFENSE": 18350, 
    "TELEPHONE_UTILITIES": 23500
  }, 
  "Barbara Lee": {
    "COMPUTERS_INTERNET": 0, 
    "DEFENSE_AEROSPACE": 0, 
    "DEFENSE_ELECTRONICS": 0, 
    "ELECTRIC_UTILITIES": 2000, 
    "ELECTRONICS_MANUFACTURING": 2000, 
    "MISC_DEFENSE": 1000, 
    "TELEPHONE_UTILITIES": 1000
  }, 
  "Benjamin L. Cardin": {
    "COMPUTERS_INTERNET": 2000, 
    "DEFENSE_AEROSPACE": 18000, 
    "DEFENSE_ELECTRONICS": 15000, 
    "ELECTRIC_UTILITIES": 23500, 
    "ELECTRONICS_MANUFACTURING": 11200, 
    "MISC_DEFENSE": 12500, 
    "TELEPHONE_UTILITIES": 4000
  }, 
  "Bennie G. Thompson": {
    "COMPUTERS_INTERNET": 1000, 
    "DEFENSE_AEROSPACE": 9000, 
    "DEFENSE_ELECTRONICS": 11500, 
    "ELECTRIC_UTILITIES": 10192, 
    "ELECTRONICS_MANUFACTURING": 14000, 
    "MISC_DEFENSE": 3000, 
    "TELEPHONE_UTILITIES": 13000
  }, 
  "Bernard Sanders": {
    "COMPUTERS_INTERNET": 0, 
    "DEFENSE_AEROSPACE": 0, 
    "DEFENSE_ELECTRONICS": 0, 
    "ELECTRIC_UTILITIES": 0, 
    "ELECTRONICS_MANUFACTURING": 0, 
    "MISC_DEFENSE": 0, 
    "TELEPHONE_UTILITIES": 0
  }, 
  "Betty McCollum": {
    "COMPUTERS_INTERNET": 0, 
    "DEFENSE_AEROSPACE": 5500, 
    "DEFENSE_ELECTRONICS": 3000, 
    "ELECTRIC_UTILITIES": 1500, 
    "ELECTRONICS_MANUFACTURING": 4250, 
    "MISC_DEFENSE": 3750, 
    "TELEPHONE_UTILITIES": 2250
  }, 
  "Bill Nelson": {
    "COMPUTERS_INTERNET": 4000, 
    "DEFENSE_AEROSPACE": 32437, 
    "DEFENSE_ELECTRONICS": 38000, 
    "ELECTRIC_UTILITIES": 15000, 
    "ELECTRONICS_MANUFACTURING": 39000, 
    "MISC_DEFENSE": 20437, 
    "TELEPHONE_UTILITIES": 19000
  }, 
  "Bill Pascrell Jr.": {
    "COMPUTERS_INTERNET": 0, 
    "DEFENSE_AEROSPACE": 5500, 
    "DEFENSE_ELECTRONICS": 8000, 
    "ELECTRIC_UTILITIES": 6000, 
    "ELECTRONICS_MANUFACTURING": 3500, 
    "MISC_DEFENSE": 9600, 
    "TELEPHONE_UTILITIES": 2000
  }, 
  "Bill Shuster": {
    "COMPUTERS_INTERNET": 0, 
    "DEFENSE_AEROSPACE": 12000, 
    "DEFENSE_ELECTRONICS": 6500, 
    "ELECTRIC_UTILITIES": 27500, 
    "ELECTRONICS_MANUFACTURING": 11500, 
    "MISC_DEFENSE": 7500, 
    "TELEPHONE_UTILITIES": 7000
  }, 
  "Bob Corker": {
    "COMPUTERS_INTERNET": 0, 
    "DEFENSE_AEROSPACE": 0, 
    "DEFENSE_ELECTRONICS": 0, 
    "ELECTRIC_UTILITIES": 0, 
    "ELECTRONICS_MANUFACTURING": 0, 
    "MISC_DEFENSE": 0, 
    "TELEPHONE_UTILITIES": 0
  }, 
  "Bob Goodlatte": {
    "COMPUTERS_INTERNET": 38000, 
    "DEFENSE_AEROSPACE": 11000, 
    "DEFENSE_ELECTRONICS": 11000, 
    "ELECTRIC_UTILITIES": 15250, 
    "ELECTRONICS_MANUFACTURING": 67500, 
    "MISC_DEFENSE": 2000, 
    "TELEPHONE_UTILITIES": 20500
  }, 
  "Bobby L. Rush": {
    "COMPUTERS_INTERNET": 2000, 
    "DEFENSE_AEROSPACE": 5000, 
    "DEFENSE_ELECTRONICS": 10833, 
    "ELECTRIC_UTILITIES": 20995, 
    "ELECTRONICS_MANUFACTURING": 39833, 
    "MISC_DEFENSE": 0, 
    "TELEPHONE_UTILITIES": 17333
  }, 
  "Brad Sherman": {
    "COMPUTERS_INTERNET": 3000, 
    "DEFENSE_AEROSPACE": 7500, 
    "DEFENSE_ELECTRONICS": 15500, 
    "ELECTRIC_UTILITIES": 4000, 
    "ELECTRONICS_MANUFACTURING": 17500, 
    "MISC_DEFENSE": 7500, 
    "TELEPHONE_UTILITIES": 11000
  }, 
  "Brian Higgins": {
    "COMPUTERS_INTERNET": 0, 
    "DEFENSE_AEROSPACE": 1000, 
    "DEFENSE_ELECTRONICS": 1000, 
    "ELECTRIC_UTILITIES": 0, 
    "ELECTRONICS_MANUFACTURING": 1250, 
    "MISC_DEFENSE": 2000, 
    "TELEPHONE_UTILITIES": 1250
  }, 
  "C. A. Dutch Ruppersberger": {
    "COMPUTERS_INTERNET": 500, 
    "DEFENSE_AEROSPACE": 23000, 
    "DEFENSE_ELECTRONICS": 23500, 
    "ELECTRIC_UTILITIES": 8000, 
    "ELECTRONICS_MANUFACTURING": 8250, 
    "MISC_DEFENSE": 14000, 
    "TELEPHONE_UTILITIES": 6250
  }, 
  "Candice S. Miller": {
    "COMPUTERS_INTERNET": 8500, 
    "DEFENSE_AEROSPACE": 38450, 
    "DEFENSE_ELECTRONICS": 32500, 
    "ELECTRIC_UTILITIES": 16350, 
    "ELECTRONICS_MANUFACTURING": 11000, 
    "MISC_DEFENSE": 15500, 
    "TELEPHONE_UTILITIES": 7000
  }, 
  "Carl Levin": {
    "COMPUTERS_INTERNET": 0, 
    "DEFENSE_AEROSPACE": -3000, 
    "DEFENSE_ELECTRONICS": 0, 
    "ELECTRIC_UTILITIES": 0, 
    "ELECTRONICS_MANUFACTURING": 0, 
    "MISC_DEFENSE": -1000, 
    "TELEPHONE_UTILITIES": 1000
  }, 
  "Carolyn B. Maloney": {
    "COMPUTERS_INTERNET": 4000, 
    "DEFENSE_AEROSPACE": 2000, 
    "DEFENSE_ELECTRONICS": 3000, 
    "ELECTRIC_UTILITIES": 1000, 
    "ELECTRONICS_MANUFACTURING": 13000, 
    "MISC_DEFENSE": 0, 
    "TELEPHONE_UTILITIES": 8000
  }, 
  "Carolyn McCarthy": {
    "COMPUTERS_INTERNET": 3000, 
    "DEFENSE_AEROSPACE": 10000, 
    "DEFENSE_ELECTRONICS": 11000, 
    "ELECTRIC_UTILITIES": 0, 
    "ELECTRONICS_MANUFACTURING": 16500, 
    "MISC_DEFENSE": 7000, 
    "TELEPHONE_UTILITIES": 6500
  }, 
  "Cathy McMorris Rodgers": {
    "COMPUTERS_INTERNET": 6000, 
    "DEFENSE_AEROSPACE": 4000, 
    "DEFENSE_ELECTRONICS": 4000, 
    "ELECTRIC_UTILITIES": 2500, 
    "ELECTRONICS_MANUFACTURING": 9000, 
    "MISC_DEFENSE": 1000, 
    "TELEPHONE_UTILITIES": 500
  }, 
  "Chaka Fattah": {
    "COMPUTERS_INTERNET": 2000, 
    "DEFENSE_AEROSPACE": 0, 
    "DEFENSE_ELECTRONICS": 1000, 
    "ELECTRIC_UTILITIES": 10500, 
    "ELECTRONICS_MANUFACTURING": 7000, 
    "MISC_DEFENSE": 1000, 
    "TELEPHONE_UTILITIES": 1000
  }, 
  "Charles B. Rangel": {
    "COMPUTERS_INTERNET": 12000, 
    "DEFENSE_AEROSPACE": 27500, 
    "DEFENSE_ELECTRONICS": 23000, 
    "ELECTRIC_UTILITIES": 9000, 
    "ELECTRONICS_MANUFACTURING": 48000, 
    "MISC_DEFENSE": 7000, 
    "TELEPHONE_UTILITIES": 21000
  }, 
  "Charles E. Schumer": {
    "COMPUTERS_INTERNET": 18000, 
    "DEFENSE_AEROSPACE": 22000, 
    "DEFENSE_ELECTRONICS": 31500, 
    "ELECTRIC_UTILITIES": 10000, 
    "ELECTRONICS_MANUFACTURING": 58000, 
    "MISC_DEFENSE": 12000, 
    "TELEPHONE_UTILITIES": 14000
  }, 
  "Charles W. Boustany Jr.": {
    "COMPUTERS_INTERNET": 0, 
    "DEFENSE_AEROSPACE": 10500, 
    "DEFENSE_ELECTRONICS": 12000, 
    "ELECTRIC_UTILITIES": 5000, 
    "ELECTRONICS_MANUFACTURING": 10000, 
    "MISC_DEFENSE": 3500, 
    "TELEPHONE_UTILITIES": 4000
  }, 
  "Charles W. Dent": {
    "COMPUTERS_INTERNET": 1000, 
    "DEFENSE_AEROSPACE": 3500, 
    "DEFENSE_ELECTRONICS": 8000, 
    "ELECTRIC_UTILITIES": 16700, 
    "ELECTRONICS_MANUFACTURING": 19500, 
    "MISC_DEFENSE": 1000, 
    "TELEPHONE_UTILITIES": 8500
  }, 
  "Chellie Pingree": {
    "COMPUTERS_INTERNET": 0, 
    "DEFENSE_AEROSPACE": 0, 
    "DEFENSE_ELECTRONICS": 0, 
    "ELECTRIC_UTILITIES": 0, 
    "ELECTRONICS_MANUFACTURING": 0, 
    "MISC_DEFENSE": 0, 
    "TELEPHONE_UTILITIES": 0
  }, 
  "Chris Collins": {
    "COMPUTERS_INTERNET": 0, 
    "DEFENSE_AEROSPACE": 0, 
    "DEFENSE_ELECTRONICS": 0, 
    "ELECTRIC_UTILITIES": 0, 
    "ELECTRONICS_MANUFACTURING": 0, 
    "MISC_DEFENSE": 0, 
    "TELEPHONE_UTILITIES": 0
  }, 
  "Chris Van Hollen": {
    "COMPUTERS_INTERNET": 500, 
    "DEFENSE_AEROSPACE": 10000, 
    "DEFENSE_ELECTRONICS": 12000, 
    "ELECTRIC_UTILITIES": 3000, 
    "ELECTRONICS_MANUFACTURING": 12000, 
    "MISC_DEFENSE": 4250, 
    "TELEPHONE_UTILITIES": 9000
  }, 
  "Christopher H. Smith": {
    "COMPUTERS_INTERNET": 0, 
    "DEFENSE_AEROSPACE": 0, 
    "DEFENSE_ELECTRONICS": 200, 
    "ELECTRIC_UTILITIES": 1200, 
    "ELECTRONICS_MANUFACTURING": 2350, 
    "MISC_DEFENSE": 200, 
    "TELEPHONE_UTILITIES": 1150
  }, 
  "Chuck Grassley": {
    "COMPUTERS_INTERNET": 31500, 
    "DEFENSE_AEROSPACE": 67500, 
    "DEFENSE_ELECTRONICS": 45000, 
    "ELECTRIC_UTILITIES": 73199, 
    "ELECTRONICS_MANUFACTURING": 85605, 
    "MISC_DEFENSE": 20000, 
    "TELEPHONE_UTILITIES": 22000
  }, 
  "Colleen W. Hanabusa": {
    "COMPUTERS_INTERNET": 0, 
    "DEFENSE_AEROSPACE": 0, 
    "DEFENSE_ELECTRONICS": 0, 
    "ELECTRIC_UTILITIES": 0, 
    "ELECTRONICS_MANUFACTURING": 0, 
    "MISC_DEFENSE": 0, 
    "TELEPHONE_UTILITIES": 0
  }, 
  "Collin C. Peterson": {
    "COMPUTERS_INTERNET": 0, 
    "DEFENSE_AEROSPACE": 3500, 
    "DEFENSE_ELECTRONICS": 3000, 
    "ELECTRIC_UTILITIES": 0, 
    "ELECTRONICS_MANUFACTURING": 1000, 
    "MISC_DEFENSE": 1000, 
    "TELEPHONE_UTILITIES": 2000
  }, 
  "Corrine Brown": {
    "COMPUTERS_INTERNET": 0, 
    "DEFENSE_AEROSPACE": 5500, 
    "DEFENSE_ELECTRONICS": 3500, 
    "ELECTRIC_UTILITIES": 3000, 
    "ELECTRONICS_MANUFACTURING": 8000, 
    "MISC_DEFENSE": 3500, 
    "TELEPHONE_UTILITIES": 7000
  }, 
  "Dana Rohrabacher": {
    "COMPUTERS_INTERNET": 1200, 
    "DEFENSE_AEROSPACE": 17100, 
    "DEFENSE_ELECTRONICS": 15000, 
    "ELECTRIC_UTILITIES": 1000, 
    "ELECTRONICS_MANUFACTURING": 0, 
    "MISC_DEFENSE": 4100, 
    "TELEPHONE_UTILITIES": 0
  }, 
  "Daniel Lipinski": {
    "COMPUTERS_INTERNET": 0, 
    "DEFENSE_AEROSPACE": 0, 
    "DEFENSE_ELECTRONICS": 0, 
    "ELECTRIC_UTILITIES": 5000, 
    "ELECTRONICS_MANUFACTURING": 0, 
    "MISC_DEFENSE": 500, 
    "TELEPHONE_UTILITIES": 0
  }, 
  "Daniel Webster": {
    "COMPUTERS_INTERNET": 0, 
    "DEFENSE_AEROSPACE": 0, 
    "DEFENSE_ELECTRONICS": 1000, 
    "ELECTRIC_UTILITIES": 3000, 
    "ELECTRONICS_MANUFACTURING": 2000, 
    "MISC_DEFENSE": 0, 
    "TELEPHONE_UTILITIES": 2000
  }, 
  "Danny K. Davis": {
    "COMPUTERS_INTERNET": 1000, 
    "DEFENSE_AEROSPACE": 6000, 
    "DEFENSE_ELECTRONICS": 15000, 
    "ELECTRIC_UTILITIES": 11000, 
    "ELECTRONICS_MANUFACTURING": 15000, 
    "MISC_DEFENSE": 0, 
    "TELEPHONE_UTILITIES": 14000
  }, 
  "Darrell E. Issa": {
    "COMPUTERS_INTERNET": 20000, 
    "DEFENSE_AEROSPACE": 13000, 
    "DEFENSE_ELECTRONICS": 37500, 
    "ELECTRIC_UTILITIES": 45000, 
    "ELECTRONICS_MANUFACTURING": 65000, 
    "MISC_DEFENSE": 10000, 
    "TELEPHONE_UTILITIES": 25000
  }, 
  "Dave Camp": {
    "COMPUTERS_INTERNET": 2000, 
    "DEFENSE_AEROSPACE": 27250, 
    "DEFENSE_ELECTRONICS": 24250, 
    "ELECTRIC_UTILITIES": 32878, 
    "ELECTRONICS_MANUFACTURING": 17000, 
    "MISC_DEFENSE": 0, 
    "TELEPHONE_UTILITIES": 11000
  }, 
  "David E. Price": {
    "COMPUTERS_INTERNET": 7000, 
    "DEFENSE_AEROSPACE": 10500, 
    "DEFENSE_ELECTRONICS": 10000, 
    "ELECTRIC_UTILITIES": 10500, 
    "ELECTRONICS_MANUFACTURING": 20000, 
    "MISC_DEFENSE": 2000, 
    "TELEPHONE_UTILITIES": 13000
  }, 
  "David G. Reichert": {
    "COMPUTERS_INTERNET": 6000, 
    "DEFENSE_AEROSPACE": 9000, 
    "DEFENSE_ELECTRONICS": 11000, 
    "ELECTRIC_UTILITIES": 0, 
    "ELECTRONICS_MANUFACTURING": 10500, 
    "MISC_DEFENSE": 1000, 
    "TELEPHONE_UTILITIES": 4000
  }, 
  "David Scott": {
    "COMPUTERS_INTERNET": 7000, 
    "DEFENSE_AEROSPACE": 5500, 
    "DEFENSE_ELECTRONICS": 2000, 
    "ELECTRIC_UTILITIES": 12000, 
    "ELECTRONICS_MANUFACTURING": 15000, 
    "MISC_DEFENSE": 2000, 
    "TELEPHONE_UTILITIES": 10500
  }, 
  "David Vitter": {
    "COMPUTERS_INTERNET": 34250, 
    "DEFENSE_AEROSPACE": 56000, 
    "DEFENSE_ELECTRONICS": 34500, 
    "ELECTRIC_UTILITIES": 33998, 
    "ELECTRONICS_MANUFACTURING": 59000, 
    "MISC_DEFENSE": 25500, 
    "TELEPHONE_UTILITIES": 29000
  }, 
  "Debbie Stabenow": {
    "COMPUTERS_INTERNET": 1500, 
    "DEFENSE_AEROSPACE": 8500, 
    "DEFENSE_ELECTRONICS": 10500, 
    "ELECTRIC_UTILITIES": 5500, 
    "ELECTRONICS_MANUFACTURING": 8500, 
    "MISC_DEFENSE": 0, 
    "TELEPHONE_UTILITIES": 4000
  }, 
  "Debbie Wasserman Schultz": {
    "COMPUTERS_INTERNET": 0, 
    "DEFENSE_AEROSPACE": 0, 
    "DEFENSE_ELECTRONICS": 3000, 
    "ELECTRIC_UTILITIES": 11000, 
    "ELECTRONICS_MANUFACTURING": 21500, 
    "MISC_DEFENSE": 0, 
    "TELEPHONE_UTILITIES": 8000
  }, 
  "Devin Nunes": {
    "COMPUTERS_INTERNET": 0, 
    "DEFENSE_AEROSPACE": 1000, 
    "DEFENSE_ELECTRONICS": 12500, 
    "ELECTRIC_UTILITIES": 12000, 
    "ELECTRONICS_MANUFACTURING": 19000, 
    "MISC_DEFENSE": 0, 
    "TELEPHONE_UTILITIES": 17000
  }, 
  "Diana DeGette": {
    "COMPUTERS_INTERNET": 0, 
    "DEFENSE_AEROSPACE": 1000, 
    "DEFENSE_ELECTRONICS": 11000, 
    "ELECTRIC_UTILITIES": 1500, 
    "ELECTRONICS_MANUFACTURING": 42896, 
    "MISC_DEFENSE": 1000, 
    "TELEPHONE_UTILITIES": 14000
  }, 
  "Dianne Feinstein": {
    "COMPUTERS_INTERNET": 16000, 
    "DEFENSE_AEROSPACE": 32500, 
    "DEFENSE_ELECTRONICS": 55000, 
    "ELECTRIC_UTILITIES": 20072, 
    "ELECTRONICS_MANUFACTURING": 31247, 
    "MISC_DEFENSE": 25000, 
    "TELEPHONE_UTILITIES": 6000
  }, 
  "Doc Hastings": {
    "COMPUTERS_INTERNET": 8000, 
    "DEFENSE_AEROSPACE": 11500, 
    "DEFENSE_ELECTRONICS": 13500, 
    "ELECTRIC_UTILITIES": 12663, 
    "ELECTRONICS_MANUFACTURING": 14500, 
    "MISC_DEFENSE": 23000, 
    "TELEPHONE_UTILITIES": 3000
  }, 
  "Don Young": {
    "COMPUTERS_INTERNET": 2000, 
    "DEFENSE_AEROSPACE": 37500, 
    "DEFENSE_ELECTRONICS": 28500, 
    "ELECTRIC_UTILITIES": 23000, 
    "ELECTRONICS_MANUFACTURING": 13000, 
    "MISC_DEFENSE": 36000, 
    "TELEPHONE_UTILITIES": 4000
  }, 
  "Donna M. Christensen": {
    "COMPUTERS_INTERNET": 0, 
    "DEFENSE_AEROSPACE": 0, 
    "DEFENSE_ELECTRONICS": 0, 
    "ELECTRIC_UTILITIES": 1500, 
    "ELECTRONICS_MANUFACTURING": 0, 
    "MISC_DEFENSE": 0, 
    "TELEPHONE_UTILITIES": 0
  }, 
  "Earl Blumenauer": {
    "COMPUTERS_INTERNET": 6000, 
    "DEFENSE_AEROSPACE": 7525, 
    "DEFENSE_ELECTRONICS": 6500, 
    "ELECTRIC_UTILITIES": 0, 
    "ELECTRONICS_MANUFACTURING": 10525, 
    "MISC_DEFENSE": 5900, 
    "TELEPHONE_UTILITIES": 1000
  }, 
  "Ed Pastor": {
    "COMPUTERS_INTERNET": 2000, 
    "DEFENSE_AEROSPACE": 21500, 
    "DEFENSE_ELECTRONICS": 30500, 
    "ELECTRIC_UTILITIES": 22000, 
    "ELECTRONICS_MANUFACTURING": 13500, 
    "MISC_DEFENSE": 22750, 
    "TELEPHONE_UTILITIES": 8000
  }, 
  "Ed Whitfield": {
    "COMPUTERS_INTERNET": 5000, 
    "DEFENSE_AEROSPACE": 8000, 
    "DEFENSE_ELECTRONICS": 14000, 
    "ELECTRIC_UTILITIES": 17632, 
    "ELECTRONICS_MANUFACTURING": 60926, 
    "MISC_DEFENSE": 0, 
    "TELEPHONE_UTILITIES": 35500
  }, 
  "Eddie Bernice Johnson": {
    "COMPUTERS_INTERNET": 2500, 
    "DEFENSE_AEROSPACE": 8080, 
    "DEFENSE_ELECTRONICS": 6580, 
    "ELECTRIC_UTILITIES": 4000, 
    "ELECTRONICS_MANUFACTURING": 3000, 
    "MISC_DEFENSE": 3000, 
    "TELEPHONE_UTILITIES": 1000
  }, 
  "Edward J. Markey": {
    "COMPUTERS_INTERNET": 19000, 
    "DEFENSE_AEROSPACE": 13000, 
    "DEFENSE_ELECTRONICS": 46000, 
    "ELECTRIC_UTILITIES": 2000, 
    "ELECTRONICS_MANUFACTURING": 137500, 
    "MISC_DEFENSE": 0, 
    "TELEPHONE_UTILITIES": 73500
  }, 
  "Edward R. Royce": {
    "COMPUTERS_INTERNET": 7000, 
    "DEFENSE_AEROSPACE": 6000, 
    "DEFENSE_ELECTRONICS": 6000, 
    "ELECTRIC_UTILITIES": 3750, 
    "ELECTRONICS_MANUFACTURING": 9000, 
    "MISC_DEFENSE": 800, 
    "TELEPHONE_UTILITIES": 0
  }, 
  "Eleanor Holmes Norton": {
    "COMPUTERS_INTERNET": 0, 
    "DEFENSE_AEROSPACE": 0, 
    "DEFENSE_ELECTRONICS": 0, 
    "ELECTRIC_UTILITIES": 0, 
    "ELECTRONICS_MANUFACTURING": 3000, 
    "MISC_DEFENSE": 0, 
    "TELEPHONE_UTILITIES": 3000
  }, 
  "Elijah E. Cummings": {
    "COMPUTERS_INTERNET": 3500, 
    "DEFENSE_AEROSPACE": 8000, 
    "DEFENSE_ELECTRONICS": 7000, 
    "ELECTRIC_UTILITIES": 10000, 
    "ELECTRONICS_MANUFACTURING": 27000, 
    "MISC_DEFENSE": 3500, 
    "TELEPHONE_UTILITIES": 12500
  }, 
  "Eliot L. Engel": {
    "COMPUTERS_INTERNET": 5500, 
    "DEFENSE_AEROSPACE": 5000, 
    "DEFENSE_ELECTRONICS": 14000, 
    "ELECTRIC_UTILITIES": 3000, 
    "ELECTRONICS_MANUFACTURING": 61000, 
    "MISC_DEFENSE": 3000, 
    "TELEPHONE_UTILITIES": 29500
  }, 
  "Emanuel Cleaver": {
    "COMPUTERS_INTERNET": 0, 
    "DEFENSE_AEROSPACE": 0, 
    "DEFENSE_ELECTRONICS": 6000, 
    "ELECTRIC_UTILITIES": 2500, 
    "ELECTRONICS_MANUFACTURING": 21000, 
    "MISC_DEFENSE": 0, 
    "TELEPHONE_UTILITIES": 12000
  }, 
  "Eni F. H. Faleomavaega": {
    "COMPUTERS_INTERNET": 0, 
    "DEFENSE_AEROSPACE": 0, 
    "DEFENSE_ELECTRONICS": 0, 
    "ELECTRIC_UTILITIES": 0, 
    "ELECTRONICS_MANUFACTURING": 0, 
    "MISC_DEFENSE": 0, 
    "TELEPHONE_UTILITIES": 0
  }, 
  "Eric Cantor": {
    "COMPUTERS_INTERNET": 15000, 
    "DEFENSE_AEROSPACE": 39250, 
    "DEFENSE_ELECTRONICS": 39000, 
    "ELECTRIC_UTILITIES": 47750, 
    "ELECTRONICS_MANUFACTURING": 48700, 
    "MISC_DEFENSE": 16000, 
    "TELEPHONE_UTILITIES": 18500
  }, 
  "F. James Sensenbrenner Jr.": {
    "COMPUTERS_INTERNET": 35000, 
    "DEFENSE_AEROSPACE": 15000, 
    "DEFENSE_ELECTRONICS": 18500, 
    "ELECTRIC_UTILITIES": 0, 
    "ELECTRONICS_MANUFACTURING": 96680, 
    "MISC_DEFENSE": 0, 
    "TELEPHONE_UTILITIES": 39000
  }, 
  "Frank A. LoBiondo": {
    "COMPUTERS_INTERNET": 1000, 
    "DEFENSE_AEROSPACE": 28600, 
    "DEFENSE_ELECTRONICS": 35500, 
    "ELECTRIC_UTILITIES": 3000, 
    "ELECTRONICS_MANUFACTURING": 5750, 
    "MISC_DEFENSE": 23000, 
    "TELEPHONE_UTILITIES": 1000
  }, 
  "Frank D. Lucas": {
    "COMPUTERS_INTERNET": 2000, 
    "DEFENSE_AEROSPACE": 2000, 
    "DEFENSE_ELECTRONICS": 6000, 
    "ELECTRIC_UTILITIES": 12999, 
    "ELECTRONICS_MANUFACTURING": 9000, 
    "MISC_DEFENSE": 0, 
    "TELEPHONE_UTILITIES": 9000
  }, 
  "Frank Pallone Jr.": {
    "COMPUTERS_INTERNET": 3500, 
    "DEFENSE_AEROSPACE": 0, 
    "DEFENSE_ELECTRONICS": 5000, 
    "ELECTRIC_UTILITIES": 13500, 
    "ELECTRONICS_MANUFACTURING": 38446, 
    "MISC_DEFENSE": 0, 
    "TELEPHONE_UTILITIES": 12500
  }, 
  "Frank R. Wolf": {
    "COMPUTERS_INTERNET": 18000, 
    "DEFENSE_AEROSPACE": 34000, 
    "DEFENSE_ELECTRONICS": 36000, 
    "ELECTRIC_UTILITIES": 2000, 
    "ELECTRONICS_MANUFACTURING": 27500, 
    "MISC_DEFENSE": 31000, 
    "TELEPHONE_UTILITIES": 17000
  }, 
  "Fred Upton": {
    "COMPUTERS_INTERNET": 20000, 
    "DEFENSE_AEROSPACE": 28500, 
    "DEFENSE_ELECTRONICS": 32025, 
    "ELECTRIC_UTILITIES": 36000, 
    "ELECTRONICS_MANUFACTURING": 119250, 
    "MISC_DEFENSE": 0, 
    "TELEPHONE_UTILITIES": 47000
  }, 
  "G. K. Butterfield": {
    "COMPUTERS_INTERNET": 0, 
    "DEFENSE_AEROSPACE": 0, 
    "DEFENSE_ELECTRONICS": 0, 
    "ELECTRIC_UTILITIES": 2500, 
    "ELECTRONICS_MANUFACTURING": 1500, 
    "MISC_DEFENSE": 0, 
    "TELEPHONE_UTILITIES": 1500
  }, 
  "Gary G. Miller": {
    "COMPUTERS_INTERNET": 5500, 
    "DEFENSE_AEROSPACE": 3500, 
    "DEFENSE_ELECTRONICS": 8500, 
    "ELECTRIC_UTILITIES": 5000, 
    "ELECTRONICS_MANUFACTURING": 14500, 
    "MISC_DEFENSE": 4000, 
    "TELEPHONE_UTILITIES": 9000
  }, 
  "Gene Green": {
    "COMPUTERS_INTERNET": 1000, 
    "DEFENSE_AEROSPACE": 7000, 
    "DEFENSE_ELECTRONICS": 13906, 
    "ELECTRIC_UTILITIES": 29000, 
    "ELECTRONICS_MANUFACTURING": 42500, 
    "MISC_DEFENSE": 3500, 
    "TELEPHONE_UTILITIES": 22500
  }, 
  "George Miller": {
    "COMPUTERS_INTERNET": 1000, 
    "DEFENSE_AEROSPACE": 0, 
    "DEFENSE_ELECTRONICS": 1000, 
    "ELECTRIC_UTILITIES": 1500, 
    "ELECTRONICS_MANUFACTURING": 2000, 
    "MISC_DEFENSE": 0, 
    "TELEPHONE_UTILITIES": 1000
  }, 
  "Grace F. Napolitano": {
    "COMPUTERS_INTERNET": 3500, 
    "DEFENSE_AEROSPACE": 1000, 
    "DEFENSE_ELECTRONICS": 0, 
    "ELECTRIC_UTILITIES": 5650, 
    "ELECTRONICS_MANUFACTURING": 4500, 
    "MISC_DEFENSE": 500, 
    "TELEPHONE_UTILITIES": 1000
  }, 
  "Greg Walden": {
    "COMPUTERS_INTERNET": 17000, 
    "DEFENSE_AEROSPACE": 9000, 
    "DEFENSE_ELECTRONICS": 16000, 
    "ELECTRIC_UTILITIES": 30999, 
    "ELECTRONICS_MANUFACTURING": 75960, 
    "MISC_DEFENSE": 8500, 
    "TELEPHONE_UTILITIES": 29500
  }, 
  "Gregory W. Meeks": {
    "COMPUTERS_INTERNET": 14500, 
    "DEFENSE_AEROSPACE": 8000, 
    "DEFENSE_ELECTRONICS": 7000, 
    "ELECTRIC_UTILITIES": 1500, 
    "ELECTRONICS_MANUFACTURING": 24000, 
    "MISC_DEFENSE": 2000, 
    "TELEPHONE_UTILITIES": 6000
  }, 
  "Gwen Moore": {
    "COMPUTERS_INTERNET": 0, 
    "DEFENSE_AEROSPACE": 0, 
    "DEFENSE_ELECTRONICS": 4000, 
    "ELECTRIC_UTILITIES": 0, 
    "ELECTRONICS_MANUFACTURING": 4000, 
    "MISC_DEFENSE": 0, 
    "TELEPHONE_UTILITIES": 4000
  }, 
  "Harold Rogers": {
    "COMPUTERS_INTERNET": 16500, 
    "DEFENSE_AEROSPACE": 37225, 
    "DEFENSE_ELECTRONICS": 43725, 
    "ELECTRIC_UTILITIES": 17000, 
    "ELECTRONICS_MANUFACTURING": 27500, 
    "MISC_DEFENSE": 22000, 
    "TELEPHONE_UTILITIES": 9000
  }, 
  "Harry Reid": {
    "COMPUTERS_INTERNET": 64500, 
    "DEFENSE_AEROSPACE": 53000, 
    "DEFENSE_ELECTRONICS": 63000, 
    "ELECTRIC_UTILITIES": 18326, 
    "ELECTRONICS_MANUFACTURING": 153000, 
    "MISC_DEFENSE": 52523, 
    "TELEPHONE_UTILITIES": 48000
  }, 
  "Henry A. Waxman": {
    "COMPUTERS_INTERNET": 9500, 
    "DEFENSE_AEROSPACE": 4000, 
    "DEFENSE_ELECTRONICS": 5000, 
    "ELECTRIC_UTILITIES": 7000, 
    "ELECTRONICS_MANUFACTURING": 65000, 
    "MISC_DEFENSE": 1500, 
    "TELEPHONE_UTILITIES": 23000
  }, 
  "Henry Cuellar": {
    "COMPUTERS_INTERNET": 0, 
    "DEFENSE_AEROSPACE": 0, 
    "DEFENSE_ELECTRONICS": 10250, 
    "ELECTRIC_UTILITIES": 3000, 
    "ELECTRONICS_MANUFACTURING": 12250, 
    "MISC_DEFENSE": 0, 
    "TELEPHONE_UTILITIES": 12250
  }, 
  "Howard Coble": {
    "COMPUTERS_INTERNET": 4500, 
    "DEFENSE_AEROSPACE": 14000, 
    "DEFENSE_ELECTRONICS": 13000, 
    "ELECTRIC_UTILITIES": 11500, 
    "ELECTRONICS_MANUFACTURING": 21500, 
    "MISC_DEFENSE": 8000, 
    "TELEPHONE_UTILITIES": 8500
  }, 
  "Howard P. \"Buck\" McKeon": {
    "COMPUTERS_INTERNET": 8500, 
    "DEFENSE_AEROSPACE": 53000, 
    "DEFENSE_ELECTRONICS": 55500, 
    "ELECTRIC_UTILITIES": 17000, 
    "ELECTRONICS_MANUFACTURING": 17000, 
    "MISC_DEFENSE": 38500, 
    "TELEPHONE_UTILITIES": 8000
  }, 
  "Ileana Ros-Lehtinen": {
    "COMPUTERS_INTERNET": 500, 
    "DEFENSE_AEROSPACE": 3500, 
    "DEFENSE_ELECTRONICS": 3000, 
    "ELECTRIC_UTILITIES": 4500, 
    "ELECTRONICS_MANUFACTURING": 12000, 
    "MISC_DEFENSE": 0, 
    "TELEPHONE_UTILITIES": 6500
  }, 
  "J. Randy Forbes": {
    "COMPUTERS_INTERNET": 2500, 
    "DEFENSE_AEROSPACE": 32500, 
    "DEFENSE_ELECTRONICS": 36500, 
    "ELECTRIC_UTILITIES": 7500, 
    "ELECTRONICS_MANUFACTURING": 12500, 
    "MISC_DEFENSE": 25000, 
    "TELEPHONE_UTILITIES": 4500
  }, 
  "Jack Kingston": {
    "COMPUTERS_INTERNET": 8000, 
    "DEFENSE_AEROSPACE": 29500, 
    "DEFENSE_ELECTRONICS": 30500, 
    "ELECTRIC_UTILITIES": 16000, 
    "ELECTRONICS_MANUFACTURING": 12500, 
    "MISC_DEFENSE": 18500, 
    "TELEPHONE_UTILITIES": 7500
  }, 
  "Jack Reed": {
    "COMPUTERS_INTERNET": 0, 
    "DEFENSE_AEROSPACE": -2000, 
    "DEFENSE_ELECTRONICS": -1400, 
    "ELECTRIC_UTILITIES": 0, 
    "ELECTRONICS_MANUFACTURING": 0, 
    "MISC_DEFENSE": -1000, 
    "TELEPHONE_UTILITIES": 0
  }, 
  "James E. Clyburn": {
    "COMPUTERS_INTERNET": 6500, 
    "DEFENSE_AEROSPACE": 15500, 
    "DEFENSE_ELECTRONICS": 17000, 
    "ELECTRIC_UTILITIES": 15000, 
    "ELECTRONICS_MANUFACTURING": 45000, 
    "MISC_DEFENSE": 11000, 
    "TELEPHONE_UTILITIES": 27000
  }, 
  "James M. Inhofe": {
    "COMPUTERS_INTERNET": 2000, 
    "DEFENSE_AEROSPACE": 3000, 
    "DEFENSE_ELECTRONICS": 1000, 
    "ELECTRIC_UTILITIES": 20500, 
    "ELECTRONICS_MANUFACTURING": 7000, 
    "MISC_DEFENSE": 7000, 
    "TELEPHONE_UTILITIES": 0
  }, 
  "James P. McGovern": {
    "COMPUTERS_INTERNET": 1000, 
    "DEFENSE_AEROSPACE": 2000, 
    "DEFENSE_ELECTRONICS": 4000, 
    "ELECTRIC_UTILITIES": 2500, 
    "ELECTRONICS_MANUFACTURING": 3500, 
    "MISC_DEFENSE": 500, 
    "TELEPHONE_UTILITIES": 1000
  }, 
  "James P. Moran": {
    "COMPUTERS_INTERNET": 35000, 
    "DEFENSE_AEROSPACE": 62250, 
    "DEFENSE_ELECTRONICS": 89250, 
    "ELECTRIC_UTILITIES": 2000, 
    "ELECTRONICS_MANUFACTURING": 19500, 
    "MISC_DEFENSE": 56500, 
    "TELEPHONE_UTILITIES": 2000
  }, 
  "James R. Langevin": {
    "COMPUTERS_INTERNET": 2500, 
    "DEFENSE_AEROSPACE": 21500, 
    "DEFENSE_ELECTRONICS": 34000, 
    "ELECTRIC_UTILITIES": 0, 
    "ELECTRONICS_MANUFACTURING": 7825, 
    "MISC_DEFENSE": 14500, 
    "TELEPHONE_UTILITIES": 2825
  }, 
  "Janice D. Schakowsky": {
    "COMPUTERS_INTERNET": 1500, 
    "DEFENSE_AEROSPACE": 1000, 
    "DEFENSE_ELECTRONICS": 3000, 
    "ELECTRIC_UTILITIES": 2000, 
    "ELECTRONICS_MANUFACTURING": 9500, 
    "MISC_DEFENSE": 0, 
    "TELEPHONE_UTILITIES": 7000
  }, 
  "Janice Hahn": {
    "COMPUTERS_INTERNET": 0, 
    "DEFENSE_AEROSPACE": 0, 
    "DEFENSE_ELECTRONICS": 0, 
    "ELECTRIC_UTILITIES": 0, 
    "ELECTRONICS_MANUFACTURING": 0, 
    "MISC_DEFENSE": 0, 
    "TELEPHONE_UTILITIES": 0
  }, 
  "Jeanne Shaheen": {
    "COMPUTERS_INTERNET": 0, 
    "DEFENSE_AEROSPACE": 0, 
    "DEFENSE_ELECTRONICS": 0, 
    "ELECTRIC_UTILITIES": 0, 
    "ELECTRONICS_MANUFACTURING": 0, 
    "MISC_DEFENSE": 0, 
    "TELEPHONE_UTILITIES": 0
  }, 
  "Jeb Hensarling": {
    "COMPUTERS_INTERNET": 9500, 
    "DEFENSE_AEROSPACE": 9000, 
    "DEFENSE_ELECTRONICS": 15499, 
    "ELECTRIC_UTILITIES": 16500, 
    "ELECTRONICS_MANUFACTURING": 27749, 
    "MISC_DEFENSE": 1000, 
    "TELEPHONE_UTILITIES": 11749
  }, 
  "Jeff Flake": {
    "COMPUTERS_INTERNET": 12500, 
    "DEFENSE_AEROSPACE": 3000, 
    "DEFENSE_ELECTRONICS": 4000, 
    "ELECTRIC_UTILITIES": 6000, 
    "ELECTRONICS_MANUFACTURING": 21500, 
    "MISC_DEFENSE": 0, 
    "TELEPHONE_UTILITIES": 6000
  }, 
  "Jeff Fortenberry": {
    "COMPUTERS_INTERNET": 0, 
    "DEFENSE_AEROSPACE": 2000, 
    "DEFENSE_ELECTRONICS": 6500, 
    "ELECTRIC_UTILITIES": 2000, 
    "ELECTRONICS_MANUFACTURING": 6500, 
    "MISC_DEFENSE": 0, 
    "TELEPHONE_UTILITIES": 3500
  }, 
  "Jeff Miller": {
    "COMPUTERS_INTERNET": 1100, 
    "DEFENSE_AEROSPACE": 15100, 
    "DEFENSE_ELECTRONICS": 22600, 
    "ELECTRIC_UTILITIES": 19000, 
    "ELECTRONICS_MANUFACTURING": 5000, 
    "MISC_DEFENSE": 18100, 
    "TELEPHONE_UTILITIES": 3000
  }, 
  "Jeff Sessions": {
    "COMPUTERS_INTERNET": 11000, 
    "DEFENSE_AEROSPACE": 20000, 
    "DEFENSE_ELECTRONICS": 12000, 
    "ELECTRIC_UTILITIES": 3000, 
    "ELECTRONICS_MANUFACTURING": 3000, 
    "MISC_DEFENSE": 9000, 
    "TELEPHONE_UTILITIES": 1000
  }, 
  "Jerrold Nadler": {
    "COMPUTERS_INTERNET": 1000, 
    "DEFENSE_AEROSPACE": 0, 
    "DEFENSE_ELECTRONICS": 2000, 
    "ELECTRIC_UTILITIES": 1500, 
    "ELECTRONICS_MANUFACTURING": 15000, 
    "MISC_DEFENSE": 7500, 
    "TELEPHONE_UTILITIES": 4000
  }, 
  "Jerry McNerney": {
    "COMPUTERS_INTERNET": 0, 
    "DEFENSE_AEROSPACE": 0, 
    "DEFENSE_ELECTRONICS": 0, 
    "ELECTRIC_UTILITIES": 0, 
    "ELECTRONICS_MANUFACTURING": 0, 
    "MISC_DEFENSE": 0, 
    "TELEPHONE_UTILITIES": 0
  }, 
  "Jerry Moran": {
    "COMPUTERS_INTERNET": 0, 
    "DEFENSE_AEROSPACE": 10000, 
    "DEFENSE_ELECTRONICS": 13250, 
    "ELECTRIC_UTILITIES": 9000, 
    "ELECTRONICS_MANUFACTURING": 16000, 
    "MISC_DEFENSE": 1000, 
    "TELEPHONE_UTILITIES": 13750
  }, 
  "Jim Cooper": {
    "COMPUTERS_INTERNET": 10400, 
    "DEFENSE_AEROSPACE": 15000, 
    "DEFENSE_ELECTRONICS": 12500, 
    "ELECTRIC_UTILITIES": 2000, 
    "ELECTRONICS_MANUFACTURING": 25800, 
    "MISC_DEFENSE": 8500, 
    "TELEPHONE_UTILITIES": 10500
  }, 
  "Jim Costa": {
    "COMPUTERS_INTERNET": 1000, 
    "DEFENSE_AEROSPACE": 0, 
    "DEFENSE_ELECTRONICS": 5000, 
    "ELECTRIC_UTILITIES": 13900, 
    "ELECTRONICS_MANUFACTURING": 12250, 
    "MISC_DEFENSE": 0, 
    "TELEPHONE_UTILITIES": 9250
  }, 
  "Jim Gerlach": {
    "COMPUTERS_INTERNET": 6000, 
    "DEFENSE_AEROSPACE": 30500, 
    "DEFENSE_ELECTRONICS": 25500, 
    "ELECTRIC_UTILITIES": 23000, 
    "ELECTRONICS_MANUFACTURING": 35500, 
    "MISC_DEFENSE": 12500, 
    "TELEPHONE_UTILITIES": 19000
  }, 
  "Jim Matheson": {
    "COMPUTERS_INTERNET": 16000, 
    "DEFENSE_AEROSPACE": 18000, 
    "DEFENSE_ELECTRONICS": 18500, 
    "ELECTRIC_UTILITIES": 9883, 
    "ELECTRONICS_MANUFACTURING": 35000, 
    "MISC_DEFENSE": 13500, 
    "TELEPHONE_UTILITIES": 8000
  }, 
  "Jim McDermott": {
    "COMPUTERS_INTERNET": 2500, 
    "DEFENSE_AEROSPACE": 2500, 
    "DEFENSE_ELECTRONICS": 2500, 
    "ELECTRIC_UTILITIES": 0, 
    "ELECTRONICS_MANUFACTURING": 3500, 
    "MISC_DEFENSE": 0, 
    "TELEPHONE_UTILITIES": 0
  }, 
  "Joe Barton": {
    "COMPUTERS_INTERNET": 45250, 
    "DEFENSE_AEROSPACE": 54250, 
    "DEFENSE_ELECTRONICS": 53600, 
    "ELECTRIC_UTILITIES": 139500, 
    "ELECTRONICS_MANUFACTURING": 157550, 
    "MISC_DEFENSE": 11000, 
    "TELEPHONE_UTILITIES": 66300
  }, 
  "Joe Courtney": {
    "COMPUTERS_INTERNET": 0, 
    "DEFENSE_AEROSPACE": 0, 
    "DEFENSE_ELECTRONICS": 0, 
    "ELECTRIC_UTILITIES": 0, 
    "ELECTRONICS_MANUFACTURING": 0, 
    "MISC_DEFENSE": 0, 
    "TELEPHONE_UTILITIES": 0
  }, 
  "Joe Donnelly": {
    "COMPUTERS_INTERNET": 0, 
    "DEFENSE_AEROSPACE": 0, 
    "DEFENSE_ELECTRONICS": 0, 
    "ELECTRIC_UTILITIES": 0, 
    "ELECTRONICS_MANUFACTURING": 0, 
    "MISC_DEFENSE": 0, 
    "TELEPHONE_UTILITIES": 0
  }, 
  "Joe Wilson": {
    "COMPUTERS_INTERNET": 8500, 
    "DEFENSE_AEROSPACE": 18000, 
    "DEFENSE_ELECTRONICS": 5500, 
    "ELECTRIC_UTILITIES": 13500, 
    "ELECTRONICS_MANUFACTURING": 14500, 
    "MISC_DEFENSE": 21500, 
    "TELEPHONE_UTILITIES": 8500
  }, 
  "John A. Boehner": {
    "COMPUTERS_INTERNET": 5500, 
    "DEFENSE_AEROSPACE": 18125, 
    "DEFENSE_ELECTRONICS": 16500, 
    "ELECTRIC_UTILITIES": 18250, 
    "ELECTRONICS_MANUFACTURING": 35500, 
    "MISC_DEFENSE": 2000, 
    "TELEPHONE_UTILITIES": 19000
  }, 
  "John Abney Culberson": {
    "COMPUTERS_INTERNET": 3000, 
    "DEFENSE_AEROSPACE": 8000, 
    "DEFENSE_ELECTRONICS": 8500, 
    "ELECTRIC_UTILITIES": 12000, 
    "ELECTRONICS_MANUFACTURING": 11500, 
    "MISC_DEFENSE": 3500, 
    "TELEPHONE_UTILITIES": 7000
  }, 
  "John B. Larson": {
    "COMPUTERS_INTERNET": 1000, 
    "DEFENSE_AEROSPACE": 32500, 
    "DEFENSE_ELECTRONICS": 19500, 
    "ELECTRIC_UTILITIES": 2000, 
    "ELECTRONICS_MANUFACTURING": 7000, 
    "MISC_DEFENSE": 7000, 
    "TELEPHONE_UTILITIES": 2000
  }, 
  "John Barrow": {
    "COMPUTERS_INTERNET": 0, 
    "DEFENSE_AEROSPACE": 0, 
    "DEFENSE_ELECTRONICS": 0, 
    "ELECTRIC_UTILITIES": 0, 
    "ELECTRONICS_MANUFACTURING": 1000, 
    "MISC_DEFENSE": 0, 
    "TELEPHONE_UTILITIES": 1000
  }, 
  "John Boozman": {
    "COMPUTERS_INTERNET": 0, 
    "DEFENSE_AEROSPACE": 0, 
    "DEFENSE_ELECTRONICS": 7500, 
    "ELECTRIC_UTILITIES": 11000, 
    "ELECTRONICS_MANUFACTURING": 15000, 
    "MISC_DEFENSE": 0, 
    "TELEPHONE_UTILITIES": 13000
  }, 
  "John Conyers Jr.": {
    "COMPUTERS_INTERNET": 8000, 
    "DEFENSE_AEROSPACE": 6600, 
    "DEFENSE_ELECTRONICS": 14500, 
    "ELECTRIC_UTILITIES": 6500, 
    "ELECTRONICS_MANUFACTURING": 58500, 
    "MISC_DEFENSE": 0, 
    "TELEPHONE_UTILITIES": 23500
  }, 
  "John Cornyn": {
    "COMPUTERS_INTERNET": 7000, 
    "DEFENSE_AEROSPACE": 6500, 
    "DEFENSE_ELECTRONICS": 23000, 
    "ELECTRIC_UTILITIES": 17000, 
    "ELECTRONICS_MANUFACTURING": 27500, 
    "MISC_DEFENSE": 3000, 
    "TELEPHONE_UTILITIES": 10500
  }, 
  "John D. Dingell": {
    "COMPUTERS_INTERNET": 15500, 
    "DEFENSE_AEROSPACE": 39000, 
    "DEFENSE_ELECTRONICS": 41000, 
    "ELECTRIC_UTILITIES": 56374, 
    "ELECTRONICS_MANUFACTURING": 117500, 
    "MISC_DEFENSE": 4000, 
    "TELEPHONE_UTILITIES": 42000
  }, 
  "John D. Rockefeller, IV": {
    "COMPUTERS_INTERNET": 1000, 
    "DEFENSE_AEROSPACE": 0, 
    "DEFENSE_ELECTRONICS": 3000, 
    "ELECTRIC_UTILITIES": -1000, 
    "ELECTRONICS_MANUFACTURING": 12000, 
    "MISC_DEFENSE": 0, 
    "TELEPHONE_UTILITIES": 7500
  }, 
  "John F. Tierney": {
    "COMPUTERS_INTERNET": 0, 
    "DEFENSE_AEROSPACE": 2000, 
    "DEFENSE_ELECTRONICS": 2000, 
    "ELECTRIC_UTILITIES": 0, 
    "ELECTRONICS_MANUFACTURING": 1000, 
    "MISC_DEFENSE": 0, 
    "TELEPHONE_UTILITIES": 1000
  }, 
  "John J. Duncan Jr.": {
    "COMPUTERS_INTERNET": 0, 
    "DEFENSE_AEROSPACE": 8000, 
    "DEFENSE_ELECTRONICS": 13000, 
    "ELECTRIC_UTILITIES": 2750, 
    "ELECTRONICS_MANUFACTURING": 6500, 
    "MISC_DEFENSE": 4750, 
    "TELEPHONE_UTILITIES": 5000
  }, 
  "John Kline": {
    "COMPUTERS_INTERNET": 3000, 
    "DEFENSE_AEROSPACE": 51000, 
    "DEFENSE_ELECTRONICS": 26000, 
    "ELECTRIC_UTILITIES": 3000, 
    "ELECTRONICS_MANUFACTURING": 24000, 
    "MISC_DEFENSE": 27000, 
    "TELEPHONE_UTILITIES": 8000
  }, 
  "John L. Mica": {
    "COMPUTERS_INTERNET": 2000, 
    "DEFENSE_AEROSPACE": 32250, 
    "DEFENSE_ELECTRONICS": 41750, 
    "ELECTRIC_UTILITIES": 4000, 
    "ELECTRONICS_MANUFACTURING": 20000, 
    "MISC_DEFENSE": 17500, 
    "TELEPHONE_UTILITIES": 2000
  }, 
  "John Lewis": {
    "COMPUTERS_INTERNET": 2000, 
    "DEFENSE_AEROSPACE": 6000, 
    "DEFENSE_ELECTRONICS": 5000, 
    "ELECTRIC_UTILITIES": 4000, 
    "ELECTRONICS_MANUFACTURING": 11500, 
    "MISC_DEFENSE": 0, 
    "TELEPHONE_UTILITIES": 6000
  }, 
  "John McCain": {
    "COMPUTERS_INTERNET": 16000, 
    "DEFENSE_AEROSPACE": 10000, 
    "DEFENSE_ELECTRONICS": 24500, 
    "ELECTRIC_UTILITIES": 10000, 
    "ELECTRONICS_MANUFACTURING": 97000, 
    "MISC_DEFENSE": 8500, 
    "TELEPHONE_UTILITIES": 53000
  }, 
  "John R. Carter": {
    "COMPUTERS_INTERNET": 25880, 
    "DEFENSE_AEROSPACE": 9500, 
    "DEFENSE_ELECTRONICS": 15500, 
    "ELECTRIC_UTILITIES": 16000, 
    "ELECTRONICS_MANUFACTURING": 67380, 
    "MISC_DEFENSE": 6000, 
    "TELEPHONE_UTILITIES": 26000
  }, 
  "John Shimkus": {
    "COMPUTERS_INTERNET": 2000, 
    "DEFENSE_AEROSPACE": 10000, 
    "DEFENSE_ELECTRONICS": 20000, 
    "ELECTRIC_UTILITIES": 48101, 
    "ELECTRONICS_MANUFACTURING": 50000, 
    "MISC_DEFENSE": 500, 
    "TELEPHONE_UTILITIES": 29500
  }, 
  "John Thune": {
    "COMPUTERS_INTERNET": 23250, 
    "DEFENSE_AEROSPACE": 20000, 
    "DEFENSE_ELECTRONICS": 7000, 
    "ELECTRIC_UTILITIES": 21500, 
    "ELECTRONICS_MANUFACTURING": 22250, 
    "MISC_DEFENSE": 5000, 
    "TELEPHONE_UTILITIES": 0
  }, 
  "Johnny Isakson": {
    "COMPUTERS_INTERNET": 14500, 
    "DEFENSE_AEROSPACE": 56000, 
    "DEFENSE_ELECTRONICS": 47750, 
    "ELECTRIC_UTILITIES": 31998, 
    "ELECTRONICS_MANUFACTURING": 53500, 
    "MISC_DEFENSE": 18250, 
    "TELEPHONE_UTILITIES": 41000
  }, 
  "Joseph Crowley": {
    "COMPUTERS_INTERNET": 12000, 
    "DEFENSE_AEROSPACE": 7500, 
    "DEFENSE_ELECTRONICS": 2500, 
    "ELECTRIC_UTILITIES": 2000, 
    "ELECTRONICS_MANUFACTURING": 27000, 
    "MISC_DEFENSE": 0, 
    "TELEPHONE_UTILITIES": 10000
  }, 
  "Joseph R. Pitts": {
    "COMPUTERS_INTERNET": 4000, 
    "DEFENSE_AEROSPACE": 9500, 
    "DEFENSE_ELECTRONICS": 15500, 
    "ELECTRIC_UTILITIES": 10880, 
    "ELECTRONICS_MANUFACTURING": 26791, 
    "MISC_DEFENSE": 7500, 
    "TELEPHONE_UTILITIES": 13000
  }, 
  "Jos\u00e9 E. Serrano": {
    "COMPUTERS_INTERNET": 0, 
    "DEFENSE_AEROSPACE": 2500, 
    "DEFENSE_ELECTRONICS": 5000, 
    "ELECTRIC_UTILITIES": 0, 
    "ELECTRONICS_MANUFACTURING": 9500, 
    "MISC_DEFENSE": 2500, 
    "TELEPHONE_UTILITIES": 6500
  }, 
  "Juan Vargas": {
    "COMPUTERS_INTERNET": 0, 
    "DEFENSE_AEROSPACE": 0, 
    "DEFENSE_ELECTRONICS": 0, 
    "ELECTRIC_UTILITIES": 0, 
    "ELECTRONICS_MANUFACTURING": 0, 
    "MISC_DEFENSE": 0, 
    "TELEPHONE_UTILITIES": 0
  }, 
  "K. Michael Conaway": {
    "COMPUTERS_INTERNET": 0, 
    "DEFENSE_AEROSPACE": 3000, 
    "DEFENSE_ELECTRONICS": 9000, 
    "ELECTRIC_UTILITIES": 9500, 
    "ELECTRONICS_MANUFACTURING": 11000, 
    "MISC_DEFENSE": 1000, 
    "TELEPHONE_UTILITIES": 10000
  }, 
  "Kay Granger": {
    "COMPUTERS_INTERNET": 11000, 
    "DEFENSE_AEROSPACE": 52000, 
    "DEFENSE_ELECTRONICS": 51500, 
    "ELECTRIC_UTILITIES": 19000, 
    "ELECTRONICS_MANUFACTURING": 19000, 
    "MISC_DEFENSE": 21500, 
    "TELEPHONE_UTILITIES": 11000
  }, 
  "Ken Calvert": {
    "COMPUTERS_INTERNET": 5000, 
    "DEFENSE_AEROSPACE": 34000, 
    "DEFENSE_ELECTRONICS": 40000, 
    "ELECTRIC_UTILITIES": 18900, 
    "ELECTRONICS_MANUFACTURING": 19000, 
    "MISC_DEFENSE": 25000, 
    "TELEPHONE_UTILITIES": 12000
  }, 
  "Kenny Marchant": {
    "COMPUTERS_INTERNET": 1500, 
    "DEFENSE_AEROSPACE": 4000, 
    "DEFENSE_ELECTRONICS": 13500, 
    "ELECTRIC_UTILITIES": 9000, 
    "ELECTRONICS_MANUFACTURING": 19000, 
    "MISC_DEFENSE": 1000, 
    "TELEPHONE_UTILITIES": 16000
  }, 
  "Kevin Brady": {
    "COMPUTERS_INTERNET": 15500, 
    "DEFENSE_AEROSPACE": 15000, 
    "DEFENSE_ELECTRONICS": 12000, 
    "ELECTRIC_UTILITIES": 25000, 
    "ELECTRONICS_MANUFACTURING": 29500, 
    "MISC_DEFENSE": 7000, 
    "TELEPHONE_UTILITIES": 9000
  }, 
  "Lamar Alexander": {
    "COMPUTERS_INTERNET": 0, 
    "DEFENSE_AEROSPACE": 4000, 
    "DEFENSE_ELECTRONICS": 2000, 
    "ELECTRIC_UTILITIES": 5000, 
    "ELECTRONICS_MANUFACTURING": 8000, 
    "MISC_DEFENSE": 2000, 
    "TELEPHONE_UTILITIES": 4000
  }, 
  "Lamar Smith": {
    "COMPUTERS_INTERNET": 48900, 
    "DEFENSE_AEROSPACE": 14500, 
    "DEFENSE_ELECTRONICS": 24750, 
    "ELECTRIC_UTILITIES": 6000, 
    "ELECTRONICS_MANUFACTURING": 105064, 
    "MISC_DEFENSE": 2500, 
    "TELEPHONE_UTILITIES": 30000
  }, 
  "Lee Terry": {
    "COMPUTERS_INTERNET": 14000, 
    "DEFENSE_AEROSPACE": 11050, 
    "DEFENSE_ELECTRONICS": 27050, 
    "ELECTRIC_UTILITIES": 22500, 
    "ELECTRONICS_MANUFACTURING": 81500, 
    "MISC_DEFENSE": 4000, 
    "TELEPHONE_UTILITIES": 33500
  }, 
  "Linda T. S\u00e1nchez": {
    "COMPUTERS_INTERNET": 2000, 
    "DEFENSE_AEROSPACE": 0, 
    "DEFENSE_ELECTRONICS": 6500, 
    "ELECTRIC_UTILITIES": 3000, 
    "ELECTRONICS_MANUFACTURING": 18000, 
    "MISC_DEFENSE": 0, 
    "TELEPHONE_UTILITIES": 9000
  }, 
  "Lindsey Graham": {
    "COMPUTERS_INTERNET": 3500, 
    "DEFENSE_AEROSPACE": 5000, 
    "DEFENSE_ELECTRONICS": 8000, 
    "ELECTRIC_UTILITIES": 17000, 
    "ELECTRONICS_MANUFACTURING": 37250, 
    "MISC_DEFENSE": 20386, 
    "TELEPHONE_UTILITIES": 17000
  }, 
  "Lisa Murkowski": {
    "COMPUTERS_INTERNET": 28000, 
    "DEFENSE_AEROSPACE": 76750, 
    "DEFENSE_ELECTRONICS": 72000, 
    "ELECTRIC_UTILITIES": 106091, 
    "ELECTRONICS_MANUFACTURING": 101750, 
    "MISC_DEFENSE": 43000, 
    "TELEPHONE_UTILITIES": 44500
  }, 
  "Lloyd Doggett": {
    "COMPUTERS_INTERNET": 4500, 
    "DEFENSE_AEROSPACE": 0, 
    "DEFENSE_ELECTRONICS": 2000, 
    "ELECTRIC_UTILITIES": 1000, 
    "ELECTRONICS_MANUFACTURING": 5000, 
    "MISC_DEFENSE": 0, 
    "TELEPHONE_UTILITIES": 2000
  }, 
  "Lois Capps": {
    "COMPUTERS_INTERNET": 3000, 
    "DEFENSE_AEROSPACE": 5000, 
    "DEFENSE_ELECTRONICS": 14000, 
    "ELECTRIC_UTILITIES": 8500, 
    "ELECTRONICS_MANUFACTURING": 23500, 
    "MISC_DEFENSE": 5000, 
    "TELEPHONE_UTILITIES": 7500
  }, 
  "Loretta Sanchez": {
    "COMPUTERS_INTERNET": 6000, 
    "DEFENSE_AEROSPACE": 15000, 
    "DEFENSE_ELECTRONICS": 29000, 
    "ELECTRIC_UTILITIES": 5500, 
    "ELECTRONICS_MANUFACTURING": 21000, 
    "MISC_DEFENSE": 15500, 
    "TELEPHONE_UTILITIES": 8500
  }, 
  "Lou Barletta": {
    "COMPUTERS_INTERNET": 0, 
    "DEFENSE_AEROSPACE": 0, 
    "DEFENSE_ELECTRONICS": 0, 
    "ELECTRIC_UTILITIES": 0, 
    "ELECTRONICS_MANUFACTURING": 0, 
    "MISC_DEFENSE": 0, 
    "TELEPHONE_UTILITIES": 0
  }, 
  "Louie Gohmert": {
    "COMPUTERS_INTERNET": 500, 
    "DEFENSE_AEROSPACE": 4000, 
    "DEFENSE_ELECTRONICS": 7500, 
    "ELECTRIC_UTILITIES": 10500, 
    "ELECTRONICS_MANUFACTURING": 7000, 
    "MISC_DEFENSE": 2000, 
    "TELEPHONE_UTILITIES": 7000
  }, 
  "Louise McIntosh Slaughter": {
    "COMPUTERS_INTERNET": 3000, 
    "DEFENSE_AEROSPACE": 1000, 
    "DEFENSE_ELECTRONICS": 2000, 
    "ELECTRIC_UTILITIES": 1000, 
    "ELECTRONICS_MANUFACTURING": 5000, 
    "MISC_DEFENSE": 3000, 
    "TELEPHONE_UTILITIES": 2500
  }, 
  "Lucille Roybal-Allard": {
    "COMPUTERS_INTERNET": 5000, 
    "DEFENSE_AEROSPACE": 1000, 
    "DEFENSE_ELECTRONICS": 2000, 
    "ELECTRIC_UTILITIES": 10250, 
    "ELECTRONICS_MANUFACTURING": 1500, 
    "MISC_DEFENSE": 5500, 
    "TELEPHONE_UTILITIES": 2500
  }, 
  "Luis V. Guti\u00e9rrez": {
    "COMPUTERS_INTERNET": 0, 
    "DEFENSE_AEROSPACE": 1000, 
    "DEFENSE_ELECTRONICS": 8000, 
    "ELECTRIC_UTILITIES": 5000, 
    "ELECTRONICS_MANUFACTURING": 8000, 
    "MISC_DEFENSE": 0, 
    "TELEPHONE_UTILITIES": 8000
  }, 
  "Lynn A. Westmoreland": {
    "COMPUTERS_INTERNET": 2000, 
    "DEFENSE_AEROSPACE": 6000, 
    "DEFENSE_ELECTRONICS": 2000, 
    "ELECTRIC_UTILITIES": 3000, 
    "ELECTRONICS_MANUFACTURING": 10000, 
    "MISC_DEFENSE": 1000, 
    "TELEPHONE_UTILITIES": 8000
  }, 
  "Mac Thornberry": {
    "COMPUTERS_INTERNET": 1000, 
    "DEFENSE_AEROSPACE": 32000, 
    "DEFENSE_ELECTRONICS": 24300, 
    "ELECTRIC_UTILITIES": 7000, 
    "ELECTRONICS_MANUFACTURING": 6300, 
    "MISC_DEFENSE": 12000, 
    "TELEPHONE_UTILITIES": 5300
  }, 
  "Madeleine Z. Bordallo": {
    "COMPUTERS_INTERNET": 500, 
    "DEFENSE_AEROSPACE": 500, 
    "DEFENSE_ELECTRONICS": 500, 
    "ELECTRIC_UTILITIES": 0, 
    "ELECTRONICS_MANUFACTURING": 0, 
    "MISC_DEFENSE": 500, 
    "TELEPHONE_UTILITIES": 0
  }, 
  "Marcy Kaptur": {
    "COMPUTERS_INTERNET": 2500, 
    "DEFENSE_AEROSPACE": 19500, 
    "DEFENSE_ELECTRONICS": 15500, 
    "ELECTRIC_UTILITIES": 3000, 
    "ELECTRONICS_MANUFACTURING": 2000, 
    "MISC_DEFENSE": 10500, 
    "TELEPHONE_UTILITIES": 2000
  }, 
  "Maria Cantwell": {
    "COMPUTERS_INTERNET": 0, 
    "DEFENSE_AEROSPACE": 0, 
    "DEFENSE_ELECTRONICS": 0, 
    "ELECTRIC_UTILITIES": 0, 
    "ELECTRONICS_MANUFACTURING": 0, 
    "MISC_DEFENSE": 0, 
    "TELEPHONE_UTILITIES": 0
  }, 
  "Mario Diaz-Balart": {
    "COMPUTERS_INTERNET": 0, 
    "DEFENSE_AEROSPACE": 3000, 
    "DEFENSE_ELECTRONICS": 2000, 
    "ELECTRIC_UTILITIES": 3000, 
    "ELECTRONICS_MANUFACTURING": 8500, 
    "MISC_DEFENSE": 0, 
    "TELEPHONE_UTILITIES": 5500
  }, 
  "Mark Kirk": {
    "COMPUTERS_INTERNET": 0, 
    "DEFENSE_AEROSPACE": 24000, 
    "DEFENSE_ELECTRONICS": 35000, 
    "ELECTRIC_UTILITIES": 9000, 
    "ELECTRONICS_MANUFACTURING": 14000, 
    "MISC_DEFENSE": 20000, 
    "TELEPHONE_UTILITIES": 11000
  }, 
  "Mark L. Pryor": {
    "COMPUTERS_INTERNET": 0, 
    "DEFENSE_AEROSPACE": 0, 
    "DEFENSE_ELECTRONICS": 3000, 
    "ELECTRIC_UTILITIES": 6000, 
    "ELECTRONICS_MANUFACTURING": 12000, 
    "MISC_DEFENSE": 7000, 
    "TELEPHONE_UTILITIES": 12000
  }, 
  "Mark Sanford": {
    "COMPUTERS_INTERNET": 0, 
    "DEFENSE_AEROSPACE": 0, 
    "DEFENSE_ELECTRONICS": 0, 
    "ELECTRIC_UTILITIES": 0, 
    "ELECTRONICS_MANUFACTURING": 0, 
    "MISC_DEFENSE": 0, 
    "TELEPHONE_UTILITIES": 0
  }, 
  "Mark Takano": {
    "COMPUTERS_INTERNET": 0, 
    "DEFENSE_AEROSPACE": 0, 
    "DEFENSE_ELECTRONICS": 0, 
    "ELECTRIC_UTILITIES": 0, 
    "ELECTRONICS_MANUFACTURING": 0, 
    "MISC_DEFENSE": 0, 
    "TELEPHONE_UTILITIES": 0
  }, 
  "Mark Udall": {
    "COMPUTERS_INTERNET": 1500, 
    "DEFENSE_AEROSPACE": 12000, 
    "DEFENSE_ELECTRONICS": 14500, 
    "ELECTRIC_UTILITIES": 4500, 
    "ELECTRONICS_MANUFACTURING": 17000, 
    "MISC_DEFENSE": 5000, 
    "TELEPHONE_UTILITIES": 750
  }, 
  "Marsha Blackburn": {
    "COMPUTERS_INTERNET": 14000, 
    "DEFENSE_AEROSPACE": 1250, 
    "DEFENSE_ELECTRONICS": 1500, 
    "ELECTRIC_UTILITIES": 2000, 
    "ELECTRONICS_MANUFACTURING": 32000, 
    "MISC_DEFENSE": 0, 
    "TELEPHONE_UTILITIES": 13000
  }, 
  "Mary L. Landrieu": {
    "COMPUTERS_INTERNET": 3500, 
    "DEFENSE_AEROSPACE": 9000, 
    "DEFENSE_ELECTRONICS": 2000, 
    "ELECTRIC_UTILITIES": 20500, 
    "ELECTRONICS_MANUFACTURING": 16000, 
    "MISC_DEFENSE": 5000, 
    "TELEPHONE_UTILITIES": 9000
  }, 
  "Maxine Waters": {
    "COMPUTERS_INTERNET": 0, 
    "DEFENSE_AEROSPACE": 500, 
    "DEFENSE_ELECTRONICS": 1000, 
    "ELECTRIC_UTILITIES": 0, 
    "ELECTRONICS_MANUFACTURING": 1500, 
    "MISC_DEFENSE": 0, 
    "TELEPHONE_UTILITIES": 1000
  }, 
  "Michael B. Enzi": {
    "COMPUTERS_INTERNET": 6000, 
    "DEFENSE_AEROSPACE": 3000, 
    "DEFENSE_ELECTRONICS": 3000, 
    "ELECTRIC_UTILITIES": 0, 
    "ELECTRONICS_MANUFACTURING": 13000, 
    "MISC_DEFENSE": 3500, 
    "TELEPHONE_UTILITIES": 5000
  }, 
  "Michael C. Burgess": {
    "COMPUTERS_INTERNET": 4500, 
    "DEFENSE_AEROSPACE": 17000, 
    "DEFENSE_ELECTRONICS": 18500, 
    "ELECTRIC_UTILITIES": 18500, 
    "ELECTRONICS_MANUFACTURING": 13500, 
    "MISC_DEFENSE": 3000, 
    "TELEPHONE_UTILITIES": 7500
  }, 
  "Michael E. Capuano": {
    "COMPUTERS_INTERNET": 0, 
    "DEFENSE_AEROSPACE": 7500, 
    "DEFENSE_ELECTRONICS": 4000, 
    "ELECTRIC_UTILITIES": 1000, 
    "ELECTRONICS_MANUFACTURING": 7000, 
    "MISC_DEFENSE": 2500, 
    "TELEPHONE_UTILITIES": 2500
  }, 
  "Michael F. Doyle": {
    "COMPUTERS_INTERNET": 2250, 
    "DEFENSE_AEROSPACE": 5500, 
    "DEFENSE_ELECTRONICS": 5000, 
    "ELECTRIC_UTILITIES": 38000, 
    "ELECTRONICS_MANUFACTURING": 34250, 
    "MISC_DEFENSE": 3000, 
    "TELEPHONE_UTILITIES": 11750
  }, 
  "Michael G. Fitzpatrick": {
    "COMPUTERS_INTERNET": 0, 
    "DEFENSE_AEROSPACE": 4000, 
    "DEFENSE_ELECTRONICS": 4000, 
    "ELECTRIC_UTILITIES": 15000, 
    "ELECTRONICS_MANUFACTURING": 16000, 
    "MISC_DEFENSE": 2500, 
    "TELEPHONE_UTILITIES": 7000
  }, 
  "Michael H. Michaud": {
    "COMPUTERS_INTERNET": 6250, 
    "DEFENSE_AEROSPACE": 18500, 
    "DEFENSE_ELECTRONICS": 17500, 
    "ELECTRIC_UTILITIES": 4000, 
    "ELECTRONICS_MANUFACTURING": 15750, 
    "MISC_DEFENSE": 15000, 
    "TELEPHONE_UTILITIES": 5750
  }, 
  "Michael K. Simpson": {
    "COMPUTERS_INTERNET": 8000, 
    "DEFENSE_AEROSPACE": 8500, 
    "DEFENSE_ELECTRONICS": 8500, 
    "ELECTRIC_UTILITIES": 20500, 
    "ELECTRONICS_MANUFACTURING": 20500, 
    "MISC_DEFENSE": 28974, 
    "TELEPHONE_UTILITIES": 4500
  }, 
  "Michael M. Honda": {
    "COMPUTERS_INTERNET": 11000, 
    "DEFENSE_AEROSPACE": 4250, 
    "DEFENSE_ELECTRONICS": 9500, 
    "ELECTRIC_UTILITIES": 5500, 
    "ELECTRONICS_MANUFACTURING": 12250, 
    "MISC_DEFENSE": 4000, 
    "TELEPHONE_UTILITIES": 3000
  }, 
  "Michael R. Turner": {
    "COMPUTERS_INTERNET": 13975, 
    "DEFENSE_AEROSPACE": 28000, 
    "DEFENSE_ELECTRONICS": 47260, 
    "ELECTRIC_UTILITIES": 3000, 
    "ELECTRONICS_MANUFACTURING": 16000, 
    "MISC_DEFENSE": 18500, 
    "TELEPHONE_UTILITIES": 9500
  }, 
  "Michael T. McCaul": {
    "COMPUTERS_INTERNET": 7996, 
    "DEFENSE_AEROSPACE": 4000, 
    "DEFENSE_ELECTRONICS": 12000, 
    "ELECTRIC_UTILITIES": 7000, 
    "ELECTRONICS_MANUFACTURING": 32720, 
    "MISC_DEFENSE": 3000, 
    "TELEPHONE_UTILITIES": 13000
  }, 
  "Mike Coffman": {
    "COMPUTERS_INTERNET": 0, 
    "DEFENSE_AEROSPACE": 0, 
    "DEFENSE_ELECTRONICS": 0, 
    "ELECTRIC_UTILITIES": 0, 
    "ELECTRONICS_MANUFACTURING": 0, 
    "MISC_DEFENSE": 0, 
    "TELEPHONE_UTILITIES": 0
  }, 
  "Mike Crapo": {
    "COMPUTERS_INTERNET": 13000, 
    "DEFENSE_AEROSPACE": 24250, 
    "DEFENSE_ELECTRONICS": 21500, 
    "ELECTRIC_UTILITIES": 49000, 
    "ELECTRONICS_MANUFACTURING": 50250, 
    "MISC_DEFENSE": 28679, 
    "TELEPHONE_UTILITIES": 15500
  }, 
  "Mike McIntyre": {
    "COMPUTERS_INTERNET": 17000, 
    "DEFENSE_AEROSPACE": 17500, 
    "DEFENSE_ELECTRONICS": 12500, 
    "ELECTRIC_UTILITIES": 13000, 
    "ELECTRONICS_MANUFACTURING": 25250, 
    "MISC_DEFENSE": 5500, 
    "TELEPHONE_UTILITIES": 14250
  }, 
  "Mike Rogers": {
    "COMPUTERS_INTERNET": 14750, 
    "DEFENSE_AEROSPACE": 94450, 
    "DEFENSE_ELECTRONICS": 76200, 
    "ELECTRIC_UTILITIES": 51000, 
    "ELECTRONICS_MANUFACTURING": 65971, 
    "MISC_DEFENSE": 53855, 
    "TELEPHONE_UTILITIES": 40500
  }, 
  "Mike Thompson": {
    "COMPUTERS_INTERNET": 13000, 
    "DEFENSE_AEROSPACE": 13500, 
    "DEFENSE_ELECTRONICS": 18100, 
    "ELECTRIC_UTILITIES": 11500, 
    "ELECTRONICS_MANUFACTURING": 28100, 
    "MISC_DEFENSE": 5500, 
    "TELEPHONE_UTILITIES": 11600
  }, 
  "Mitch McConnell": {
    "COMPUTERS_INTERNET": 1000, 
    "DEFENSE_AEROSPACE": 5000, 
    "DEFENSE_ELECTRONICS": 15500, 
    "ELECTRIC_UTILITIES": 29000, 
    "ELECTRONICS_MANUFACTURING": 18500, 
    "MISC_DEFENSE": 10000, 
    "TELEPHONE_UTILITIES": 4500
  }, 
  "Nancy Pelosi": {
    "COMPUTERS_INTERNET": 14000, 
    "DEFENSE_AEROSPACE": 9500, 
    "DEFENSE_ELECTRONICS": 12500, 
    "ELECTRIC_UTILITIES": 10000, 
    "ELECTRONICS_MANUFACTURING": 42470, 
    "MISC_DEFENSE": 8500, 
    "TELEPHONE_UTILITIES": 16500
  }, 
  "Nick J. Rahall II": {
    "COMPUTERS_INTERNET": 1000, 
    "DEFENSE_AEROSPACE": 1000, 
    "DEFENSE_ELECTRONICS": 1000, 
    "ELECTRIC_UTILITIES": 4000, 
    "ELECTRONICS_MANUFACTURING": 3500, 
    "MISC_DEFENSE": 5000, 
    "TELEPHONE_UTILITIES": 2000
  }, 
  "Nita M. Lowey": {
    "COMPUTERS_INTERNET": 1500, 
    "DEFENSE_AEROSPACE": 5000, 
    "DEFENSE_ELECTRONICS": 9000, 
    "ELECTRIC_UTILITIES": 0, 
    "ELECTRONICS_MANUFACTURING": 20000, 
    "MISC_DEFENSE": 0, 
    "TELEPHONE_UTILITIES": 9500
  }, 
  "Nydia M. Vel\u00e1zquez": {
    "COMPUTERS_INTERNET": 2000, 
    "DEFENSE_AEROSPACE": 3000, 
    "DEFENSE_ELECTRONICS": 0, 
    "ELECTRIC_UTILITIES": 0, 
    "ELECTRONICS_MANUFACTURING": 7000, 
    "MISC_DEFENSE": 0, 
    "TELEPHONE_UTILITIES": 0
  }, 
  "Orrin G. Hatch": {
    "COMPUTERS_INTERNET": 14500, 
    "DEFENSE_AEROSPACE": 29000, 
    "DEFENSE_ELECTRONICS": 12000, 
    "ELECTRIC_UTILITIES": 3000, 
    "ELECTRONICS_MANUFACTURING": 44500, 
    "MISC_DEFENSE": 9000, 
    "TELEPHONE_UTILITIES": 9000
  }, 
  "Pat Roberts": {
    "COMPUTERS_INTERNET": 2000, 
    "DEFENSE_AEROSPACE": 8000, 
    "DEFENSE_ELECTRONICS": 14000, 
    "ELECTRIC_UTILITIES": 0, 
    "ELECTRONICS_MANUFACTURING": 5250, 
    "MISC_DEFENSE": 10000, 
    "TELEPHONE_UTILITIES": 5000
  }, 
  "Patrick J. Leahy": {
    "COMPUTERS_INTERNET": 6000, 
    "DEFENSE_AEROSPACE": 3000, 
    "DEFENSE_ELECTRONICS": 5000, 
    "ELECTRIC_UTILITIES": 5000, 
    "ELECTRONICS_MANUFACTURING": 10500, 
    "MISC_DEFENSE": 0, 
    "TELEPHONE_UTILITIES": 5000
  }, 
  "Patrick J. Tiberi": {
    "COMPUTERS_INTERNET": 1000, 
    "DEFENSE_AEROSPACE": 1000, 
    "DEFENSE_ELECTRONICS": 4500, 
    "ELECTRIC_UTILITIES": 14000, 
    "ELECTRONICS_MANUFACTURING": 11500, 
    "MISC_DEFENSE": 1000, 
    "TELEPHONE_UTILITIES": 9500
  }, 
  "Patrick J. Toomey": {
    "COMPUTERS_INTERNET": 0, 
    "DEFENSE_AEROSPACE": 0, 
    "DEFENSE_ELECTRONICS": 0, 
    "ELECTRIC_UTILITIES": 0, 
    "ELECTRONICS_MANUFACTURING": 0, 
    "MISC_DEFENSE": 0, 
    "TELEPHONE_UTILITIES": 0
  }, 
  "Patrick T. McHenry": {
    "COMPUTERS_INTERNET": 2500, 
    "DEFENSE_AEROSPACE": 4000, 
    "DEFENSE_ELECTRONICS": 3600, 
    "ELECTRIC_UTILITIES": 7500, 
    "ELECTRONICS_MANUFACTURING": 9500, 
    "MISC_DEFENSE": 1000, 
    "TELEPHONE_UTILITIES": 7600
  }, 
  "Patty Murray": {
    "COMPUTERS_INTERNET": 14750, 
    "DEFENSE_AEROSPACE": 37500, 
    "DEFENSE_ELECTRONICS": 39500, 
    "ELECTRIC_UTILITIES": 23000, 
    "ELECTRONICS_MANUFACTURING": 47500, 
    "MISC_DEFENSE": 62000, 
    "TELEPHONE_UTILITIES": 24000
  }, 
  "Paul Ryan": {
    "COMPUTERS_INTERNET": 5000, 
    "DEFENSE_AEROSPACE": 30000, 
    "DEFENSE_ELECTRONICS": 21000, 
    "ELECTRIC_UTILITIES": 11000, 
    "ELECTRONICS_MANUFACTURING": 28000, 
    "MISC_DEFENSE": 2500, 
    "TELEPHONE_UTILITIES": 13500
  }, 
  "Pete Sessions": {
    "COMPUTERS_INTERNET": 19000, 
    "DEFENSE_AEROSPACE": 43000, 
    "DEFENSE_ELECTRONICS": 59000, 
    "ELECTRIC_UTILITIES": 39107, 
    "ELECTRONICS_MANUFACTURING": 61000, 
    "MISC_DEFENSE": 13000, 
    "TELEPHONE_UTILITIES": 32000
  }, 
  "Peter A. DeFazio": {
    "COMPUTERS_INTERNET": 0, 
    "DEFENSE_AEROSPACE": 300, 
    "DEFENSE_ELECTRONICS": 0, 
    "ELECTRIC_UTILITIES": 5500, 
    "ELECTRONICS_MANUFACTURING": 800, 
    "MISC_DEFENSE": 500, 
    "TELEPHONE_UTILITIES": 500
  }, 
  "Peter J. Visclosky": {
    "COMPUTERS_INTERNET": 0, 
    "DEFENSE_AEROSPACE": 53500, 
    "DEFENSE_ELECTRONICS": 93000, 
    "ELECTRIC_UTILITIES": 20755, 
    "ELECTRONICS_MANUFACTURING": 9000, 
    "MISC_DEFENSE": 48455, 
    "TELEPHONE_UTILITIES": 8000
  }, 
  "Peter T. King": {
    "COMPUTERS_INTERNET": 1500, 
    "DEFENSE_AEROSPACE": 3000, 
    "DEFENSE_ELECTRONICS": 6000, 
    "ELECTRIC_UTILITIES": 0, 
    "ELECTRONICS_MANUFACTURING": 10500, 
    "MISC_DEFENSE": 2000, 
    "TELEPHONE_UTILITIES": 7000
  }, 
  "Phil Gingrey": {
    "COMPUTERS_INTERNET": 0, 
    "DEFENSE_AEROSPACE": 29529, 
    "DEFENSE_ELECTRONICS": 26529, 
    "ELECTRIC_UTILITIES": 7000, 
    "ELECTRONICS_MANUFACTURING": 14000, 
    "MISC_DEFENSE": 9500, 
    "TELEPHONE_UTILITIES": 12000
  }, 
  "Ralph M. Hall": {
    "COMPUTERS_INTERNET": 3500, 
    "DEFENSE_AEROSPACE": 33500, 
    "DEFENSE_ELECTRONICS": 32500, 
    "ELECTRIC_UTILITIES": 77948, 
    "ELECTRONICS_MANUFACTURING": 32500, 
    "MISC_DEFENSE": 6000, 
    "TELEPHONE_UTILITIES": 16500
  }, 
  "Randy Neugebauer": {
    "COMPUTERS_INTERNET": 1000, 
    "DEFENSE_AEROSPACE": 16000, 
    "DEFENSE_ELECTRONICS": 20000, 
    "ELECTRIC_UTILITIES": 16500, 
    "ELECTRONICS_MANUFACTURING": 17000, 
    "MISC_DEFENSE": 8000, 
    "TELEPHONE_UTILITIES": 14000
  }, 
  "Ra\u00fal M. Grijalva": {
    "COMPUTERS_INTERNET": 0, 
    "DEFENSE_AEROSPACE": 1000, 
    "DEFENSE_ELECTRONICS": 5000, 
    "ELECTRIC_UTILITIES": 9000, 
    "ELECTRONICS_MANUFACTURING": 3250, 
    "MISC_DEFENSE": 500, 
    "TELEPHONE_UTILITIES": 1750
  }, 
  "Richard Burr": {
    "COMPUTERS_INTERNET": 56560, 
    "DEFENSE_AEROSPACE": 68000, 
    "DEFENSE_ELECTRONICS": 70723, 
    "ELECTRIC_UTILITIES": 124960, 
    "ELECTRONICS_MANUFACTURING": 140633, 
    "MISC_DEFENSE": 20500, 
    "TELEPHONE_UTILITIES": 66173
  }, 
  "Richard C. Shelby": {
    "COMPUTERS_INTERNET": 13000, 
    "DEFENSE_AEROSPACE": 68500, 
    "DEFENSE_ELECTRONICS": 69500, 
    "ELECTRIC_UTILITIES": 6000, 
    "ELECTRONICS_MANUFACTURING": 50000, 
    "MISC_DEFENSE": 43000, 
    "TELEPHONE_UTILITIES": 19500
  }, 
  "Richard E. Neal": {
    "COMPUTERS_INTERNET": 4250, 
    "DEFENSE_AEROSPACE": 5000, 
    "DEFENSE_ELECTRONICS": 5000, 
    "ELECTRIC_UTILITIES": 0, 
    "ELECTRONICS_MANUFACTURING": 9250, 
    "MISC_DEFENSE": 0, 
    "TELEPHONE_UTILITIES": 1000
  }, 
  "Richard J. Durbin": {
    "COMPUTERS_INTERNET": 0, 
    "DEFENSE_AEROSPACE": 0, 
    "DEFENSE_ELECTRONICS": 0, 
    "ELECTRIC_UTILITIES": 0, 
    "ELECTRONICS_MANUFACTURING": 1000, 
    "MISC_DEFENSE": 0, 
    "TELEPHONE_UTILITIES": 0
  }, 
  "Rick Larsen": {
    "COMPUTERS_INTERNET": 16000, 
    "DEFENSE_AEROSPACE": 27000, 
    "DEFENSE_ELECTRONICS": 25000, 
    "ELECTRIC_UTILITIES": 10086, 
    "ELECTRONICS_MANUFACTURING": 28000, 
    "MISC_DEFENSE": 8500, 
    "TELEPHONE_UTILITIES": 3500
  }, 
  "Rob Bishop": {
    "COMPUTERS_INTERNET": 7500, 
    "DEFENSE_AEROSPACE": 17500, 
    "DEFENSE_ELECTRONICS": 17000, 
    "ELECTRIC_UTILITIES": 7644, 
    "ELECTRONICS_MANUFACTURING": 19500, 
    "MISC_DEFENSE": 20000, 
    "TELEPHONE_UTILITIES": 2000
  }, 
  "Rob Portman": {
    "COMPUTERS_INTERNET": 0, 
    "DEFENSE_AEROSPACE": 0, 
    "DEFENSE_ELECTRONICS": 0, 
    "ELECTRIC_UTILITIES": 1000, 
    "ELECTRONICS_MANUFACTURING": 3000, 
    "MISC_DEFENSE": 0, 
    "TELEPHONE_UTILITIES": 0
  }, 
  "Robert A. Brady": {
    "COMPUTERS_INTERNET": 2000, 
    "DEFENSE_AEROSPACE": 6500, 
    "DEFENSE_ELECTRONICS": 4000, 
    "ELECTRIC_UTILITIES": 9500, 
    "ELECTRONICS_MANUFACTURING": 3000, 
    "MISC_DEFENSE": 10000, 
    "TELEPHONE_UTILITIES": 2000
  }, 
  "Robert B. Aderholt": {
    "COMPUTERS_INTERNET": 3000, 
    "DEFENSE_AEROSPACE": 35000, 
    "DEFENSE_ELECTRONICS": 31000, 
    "ELECTRIC_UTILITIES": 20607, 
    "ELECTRONICS_MANUFACTURING": 9000, 
    "MISC_DEFENSE": 13000, 
    "TELEPHONE_UTILITIES": 9000
  }, 
  "Robert C. \"Bobby\" Scott": {
    "COMPUTERS_INTERNET": 0, 
    "DEFENSE_AEROSPACE": 14500, 
    "DEFENSE_ELECTRONICS": 13000, 
    "ELECTRIC_UTILITIES": 4000, 
    "ELECTRONICS_MANUFACTURING": 6000, 
    "MISC_DEFENSE": 12000, 
    "TELEPHONE_UTILITIES": 4000
  }, 
  "Robert Menendez": {
    "COMPUTERS_INTERNET": 20000, 
    "DEFENSE_AEROSPACE": 9000, 
    "DEFENSE_ELECTRONICS": 16000, 
    "ELECTRIC_UTILITIES": 14000, 
    "ELECTRONICS_MANUFACTURING": 58000, 
    "MISC_DEFENSE": 14500, 
    "TELEPHONE_UTILITIES": 30500
  }, 
  "Rodney P. Frelinghuysen": {
    "COMPUTERS_INTERNET": 1000, 
    "DEFENSE_AEROSPACE": 52800, 
    "DEFENSE_ELECTRONICS": 55050, 
    "ELECTRIC_UTILITIES": 4600, 
    "ELECTRONICS_MANUFACTURING": 8250, 
    "MISC_DEFENSE": 31000, 
    "TELEPHONE_UTILITIES": 2000
  }, 
  "Roger F. Wicker": {
    "COMPUTERS_INTERNET": 0, 
    "DEFENSE_AEROSPACE": 29500, 
    "DEFENSE_ELECTRONICS": 23500, 
    "ELECTRIC_UTILITIES": 5800, 
    "ELECTRONICS_MANUFACTURING": 13000, 
    "MISC_DEFENSE": 24000, 
    "TELEPHONE_UTILITIES": 12000
  }, 
  "Ron Kind": {
    "COMPUTERS_INTERNET": 21000, 
    "DEFENSE_AEROSPACE": 5000, 
    "DEFENSE_ELECTRONICS": 9000, 
    "ELECTRIC_UTILITIES": 6500, 
    "ELECTRONICS_MANUFACTURING": 33750, 
    "MISC_DEFENSE": 500, 
    "TELEPHONE_UTILITIES": 13250
  }, 
  "Ron Wyden": {
    "COMPUTERS_INTERNET": 35000, 
    "DEFENSE_AEROSPACE": 11500, 
    "DEFENSE_ELECTRONICS": 28500, 
    "ELECTRIC_UTILITIES": 9000, 
    "ELECTRONICS_MANUFACTURING": 123524, 
    "MISC_DEFENSE": 7000, 
    "TELEPHONE_UTILITIES": 52000
  }, 
  "Rosa L. DeLauro": {
    "COMPUTERS_INTERNET": 0, 
    "DEFENSE_AEROSPACE": 26500, 
    "DEFENSE_ELECTRONICS": 16500, 
    "ELECTRIC_UTILITIES": 3000, 
    "ELECTRONICS_MANUFACTURING": 5000, 
    "MISC_DEFENSE": 9000, 
    "TELEPHONE_UTILITIES": 5000
  }, 
  "Roy Blunt": {
    "COMPUTERS_INTERNET": 23500, 
    "DEFENSE_AEROSPACE": 56000, 
    "DEFENSE_ELECTRONICS": 43500, 
    "ELECTRIC_UTILITIES": 57000, 
    "ELECTRONICS_MANUFACTURING": 91042, 
    "MISC_DEFENSE": 22000, 
    "TELEPHONE_UTILITIES": 35000
  }, 
  "Rub\u00e9n Hinojosa": {
    "COMPUTERS_INTERNET": 6000, 
    "DEFENSE_AEROSPACE": 4000, 
    "DEFENSE_ELECTRONICS": 5500, 
    "ELECTRIC_UTILITIES": 9000, 
    "ELECTRONICS_MANUFACTURING": 12000, 
    "MISC_DEFENSE": 2000, 
    "TELEPHONE_UTILITIES": 6500
  }, 
  "Rush Holt": {
    "COMPUTERS_INTERNET": 1000, 
    "DEFENSE_AEROSPACE": 0, 
    "DEFENSE_ELECTRONICS": 3500, 
    "ELECTRIC_UTILITIES": 1000, 
    "ELECTRONICS_MANUFACTURING": 4500, 
    "MISC_DEFENSE": 7000, 
    "TELEPHONE_UTILITIES": 2000
  }, 
  "Sam Farr": {
    "COMPUTERS_INTERNET": 1000, 
    "DEFENSE_AEROSPACE": 0, 
    "DEFENSE_ELECTRONICS": 1000, 
    "ELECTRIC_UTILITIES": 20000, 
    "ELECTRONICS_MANUFACTURING": 3000, 
    "MISC_DEFENSE": 2250, 
    "TELEPHONE_UTILITIES": 1000
  }, 
  "Sam Graves": {
    "COMPUTERS_INTERNET": 2500, 
    "DEFENSE_AEROSPACE": 15500, 
    "DEFENSE_ELECTRONICS": 15500, 
    "ELECTRIC_UTILITIES": 8000, 
    "ELECTRONICS_MANUFACTURING": 23000, 
    "MISC_DEFENSE": 7000, 
    "TELEPHONE_UTILITIES": 19000
  }, 
  "Sam Johnson": {
    "COMPUTERS_INTERNET": 10000, 
    "DEFENSE_AEROSPACE": 39500, 
    "DEFENSE_ELECTRONICS": 30500, 
    "ELECTRIC_UTILITIES": 14000, 
    "ELECTRONICS_MANUFACTURING": 22000, 
    "MISC_DEFENSE": 8000, 
    "TELEPHONE_UTILITIES": 7000
  }, 
  "Sander M. Levin": {
    "COMPUTERS_INTERNET": 5000, 
    "DEFENSE_AEROSPACE": 40500, 
    "DEFENSE_ELECTRONICS": 38500, 
    "ELECTRIC_UTILITIES": 13500, 
    "ELECTRONICS_MANUFACTURING": 17000, 
    "MISC_DEFENSE": 9000, 
    "TELEPHONE_UTILITIES": 7500
  }, 
  "Sanford D. Bishop Jr.": {
    "COMPUTERS_INTERNET": 0, 
    "DEFENSE_AEROSPACE": 10000, 
    "DEFENSE_ELECTRONICS": 12500, 
    "ELECTRIC_UTILITIES": 15000, 
    "ELECTRONICS_MANUFACTURING": 14000, 
    "MISC_DEFENSE": 500, 
    "TELEPHONE_UTILITIES": 13000
  }, 
  "Saxby Chambliss": {
    "COMPUTERS_INTERNET": 7500, 
    "DEFENSE_AEROSPACE": 2250, 
    "DEFENSE_ELECTRONICS": 11000, 
    "ELECTRIC_UTILITIES": 6500, 
    "ELECTRONICS_MANUFACTURING": 34500, 
    "MISC_DEFENSE": 3000, 
    "TELEPHONE_UTILITIES": 25500
  }, 
  "Scott Garrett": {
    "COMPUTERS_INTERNET": 0, 
    "DEFENSE_AEROSPACE": 4000, 
    "DEFENSE_ELECTRONICS": 4000, 
    "ELECTRIC_UTILITIES": 3000, 
    "ELECTRONICS_MANUFACTURING": 7500, 
    "MISC_DEFENSE": 500, 
    "TELEPHONE_UTILITIES": 4500
  }, 
  "Sheila Jackson Lee": {
    "COMPUTERS_INTERNET": 1000, 
    "DEFENSE_AEROSPACE": 5000, 
    "DEFENSE_ELECTRONICS": 7500, 
    "ELECTRIC_UTILITIES": 1000, 
    "ELECTRONICS_MANUFACTURING": 11000, 
    "MISC_DEFENSE": 0, 
    "TELEPHONE_UTILITIES": 12500
  }, 
  "Shelley Moore Capito": {
    "COMPUTERS_INTERNET": 4000, 
    "DEFENSE_AEROSPACE": 14500, 
    "DEFENSE_ELECTRONICS": 12500, 
    "ELECTRIC_UTILITIES": 15500, 
    "ELECTRONICS_MANUFACTURING": 18500, 
    "MISC_DEFENSE": 0, 
    "TELEPHONE_UTILITIES": 9000
  }, 
  "Sherrod Brown": {
    "COMPUTERS_INTERNET": 2000, 
    "DEFENSE_AEROSPACE": 4000, 
    "DEFENSE_ELECTRONICS": 4000, 
    "ELECTRIC_UTILITIES": 14500, 
    "ELECTRONICS_MANUFACTURING": 28000, 
    "MISC_DEFENSE": 0, 
    "TELEPHONE_UTILITIES": 10500
  }, 
  "Spencer Bachus": {
    "COMPUTERS_INTERNET": 6500, 
    "DEFENSE_AEROSPACE": 8500, 
    "DEFENSE_ELECTRONICS": 13500, 
    "ELECTRIC_UTILITIES": 12750, 
    "ELECTRONICS_MANUFACTURING": 46500, 
    "MISC_DEFENSE": 0, 
    "TELEPHONE_UTILITIES": 34000
  }, 
  "Steny H. Hoyer": {
    "COMPUTERS_INTERNET": 20500, 
    "DEFENSE_AEROSPACE": 63255, 
    "DEFENSE_ELECTRONICS": 68000, 
    "ELECTRIC_UTILITIES": 49750, 
    "ELECTRONICS_MANUFACTURING": 42500, 
    "MISC_DEFENSE": 53500, 
    "TELEPHONE_UTILITIES": 14000
  }, 
  "Stephen F. Lynch": {
    "COMPUTERS_INTERNET": 0, 
    "DEFENSE_AEROSPACE": 1500, 
    "DEFENSE_ELECTRONICS": 4500, 
    "ELECTRIC_UTILITIES": 0, 
    "ELECTRONICS_MANUFACTURING": 1500, 
    "MISC_DEFENSE": 1000, 
    "TELEPHONE_UTILITIES": 2000
  }, 
  "Stevan Pearce": {
    "COMPUTERS_INTERNET": 3000, 
    "DEFENSE_AEROSPACE": 13500, 
    "DEFENSE_ELECTRONICS": 19500, 
    "ELECTRIC_UTILITIES": 31500, 
    "ELECTRONICS_MANUFACTURING": 19000, 
    "MISC_DEFENSE": 22250, 
    "TELEPHONE_UTILITIES": 6000
  }, 
  "Steve Chabot": {
    "COMPUTERS_INTERNET": 6000, 
    "DEFENSE_AEROSPACE": 10500, 
    "DEFENSE_ELECTRONICS": 6000, 
    "ELECTRIC_UTILITIES": 8500, 
    "ELECTRONICS_MANUFACTURING": 32000, 
    "MISC_DEFENSE": 0, 
    "TELEPHONE_UTILITIES": 8300
  }, 
  "Steve Israel": {
    "COMPUTERS_INTERNET": 4000, 
    "DEFENSE_AEROSPACE": 28500, 
    "DEFENSE_ELECTRONICS": 52900, 
    "ELECTRIC_UTILITIES": 2500, 
    "ELECTRONICS_MANUFACTURING": 18500, 
    "MISC_DEFENSE": 14500, 
    "TELEPHONE_UTILITIES": 1000
  }, 
  "Steve King": {
    "COMPUTERS_INTERNET": 4000, 
    "DEFENSE_AEROSPACE": 3000, 
    "DEFENSE_ELECTRONICS": 500, 
    "ELECTRIC_UTILITIES": 2000, 
    "ELECTRONICS_MANUFACTURING": 18000, 
    "MISC_DEFENSE": 0, 
    "TELEPHONE_UTILITIES": 6500
  }, 
  "Steve Scalise": {
    "COMPUTERS_INTERNET": 0, 
    "DEFENSE_AEROSPACE": 0, 
    "DEFENSE_ELECTRONICS": 0, 
    "ELECTRIC_UTILITIES": 0, 
    "ELECTRONICS_MANUFACTURING": 0, 
    "MISC_DEFENSE": 0, 
    "TELEPHONE_UTILITIES": 0
  }, 
  "Steve Stockman": {
    "COMPUTERS_INTERNET": 0, 
    "DEFENSE_AEROSPACE": 0, 
    "DEFENSE_ELECTRONICS": 0, 
    "ELECTRIC_UTILITIES": 0, 
    "ELECTRONICS_MANUFACTURING": 0, 
    "MISC_DEFENSE": 0, 
    "TELEPHONE_UTILITIES": 0
  }, 
  "Susan A. Davis": {
    "COMPUTERS_INTERNET": 2000, 
    "DEFENSE_AEROSPACE": 17500, 
    "DEFENSE_ELECTRONICS": 37000, 
    "ELECTRIC_UTILITIES": 6000, 
    "ELECTRONICS_MANUFACTURING": 5000, 
    "MISC_DEFENSE": 22000, 
    "TELEPHONE_UTILITIES": 0
  }, 
  "Susan M. Collins": {
    "COMPUTERS_INTERNET": 1000, 
    "DEFENSE_AEROSPACE": 3500, 
    "DEFENSE_ELECTRONICS": 7500, 
    "ELECTRIC_UTILITIES": 0, 
    "ELECTRONICS_MANUFACTURING": 3000, 
    "MISC_DEFENSE": 0, 
    "TELEPHONE_UTILITIES": 2000
  }, 
  "Tammy Baldwin": {
    "COMPUTERS_INTERNET": 0, 
    "DEFENSE_AEROSPACE": 0, 
    "DEFENSE_ELECTRONICS": 5000, 
    "ELECTRIC_UTILITIES": 1000, 
    "ELECTRONICS_MANUFACTURING": 13500, 
    "MISC_DEFENSE": 0, 
    "TELEPHONE_UTILITIES": 8000
  }, 
  "Ted Poe": {
    "COMPUTERS_INTERNET": 2000, 
    "DEFENSE_AEROSPACE": 7500, 
    "DEFENSE_ELECTRONICS": 10500, 
    "ELECTRIC_UTILITIES": 9000, 
    "ELECTRONICS_MANUFACTURING": 12500, 
    "MISC_DEFENSE": 11000, 
    "TELEPHONE_UTILITIES": 10000
  }, 
  "Thad Cochran": {
    "COMPUTERS_INTERNET": 15000, 
    "DEFENSE_AEROSPACE": 14000, 
    "DEFENSE_ELECTRONICS": 9000, 
    "ELECTRIC_UTILITIES": 2000, 
    "ELECTRONICS_MANUFACTURING": 22500, 
    "MISC_DEFENSE": 10000, 
    "TELEPHONE_UTILITIES": 6000
  }, 
  "Thomas E. Petri": {
    "COMPUTERS_INTERNET": 0, 
    "DEFENSE_AEROSPACE": 8750, 
    "DEFENSE_ELECTRONICS": 9000, 
    "ELECTRIC_UTILITIES": 4000, 
    "ELECTRONICS_MANUFACTURING": 10250, 
    "MISC_DEFENSE": 21445, 
    "TELEPHONE_UTILITIES": 4500
  }, 
  "Thomas R. Carper": {
    "COMPUTERS_INTERNET": 7500, 
    "DEFENSE_AEROSPACE": 3140, 
    "DEFENSE_ELECTRONICS": 2140, 
    "ELECTRIC_UTILITIES": 4620, 
    "ELECTRONICS_MANUFACTURING": 10070, 
    "MISC_DEFENSE": 3130, 
    "TELEPHONE_UTILITIES": 5500
  }, 
  "Tim Johnson": {
    "COMPUTERS_INTERNET": 2500, 
    "DEFENSE_AEROSPACE": 9000, 
    "DEFENSE_ELECTRONICS": 3000, 
    "ELECTRIC_UTILITIES": 19058, 
    "ELECTRONICS_MANUFACTURING": 6500, 
    "MISC_DEFENSE": 3000, 
    "TELEPHONE_UTILITIES": 500
  }, 
  "Tim Murphy": {
    "COMPUTERS_INTERNET": 2000, 
    "DEFENSE_AEROSPACE": 3700, 
    "DEFENSE_ELECTRONICS": 2000, 
    "ELECTRIC_UTILITIES": 18350, 
    "ELECTRONICS_MANUFACTURING": 9000, 
    "MISC_DEFENSE": 0, 
    "TELEPHONE_UTILITIES": 7500
  }, 
  "Tim Ryan": {
    "COMPUTERS_INTERNET": 1000, 
    "DEFENSE_AEROSPACE": 10000, 
    "DEFENSE_ELECTRONICS": 16000, 
    "ELECTRIC_UTILITIES": 10500, 
    "ELECTRONICS_MANUFACTURING": 11500, 
    "MISC_DEFENSE": 7250, 
    "TELEPHONE_UTILITIES": 9500
  }, 
  "Tim Walberg": {
    "COMPUTERS_INTERNET": 0, 
    "DEFENSE_AEROSPACE": 0, 
    "DEFENSE_ELECTRONICS": 0, 
    "ELECTRIC_UTILITIES": 0, 
    "ELECTRONICS_MANUFACTURING": 0, 
    "MISC_DEFENSE": 0, 
    "TELEPHONE_UTILITIES": 0
  }, 
  "Timothy H. Bishop": {
    "COMPUTERS_INTERNET": 0, 
    "DEFENSE_AEROSPACE": 10500, 
    "DEFENSE_ELECTRONICS": 14500, 
    "ELECTRIC_UTILITIES": 1000, 
    "ELECTRONICS_MANUFACTURING": 9750, 
    "MISC_DEFENSE": 14500, 
    "TELEPHONE_UTILITIES": 3000
  }, 
  "Tom Coburn": {
    "COMPUTERS_INTERNET": 0, 
    "DEFENSE_AEROSPACE": 5000, 
    "DEFENSE_ELECTRONICS": 15000, 
    "ELECTRIC_UTILITIES": 10500, 
    "ELECTRONICS_MANUFACTURING": 15000, 
    "MISC_DEFENSE": 0, 
    "TELEPHONE_UTILITIES": 15000
  }, 
  "Tom Cole": {
    "COMPUTERS_INTERNET": 0, 
    "DEFENSE_AEROSPACE": 27000, 
    "DEFENSE_ELECTRONICS": 21000, 
    "ELECTRIC_UTILITIES": 10500, 
    "ELECTRONICS_MANUFACTURING": 9500, 
    "MISC_DEFENSE": 15500, 
    "TELEPHONE_UTILITIES": 7500
  }, 
  "Tom Harkin": {
    "COMPUTERS_INTERNET": 0, 
    "DEFENSE_AEROSPACE": 1000, 
    "DEFENSE_ELECTRONICS": 0, 
    "ELECTRIC_UTILITIES": 0, 
    "ELECTRONICS_MANUFACTURING": 0, 
    "MISC_DEFENSE": 0, 
    "TELEPHONE_UTILITIES": 0
  }, 
  "Tom Latham": {
    "COMPUTERS_INTERNET": 6000, 
    "DEFENSE_AEROSPACE": 14840, 
    "DEFENSE_ELECTRONICS": 13840, 
    "ELECTRIC_UTILITIES": 40758, 
    "ELECTRONICS_MANUFACTURING": 15000, 
    "MISC_DEFENSE": 4000, 
    "TELEPHONE_UTILITIES": 7000
  }, 
  "Tom Price": {
    "COMPUTERS_INTERNET": 0, 
    "DEFENSE_AEROSPACE": 5000, 
    "DEFENSE_ELECTRONICS": 2000, 
    "ELECTRIC_UTILITIES": 9000, 
    "ELECTRONICS_MANUFACTURING": 9500, 
    "MISC_DEFENSE": 1000, 
    "TELEPHONE_UTILITIES": 6000
  }, 
  "Tom Udall": {
    "COMPUTERS_INTERNET": 0, 
    "DEFENSE_AEROSPACE": 0, 
    "DEFENSE_ELECTRONICS": 0, 
    "ELECTRIC_UTILITIES": 2000, 
    "ELECTRONICS_MANUFACTURING": 1000, 
    "MISC_DEFENSE": 0, 
    "TELEPHONE_UTILITIES": 2000
  }, 
  "Trent Franks": {
    "COMPUTERS_INTERNET": 8000, 
    "DEFENSE_AEROSPACE": 39750, 
    "DEFENSE_ELECTRONICS": 27500, 
    "ELECTRIC_UTILITIES": 16000, 
    "ELECTRONICS_MANUFACTURING": 16500, 
    "MISC_DEFENSE": 19250, 
    "TELEPHONE_UTILITIES": 2000
  }, 
  "Virginia Foxx": {
    "COMPUTERS_INTERNET": 0, 
    "DEFENSE_AEROSPACE": 1000, 
    "DEFENSE_ELECTRONICS": 2500, 
    "ELECTRIC_UTILITIES": 14000, 
    "ELECTRONICS_MANUFACTURING": 6500, 
    "MISC_DEFENSE": 1000, 
    "TELEPHONE_UTILITIES": 8000
  }, 
  "Walter B. Jones": {
    "COMPUTERS_INTERNET": 0, 
    "DEFENSE_AEROSPACE": 33000, 
    "DEFENSE_ELECTRONICS": 22500, 
    "ELECTRIC_UTILITIES": 14500, 
    "ELECTRONICS_MANUFACTURING": 11000, 
    "MISC_DEFENSE": 20500, 
    "TELEPHONE_UTILITIES": 7000
  }, 
  "Wm. Lacy Clay": {
    "COMPUTERS_INTERNET": 2000, 
    "DEFENSE_AEROSPACE": 2000, 
    "DEFENSE_ELECTRONICS": 5000, 
    "ELECTRIC_UTILITIES": 5500, 
    "ELECTRONICS_MANUFACTURING": 6000, 
    "MISC_DEFENSE": 0, 
    "TELEPHONE_UTILITIES": 5000
  }, 
  "Xavier Becerra": {
    "COMPUTERS_INTERNET": 8000, 
    "DEFENSE_AEROSPACE": 6000, 
    "DEFENSE_ELECTRONICS": 7000, 
    "ELECTRIC_UTILITIES": 14500, 
    "ELECTRONICS_MANUFACTURING": 41000, 
    "MISC_DEFENSE": 0, 
    "TELEPHONE_UTILITIES": 12500
  }, 
  "Yvette D. Clarke": {
    "COMPUTERS_INTERNET": 0, 
    "DEFENSE_AEROSPACE": 0, 
    "DEFENSE_ELECTRONICS": 0, 
    "ELECTRIC_UTILITIES": 0, 
    "ELECTRONICS_MANUFACTURING": 0, 
    "MISC_DEFENSE": 0, 
    "TELEPHONE_UTILITIES": 0
  }, 
  "Zoe Lofgren": {
    "COMPUTERS_INTERNET": 37250, 
    "DEFENSE_AEROSPACE": 5750, 
    "DEFENSE_ELECTRONICS": 13500, 
    "ELECTRIC_UTILITIES": 11900, 
    "ELECTRONICS_MANUFACTURING": 36750, 
    "MISC_DEFENSE": 5000, 
    "TELEPHONE_UTILITIES": 9000
  }
}