{
  "Adam B. Schiff": {
    "COMPUTERS_INTERNET": 15000, 
    "DEFENSE_AEROSPACE": 10500, 
    "DEFENSE_ELECTRONICS": 16500, 
    "ELECTRIC_UTILITIES": 11000, 
    "ELECTRONICS_MANUFACTURING": 52500, 
    "MISC_DEFENSE": 16000, 
    "TELEPHONE_UTILITIES": 18000
  }, 
  "Adam Smith": {
    "COMPUTERS_INTERNET": 35500, 
    "DEFENSE_AEROSPACE": 18000, 
    "DEFENSE_ELECTRONICS": 17000, 
    "ELECTRIC_UTILITIES": 0, 
    "ELECTRONICS_MANUFACTURING": 32000, 
    "MISC_DEFENSE": 8000, 
    "TELEPHONE_UTILITIES": 7000
  }, 
  "Adrian Smith": {
    "COMPUTERS_INTERNET": 0, 
    "DEFENSE_AEROSPACE": 1000, 
    "DEFENSE_ELECTRONICS": 1000, 
    "ELECTRIC_UTILITIES": 3100, 
    "ELECTRONICS_MANUFACTURING": 7000, 
    "MISC_DEFENSE": 1000, 
    "TELEPHONE_UTILITIES": 2000
  }, 
  "Al Green": {
    "COMPUTERS_INTERNET": 1000, 
    "DEFENSE_AEROSPACE": 4500, 
    "DEFENSE_ELECTRONICS": 12500, 
    "ELECTRIC_UTILITIES": 4500, 
    "ELECTRONICS_MANUFACTURING": 14500, 
    "MISC_DEFENSE": 1000, 
    "TELEPHONE_UTILITIES": 8500
  }, 
  "Alan Grayson": {
    "COMPUTERS_INTERNET": 0, 
    "DEFENSE_AEROSPACE": 0, 
    "DEFENSE_ELECTRONICS": 0, 
    "ELECTRIC_UTILITIES": 0, 
    "ELECTRONICS_MANUFACTURING": 0, 
    "MISC_DEFENSE": 0, 
    "TELEPHONE_UTILITIES": 5000
  }, 
  "Albio Sires": {
    "COMPUTERS_INTERNET": 0, 
    "DEFENSE_AEROSPACE": 4500, 
    "DEFENSE_ELECTRONICS": 0, 
    "ELECTRIC_UTILITIES": 6000, 
    "ELECTRONICS_MANUFACTURING": 12000, 
    "MISC_DEFENSE": 0, 
    "TELEPHONE_UTILITIES": 0
  }, 
  "Alcee L. Hastings": {
    "COMPUTERS_INTERNET": 0, 
    "DEFENSE_AEROSPACE": 4500, 
    "DEFENSE_ELECTRONICS": 4500, 
    "ELECTRIC_UTILITIES": 5500, 
    "ELECTRONICS_MANUFACTURING": 8000, 
    "MISC_DEFENSE": -500, 
    "TELEPHONE_UTILITIES": 8000
  }, 
  "Allyson Y. Schwartz": {
    "COMPUTERS_INTERNET": 8000, 
    "DEFENSE_AEROSPACE": 6000, 
    "DEFENSE_ELECTRONICS": 10250, 
    "ELECTRIC_UTILITIES": 5000, 
    "ELECTRONICS_MANUFACTURING": 23000, 
    "MISC_DEFENSE": 4000, 
    "TELEPHONE_UTILITIES": 6000
  }, 
  "Amy Klobuchar": {
    "COMPUTERS_INTERNET": 0, 
    "DEFENSE_AEROSPACE": 10000, 
    "DEFENSE_ELECTRONICS": 2000, 
    "ELECTRIC_UTILITIES": 0, 
    "ELECTRONICS_MANUFACTURING": 6000, 
    "MISC_DEFENSE": 0, 
    "TELEPHONE_UTILITIES": 4500
  }, 
  "Ander Crenshaw": {
    "COMPUTERS_INTERNET": 0, 
    "DEFENSE_AEROSPACE": 28500, 
    "DEFENSE_ELECTRONICS": 26000, 
    "ELECTRIC_UTILITIES": 11000, 
    "ELECTRONICS_MANUFACTURING": 10000, 
    "MISC_DEFENSE": 28000, 
    "TELEPHONE_UTILITIES": 7000
  }, 
  "Anna G. Eshoo": {
    "COMPUTERS_INTERNET": 47100, 
    "DEFENSE_AEROSPACE": 20000, 
    "DEFENSE_ELECTRONICS": 29982, 
    "ELECTRIC_UTILITIES": 10000, 
    "ELECTRONICS_MANUFACTURING": 64482, 
    "MISC_DEFENSE": 10000, 
    "TELEPHONE_UTILITIES": 22000
  }, 
  "Barbara A. Mikulski": {
    "COMPUTERS_INTERNET": 1000, 
    "DEFENSE_AEROSPACE": 24000, 
    "DEFENSE_ELECTRONICS": 21000, 
    "ELECTRIC_UTILITIES": 5000, 
    "ELECTRONICS_MANUFACTURING": 6000, 
    "MISC_DEFENSE": 17000, 
    "TELEPHONE_UTILITIES": 1000
  }, 
  "Barbara Boxer": {
    "COMPUTERS_INTERNET": 1000, 
    "DEFENSE_AEROSPACE": 0, 
    "DEFENSE_ELECTRONICS": 0, 
    "ELECTRIC_UTILITIES": 0, 
    "ELECTRONICS_MANUFACTURING": 5200, 
    "MISC_DEFENSE": 0, 
    "TELEPHONE_UTILITIES": 0
  }, 
  "Barbara Lee": {
    "COMPUTERS_INTERNET": 0, 
    "DEFENSE_AEROSPACE": 1000, 
    "DEFENSE_ELECTRONICS": 0, 
    "ELECTRIC_UTILITIES": 3000, 
    "ELECTRONICS_MANUFACTURING": 3000, 
    "MISC_DEFENSE": 1000, 
    "TELEPHONE_UTILITIES": 1000
  }, 
  "Benjamin L. Cardin": {
    "COMPUTERS_INTERNET": 10650, 
    "DEFENSE_AEROSPACE": 47700, 
    "DEFENSE_ELECTRONICS": 41300, 
    "ELECTRIC_UTILITIES": 87650, 
    "ELECTRONICS_MANUFACTURING": 39850, 
    "MISC_DEFENSE": 30700, 
    "TELEPHONE_UTILITIES": 14600
  }, 
  "Bennie G. Thompson": {
    "COMPUTERS_INTERNET": 13500, 
    "DEFENSE_AEROSPACE": 49814, 
    "DEFENSE_ELECTRONICS": 54314, 
    "ELECTRIC_UTILITIES": 15815, 
    "ELECTRONICS_MANUFACTURING": 38500, 
    "MISC_DEFENSE": 13000, 
    "TELEPHONE_UTILITIES": 20000
  }, 
  "Bernard Sanders": {
    "COMPUTERS_INTERNET": 12600, 
    "DEFENSE_AEROSPACE": 200, 
    "DEFENSE_ELECTRONICS": 0, 
    "ELECTRIC_UTILITIES": 5000, 
    "ELECTRONICS_MANUFACTURING": 2350, 
    "MISC_DEFENSE": 0, 
    "TELEPHONE_UTILITIES": 0
  }, 
  "Betty McCollum": {
    "COMPUTERS_INTERNET": 0, 
    "DEFENSE_AEROSPACE": 8000, 
    "DEFENSE_ELECTRONICS": 2000, 
    "ELECTRIC_UTILITIES": 1000, 
    "ELECTRONICS_MANUFACTURING": 1000, 
    "MISC_DEFENSE": 3500, 
    "TELEPHONE_UTILITIES": 0
  }, 
  "Bill Nelson": {
    "COMPUTERS_INTERNET": 32000, 
    "DEFENSE_AEROSPACE": 57274, 
    "DEFENSE_ELECTRONICS": 64250, 
    "ELECTRIC_UTILITIES": 38750, 
    "ELECTRONICS_MANUFACTURING": 107250, 
    "MISC_DEFENSE": 43274, 
    "TELEPHONE_UTILITIES": 29500
  }, 
  "Bill Pascrell Jr.": {
    "COMPUTERS_INTERNET": 0, 
    "DEFENSE_AEROSPACE": 12500, 
    "DEFENSE_ELECTRONICS": 12000, 
    "ELECTRIC_UTILITIES": 5000, 
    "ELECTRONICS_MANUFACTURING": 6800, 
    "MISC_DEFENSE": 11500, 
    "TELEPHONE_UTILITIES": 4000
  }, 
  "Bill Shuster": {
    "COMPUTERS_INTERNET": 10000, 
    "DEFENSE_AEROSPACE": 11000, 
    "DEFENSE_ELECTRONICS": 9500, 
    "ELECTRIC_UTILITIES": 42500, 
    "ELECTRONICS_MANUFACTURING": 20500, 
    "MISC_DEFENSE": 9500, 
    "TELEPHONE_UTILITIES": 4500
  }, 
  "Bob Corker": {
    "COMPUTERS_INTERNET": 0, 
    "DEFENSE_AEROSPACE": 45500, 
    "DEFENSE_ELECTRONICS": 21500, 
    "ELECTRIC_UTILITIES": 16500, 
    "ELECTRONICS_MANUFACTURING": 18500, 
    "MISC_DEFENSE": 15500, 
    "TELEPHONE_UTILITIES": 5000
  }, 
  "Bob Goodlatte": {
    "COMPUTERS_INTERNET": 32500, 
    "DEFENSE_AEROSPACE": 8500, 
    "DEFENSE_ELECTRONICS": 6500, 
    "ELECTRIC_UTILITIES": 16500, 
    "ELECTRONICS_MANUFACTURING": 57050, 
    "MISC_DEFENSE": 0, 
    "TELEPHONE_UTILITIES": 11050
  }, 
  "Bobby L. Rush": {
    "COMPUTERS_INTERNET": 2000, 
    "DEFENSE_AEROSPACE": 5000, 
    "DEFENSE_ELECTRONICS": 20250, 
    "ELECTRIC_UTILITIES": 23999, 
    "ELECTRONICS_MANUFACTURING": 55750, 
    "MISC_DEFENSE": 2500, 
    "TELEPHONE_UTILITIES": 27750
  }, 
  "Brad Sherman": {
    "COMPUTERS_INTERNET": 2000, 
    "DEFENSE_AEROSPACE": 6000, 
    "DEFENSE_ELECTRONICS": 10000, 
    "ELECTRIC_UTILITIES": 9500, 
    "ELECTRONICS_MANUFACTURING": 12500, 
    "MISC_DEFENSE": 6000, 
    "TELEPHONE_UTILITIES": 4000
  }, 
  "Brian Higgins": {
    "COMPUTERS_INTERNET": 0, 
    "DEFENSE_AEROSPACE": 7000, 
    "DEFENSE_ELECTRONICS": 7000, 
    "ELECTRIC_UTILITIES": 1000, 
    "ELECTRONICS_MANUFACTURING": 14500, 
    "MISC_DEFENSE": 5500, 
    "TELEPHONE_UTILITIES": 3000
  }, 
  "Brian Schatz": {
    "COMPUTERS_INTERNET": 0, 
    "DEFENSE_AEROSPACE": 0, 
    "DEFENSE_ELECTRONICS": 0, 
    "ELECTRIC_UTILITIES": 0, 
    "ELECTRONICS_MANUFACTURING": 0, 
    "MISC_DEFENSE": 0, 
    "TELEPHONE_UTILITIES": 0
  }, 
  "Bruce L. Braley": {
    "COMPUTERS_INTERNET": 1000, 
    "DEFENSE_AEROSPACE": 0, 
    "DEFENSE_ELECTRONICS": 0, 
    "ELECTRIC_UTILITIES": 5000, 
    "ELECTRONICS_MANUFACTURING": 4500, 
    "MISC_DEFENSE": 0, 
    "TELEPHONE_UTILITIES": 0
  }, 
  "C. A. Dutch Ruppersberger": {
    "COMPUTERS_INTERNET": 12677, 
    "DEFENSE_AEROSPACE": 42000, 
    "DEFENSE_ELECTRONICS": 54000, 
    "ELECTRIC_UTILITIES": 10000, 
    "ELECTRONICS_MANUFACTURING": 9500, 
    "MISC_DEFENSE": 31000, 
    "TELEPHONE_UTILITIES": 4000
  }, 
  "Candice S. Miller": {
    "COMPUTERS_INTERNET": 4000, 
    "DEFENSE_AEROSPACE": 43500, 
    "DEFENSE_ELECTRONICS": 38500, 
    "ELECTRIC_UTILITIES": 14100, 
    "ELECTRONICS_MANUFACTURING": 7500, 
    "MISC_DEFENSE": 11000, 
    "TELEPHONE_UTILITIES": 5500
  }, 
  "Carl Levin": {
    "COMPUTERS_INTERNET": 2000, 
    "DEFENSE_AEROSPACE": 6500, 
    "DEFENSE_ELECTRONICS": 5500, 
    "ELECTRIC_UTILITIES": 4500, 
    "ELECTRONICS_MANUFACTURING": 3000, 
    "MISC_DEFENSE": 3500, 
    "TELEPHONE_UTILITIES": 0
  }, 
  "Carol Shea-Porter": {
    "COMPUTERS_INTERNET": 0, 
    "DEFENSE_AEROSPACE": 0, 
    "DEFENSE_ELECTRONICS": 0, 
    "ELECTRIC_UTILITIES": 0, 
    "ELECTRONICS_MANUFACTURING": 0, 
    "MISC_DEFENSE": 0, 
    "TELEPHONE_UTILITIES": 0
  }, 
  "Carolyn B. Maloney": {
    "COMPUTERS_INTERNET": 2000, 
    "DEFENSE_AEROSPACE": 1000, 
    "DEFENSE_ELECTRONICS": 5000, 
    "ELECTRIC_UTILITIES": 1000, 
    "ELECTRONICS_MANUFACTURING": 12000, 
    "MISC_DEFENSE": 1000, 
    "TELEPHONE_UTILITIES": 7000
  }, 
  "Carolyn McCarthy": {
    "COMPUTERS_INTERNET": 0, 
    "DEFENSE_AEROSPACE": 15000, 
    "DEFENSE_ELECTRONICS": 23500, 
    "ELECTRIC_UTILITIES": 0, 
    "ELECTRONICS_MANUFACTURING": 9700, 
    "MISC_DEFENSE": 11500, 
    "TELEPHONE_UTILITIES": 5500
  }, 
  "Cathy McMorris Rodgers": {
    "COMPUTERS_INTERNET": 20500, 
    "DEFENSE_AEROSPACE": 30500, 
    "DEFENSE_ELECTRONICS": 30500, 
    "ELECTRIC_UTILITIES": 10572, 
    "ELECTRONICS_MANUFACTURING": 41250, 
    "MISC_DEFENSE": 23500, 
    "TELEPHONE_UTILITIES": 6250
  }, 
  "Chaka Fattah": {
    "COMPUTERS_INTERNET": 500, 
    "DEFENSE_AEROSPACE": 0, 
    "DEFENSE_ELECTRONICS": 0, 
    "ELECTRIC_UTILITIES": 9000, 
    "ELECTRONICS_MANUFACTURING": 6000, 
    "MISC_DEFENSE": 2000, 
    "TELEPHONE_UTILITIES": 0
  }, 
  "Charles B. Rangel": {
    "COMPUTERS_INTERNET": 21000, 
    "DEFENSE_AEROSPACE": 41500, 
    "DEFENSE_ELECTRONICS": 25500, 
    "ELECTRIC_UTILITIES": 11999, 
    "ELECTRONICS_MANUFACTURING": 70000, 
    "MISC_DEFENSE": 6500, 
    "TELEPHONE_UTILITIES": 18000
  }, 
  "Charles E. Schumer": {
    "COMPUTERS_INTERNET": 0, 
    "DEFENSE_AEROSPACE": -2000, 
    "DEFENSE_ELECTRONICS": -2000, 
    "ELECTRIC_UTILITIES": 0, 
    "ELECTRONICS_MANUFACTURING": 1000, 
    "MISC_DEFENSE": -2000, 
    "TELEPHONE_UTILITIES": 1000
  }, 
  "Charles W. Boustany Jr.": {
    "COMPUTERS_INTERNET": 10000, 
    "DEFENSE_AEROSPACE": 9500, 
    "DEFENSE_ELECTRONICS": 7500, 
    "ELECTRIC_UTILITIES": 17191, 
    "ELECTRONICS_MANUFACTURING": 15500, 
    "MISC_DEFENSE": 6000, 
    "TELEPHONE_UTILITIES": 4500
  }, 
  "Charles W. Dent": {
    "COMPUTERS_INTERNET": 1200, 
    "DEFENSE_AEROSPACE": 5000, 
    "DEFENSE_ELECTRONICS": 2000, 
    "ELECTRIC_UTILITIES": 24500, 
    "ELECTRONICS_MANUFACTURING": 12500, 
    "MISC_DEFENSE": -1000, 
    "TELEPHONE_UTILITIES": 2000
  }, 
  "Chellie Pingree": {
    "COMPUTERS_INTERNET": 0, 
    "DEFENSE_AEROSPACE": 0, 
    "DEFENSE_ELECTRONICS": 0, 
    "ELECTRIC_UTILITIES": 0, 
    "ELECTRONICS_MANUFACTURING": 0, 
    "MISC_DEFENSE": 0, 
    "TELEPHONE_UTILITIES": 0
  }, 
  "Chris Van Hollen": {
    "COMPUTERS_INTERNET": 3000, 
    "DEFENSE_AEROSPACE": 13500, 
    "DEFENSE_ELECTRONICS": 18000, 
    "ELECTRIC_UTILITIES": 2000, 
    "ELECTRONICS_MANUFACTURING": 11500, 
    "MISC_DEFENSE": 2000, 
    "TELEPHONE_UTILITIES": 5000
  }, 
  "Christopher H. Smith": {
    "COMPUTERS_INTERNET": 0, 
    "DEFENSE_AEROSPACE": 0, 
    "DEFENSE_ELECTRONICS": 150, 
    "ELECTRIC_UTILITIES": 1000, 
    "ELECTRONICS_MANUFACTURING": 7621, 
    "MISC_DEFENSE": 0, 
    "TELEPHONE_UTILITIES": 2421
  }, 
  "Christopher Murphy": {
    "COMPUTERS_INTERNET": 1000, 
    "DEFENSE_AEROSPACE": 2500, 
    "DEFENSE_ELECTRONICS": 0, 
    "ELECTRIC_UTILITIES": 0, 
    "ELECTRONICS_MANUFACTURING": 1000, 
    "MISC_DEFENSE": 0, 
    "TELEPHONE_UTILITIES": 0
  }, 
  "Chuck Grassley": {
    "COMPUTERS_INTERNET": 5000, 
    "DEFENSE_AEROSPACE": 2000, 
    "DEFENSE_ELECTRONICS": -1000, 
    "ELECTRIC_UTILITIES": 28000, 
    "ELECTRONICS_MANUFACTURING": 8000, 
    "MISC_DEFENSE": 0, 
    "TELEPHONE_UTILITIES": 0
  }, 
  "Claire McCaskill": {
    "COMPUTERS_INTERNET": 3500, 
    "DEFENSE_AEROSPACE": 11000, 
    "DEFENSE_ELECTRONICS": 14000, 
    "ELECTRIC_UTILITIES": 0, 
    "ELECTRONICS_MANUFACTURING": 29000, 
    "MISC_DEFENSE": 0, 
    "TELEPHONE_UTILITIES": 12000
  }, 
  "Colleen W. Hanabusa": {
    "COMPUTERS_INTERNET": 0, 
    "DEFENSE_AEROSPACE": 0, 
    "DEFENSE_ELECTRONICS": 0, 
    "ELECTRIC_UTILITIES": 0, 
    "ELECTRONICS_MANUFACTURING": 0, 
    "MISC_DEFENSE": 0, 
    "TELEPHONE_UTILITIES": 0
  }, 
  "Collin C. Peterson": {
    "COMPUTERS_INTERNET": 0, 
    "DEFENSE_AEROSPACE": 10850, 
    "DEFENSE_ELECTRONICS": 4850, 
    "ELECTRIC_UTILITIES": 9941, 
    "ELECTRONICS_MANUFACTURING": 0, 
    "MISC_DEFENSE": 0, 
    "TELEPHONE_UTILITIES": 1000
  }, 
  "Corrine Brown": {
    "COMPUTERS_INTERNET": 0, 
    "DEFENSE_AEROSPACE": 6000, 
    "DEFENSE_ELECTRONICS": 4000, 
    "ELECTRIC_UTILITIES": 3000, 
    "ELECTRONICS_MANUFACTURING": 10500, 
    "MISC_DEFENSE": 8000, 
    "TELEPHONE_UTILITIES": 8000
  }, 
  "Dana Rohrabacher": {
    "COMPUTERS_INTERNET": 0, 
    "DEFENSE_AEROSPACE": 2500, 
    "DEFENSE_ELECTRONICS": 1000, 
    "ELECTRIC_UTILITIES": 0, 
    "ELECTRONICS_MANUFACTURING": 0, 
    "MISC_DEFENSE": 0, 
    "TELEPHONE_UTILITIES": 0
  }, 
  "Daniel B. Maffei": {
    "COMPUTERS_INTERNET": 0, 
    "DEFENSE_AEROSPACE": 0, 
    "DEFENSE_ELECTRONICS": 0, 
    "ELECTRIC_UTILITIES": 0, 
    "ELECTRONICS_MANUFACTURING": 0, 
    "MISC_DEFENSE": 0, 
    "TELEPHONE_UTILITIES": 0
  }, 
  "Daniel Lipinski": {
    "COMPUTERS_INTERNET": 0, 
    "DEFENSE_AEROSPACE": 500, 
    "DEFENSE_ELECTRONICS": 4000, 
    "ELECTRIC_UTILITIES": 6000, 
    "ELECTRONICS_MANUFACTURING": 4000, 
    "MISC_DEFENSE": 2500, 
    "TELEPHONE_UTILITIES": 4000
  }, 
  "Daniel Webster": {
    "COMPUTERS_INTERNET": 0, 
    "DEFENSE_AEROSPACE": 0, 
    "DEFENSE_ELECTRONICS": 0, 
    "ELECTRIC_UTILITIES": 0, 
    "ELECTRONICS_MANUFACTURING": 0, 
    "MISC_DEFENSE": 0, 
    "TELEPHONE_UTILITIES": 0
  }, 
  "Danny K. Davis": {
    "COMPUTERS_INTERNET": 1000, 
    "DEFENSE_AEROSPACE": 0, 
    "DEFENSE_ELECTRONICS": 10000, 
    "ELECTRIC_UTILITIES": 7000, 
    "ELECTRONICS_MANUFACTURING": 13000, 
    "MISC_DEFENSE": 1000, 
    "TELEPHONE_UTILITIES": 13000
  }, 
  "Darrell E. Issa": {
    "COMPUTERS_INTERNET": 29000, 
    "DEFENSE_AEROSPACE": 21000, 
    "DEFENSE_ELECTRONICS": 44500, 
    "ELECTRIC_UTILITIES": 49500, 
    "ELECTRONICS_MANUFACTURING": 71000, 
    "MISC_DEFENSE": 12000, 
    "TELEPHONE_UTILITIES": 18000
  }, 
  "Dave Camp": {
    "COMPUTERS_INTERNET": 19000, 
    "DEFENSE_AEROSPACE": 35500, 
    "DEFENSE_ELECTRONICS": 32000, 
    "ELECTRIC_UTILITIES": 55849, 
    "ELECTRONICS_MANUFACTURING": 37500, 
    "MISC_DEFENSE": 1000, 
    "TELEPHONE_UTILITIES": 16000
  }, 
  "David E. Price": {
    "COMPUTERS_INTERNET": 7500, 
    "DEFENSE_AEROSPACE": 18000, 
    "DEFENSE_ELECTRONICS": 19900, 
    "ELECTRIC_UTILITIES": 10000, 
    "ELECTRONICS_MANUFACTURING": 9400, 
    "MISC_DEFENSE": 11000, 
    "TELEPHONE_UTILITIES": 5500
  }, 
  "David G. Reichert": {
    "COMPUTERS_INTERNET": 20000, 
    "DEFENSE_AEROSPACE": 20500, 
    "DEFENSE_ELECTRONICS": 18500, 
    "ELECTRIC_UTILITIES": 2000, 
    "ELECTRONICS_MANUFACTURING": 27100, 
    "MISC_DEFENSE": 5500, 
    "TELEPHONE_UTILITIES": 2000
  }, 
  "David Loebsack": {
    "COMPUTERS_INTERNET": 0, 
    "DEFENSE_AEROSPACE": 0, 
    "DEFENSE_ELECTRONICS": 0, 
    "ELECTRIC_UTILITIES": 0, 
    "ELECTRONICS_MANUFACTURING": 0, 
    "MISC_DEFENSE": 0, 
    "TELEPHONE_UTILITIES": 0
  }, 
  "David P. Roe": {
    "COMPUTERS_INTERNET": 0, 
    "DEFENSE_AEROSPACE": 0, 
    "DEFENSE_ELECTRONICS": 0, 
    "ELECTRIC_UTILITIES": 0, 
    "ELECTRONICS_MANUFACTURING": 0, 
    "MISC_DEFENSE": 0, 
    "TELEPHONE_UTILITIES": 0
  }, 
  "David Scott": {
    "COMPUTERS_INTERNET": 6000, 
    "DEFENSE_AEROSPACE": 1500, 
    "DEFENSE_ELECTRONICS": 3000, 
    "ELECTRIC_UTILITIES": 15500, 
    "ELECTRONICS_MANUFACTURING": 17000, 
    "MISC_DEFENSE": 2000, 
    "TELEPHONE_UTILITIES": 12500
  }, 
  "David Vitter": {
    "COMPUTERS_INTERNET": 13000, 
    "DEFENSE_AEROSPACE": 15000, 
    "DEFENSE_ELECTRONICS": 21500, 
    "ELECTRIC_UTILITIES": 43500, 
    "ELECTRONICS_MANUFACTURING": 34000, 
    "MISC_DEFENSE": 14500, 
    "TELEPHONE_UTILITIES": 18500
  }, 
  "Dean Heller": {
    "COMPUTERS_INTERNET": 0, 
    "DEFENSE_AEROSPACE": 1000, 
    "DEFENSE_ELECTRONICS": 12000, 
    "ELECTRIC_UTILITIES": 1000, 
    "ELECTRONICS_MANUFACTURING": 13500, 
    "MISC_DEFENSE": 0, 
    "TELEPHONE_UTILITIES": 11000
  }, 
  "Debbie Stabenow": {
    "COMPUTERS_INTERNET": 12000, 
    "DEFENSE_AEROSPACE": 32000, 
    "DEFENSE_ELECTRONICS": 25000, 
    "ELECTRIC_UTILITIES": 27000, 
    "ELECTRONICS_MANUFACTURING": 44600, 
    "MISC_DEFENSE": 10500, 
    "TELEPHONE_UTILITIES": 17000
  }, 
  "Debbie Wasserman Schultz": {
    "COMPUTERS_INTERNET": 3500, 
    "DEFENSE_AEROSPACE": 1000, 
    "DEFENSE_ELECTRONICS": 3000, 
    "ELECTRIC_UTILITIES": 6500, 
    "ELECTRONICS_MANUFACTURING": 28259, 
    "MISC_DEFENSE": 0, 
    "TELEPHONE_UTILITIES": 14000
  }, 
  "Devin Nunes": {
    "COMPUTERS_INTERNET": 13500, 
    "DEFENSE_AEROSPACE": 6000, 
    "DEFENSE_ELECTRONICS": 12000, 
    "ELECTRIC_UTILITIES": 24000, 
    "ELECTRONICS_MANUFACTURING": 31500, 
    "MISC_DEFENSE": 0, 
    "TELEPHONE_UTILITIES": 12000
  }, 
  "Diana DeGette": {
    "COMPUTERS_INTERNET": 0, 
    "DEFENSE_AEROSPACE": 3000, 
    "DEFENSE_ELECTRONICS": 12500, 
    "ELECTRIC_UTILITIES": 2000, 
    "ELECTRONICS_MANUFACTURING": 40727, 
    "MISC_DEFENSE": 1000, 
    "TELEPHONE_UTILITIES": 10500
  }, 
  "Dianne Feinstein": {
    "COMPUTERS_INTERNET": 52000, 
    "DEFENSE_AEROSPACE": 43650, 
    "DEFENSE_ELECTRONICS": 56750, 
    "ELECTRIC_UTILITIES": 22000, 
    "ELECTRONICS_MANUFACTURING": 82750, 
    "MISC_DEFENSE": 47500, 
    "TELEPHONE_UTILITIES": 14250
  }, 
  "Doc Hastings": {
    "COMPUTERS_INTERNET": 5500, 
    "DEFENSE_AEROSPACE": 19000, 
    "DEFENSE_ELECTRONICS": 19000, 
    "ELECTRIC_UTILITIES": 13998, 
    "ELECTRONICS_MANUFACTURING": 16500, 
    "MISC_DEFENSE": 24500, 
    "TELEPHONE_UTILITIES": 2000
  }, 
  "Don Young": {
    "COMPUTERS_INTERNET": 4500, 
    "DEFENSE_AEROSPACE": 30350, 
    "DEFENSE_ELECTRONICS": 25850, 
    "ELECTRIC_UTILITIES": 18500, 
    "ELECTRONICS_MANUFACTURING": 5500, 
    "MISC_DEFENSE": 21722, 
    "TELEPHONE_UTILITIES": 2000
  }, 
  "Donna F. Edwards": {
    "COMPUTERS_INTERNET": 0, 
    "DEFENSE_AEROSPACE": 0, 
    "DEFENSE_ELECTRONICS": 0, 
    "ELECTRIC_UTILITIES": 0, 
    "ELECTRONICS_MANUFACTURING": 0, 
    "MISC_DEFENSE": 0, 
    "TELEPHONE_UTILITIES": 0
  }, 
  "Donna M. Christensen": {
    "COMPUTERS_INTERNET": 0, 
    "DEFENSE_AEROSPACE": 0, 
    "DEFENSE_ELECTRONICS": 1500, 
    "ELECTRIC_UTILITIES": 5000, 
    "ELECTRONICS_MANUFACTURING": 0, 
    "MISC_DEFENSE": 0, 
    "TELEPHONE_UTILITIES": 0
  }, 
  "Doris O. Matsui": {
    "COMPUTERS_INTERNET": 3000, 
    "DEFENSE_AEROSPACE": 23000, 
    "DEFENSE_ELECTRONICS": 26000, 
    "ELECTRIC_UTILITIES": 12000, 
    "ELECTRONICS_MANUFACTURING": 31500, 
    "MISC_DEFENSE": 5000, 
    "TELEPHONE_UTILITIES": 20500
  }, 
  "Doug Lamborn": {
    "COMPUTERS_INTERNET": 1000, 
    "DEFENSE_AEROSPACE": 0, 
    "DEFENSE_ELECTRONICS": 1500, 
    "ELECTRIC_UTILITIES": 4000, 
    "ELECTRONICS_MANUFACTURING": 2000, 
    "MISC_DEFENSE": 0, 
    "TELEPHONE_UTILITIES": 0
  }, 
  "Earl Blumenauer": {
    "COMPUTERS_INTERNET": 4000, 
    "DEFENSE_AEROSPACE": 5500, 
    "DEFENSE_ELECTRONICS": 5000, 
    "ELECTRIC_UTILITIES": 1000, 
    "ELECTRONICS_MANUFACTURING": 9500, 
    "MISC_DEFENSE": 7000, 
    "TELEPHONE_UTILITIES": 1000
  }, 
  "Ed Pastor": {
    "COMPUTERS_INTERNET": 1000, 
    "DEFENSE_AEROSPACE": 33500, 
    "DEFENSE_ELECTRONICS": 32000, 
    "ELECTRIC_UTILITIES": 25000, 
    "ELECTRONICS_MANUFACTURING": 19000, 
    "MISC_DEFENSE": 25000, 
    "TELEPHONE_UTILITIES": 11500
  }, 
  "Ed Perlmutter": {
    "COMPUTERS_INTERNET": 2000, 
    "DEFENSE_AEROSPACE": 2000, 
    "DEFENSE_ELECTRONICS": 3500, 
    "ELECTRIC_UTILITIES": 6000, 
    "ELECTRONICS_MANUFACTURING": 16500, 
    "MISC_DEFENSE": 0, 
    "TELEPHONE_UTILITIES": 4500
  }, 
  "Ed Whitfield": {
    "COMPUTERS_INTERNET": 1500, 
    "DEFENSE_AEROSPACE": 9000, 
    "DEFENSE_ELECTRONICS": 16000, 
    "ELECTRIC_UTILITIES": 20999, 
    "ELECTRONICS_MANUFACTURING": 64700, 
    "MISC_DEFENSE": 0, 
    "TELEPHONE_UTILITIES": 31000
  }, 
  "Eddie Bernice Johnson": {
    "COMPUTERS_INTERNET": 1000, 
    "DEFENSE_AEROSPACE": 8000, 
    "DEFENSE_ELECTRONICS": 5000, 
    "ELECTRIC_UTILITIES": 1500, 
    "ELECTRONICS_MANUFACTURING": 2000, 
    "MISC_DEFENSE": 2250, 
    "TELEPHONE_UTILITIES": 1000
  }, 
  "Edward J. Markey": {
    "COMPUTERS_INTERNET": 18500, 
    "DEFENSE_AEROSPACE": 19500, 
    "DEFENSE_ELECTRONICS": 32000, 
    "ELECTRIC_UTILITIES": 0, 
    "ELECTRONICS_MANUFACTURING": 98000, 
    "MISC_DEFENSE": 0, 
    "TELEPHONE_UTILITIES": 43000
  }, 
  "Edward R. Royce": {
    "COMPUTERS_INTERNET": 6500, 
    "DEFENSE_AEROSPACE": 2500, 
    "DEFENSE_ELECTRONICS": 2000, 
    "ELECTRIC_UTILITIES": 7000, 
    "ELECTRONICS_MANUFACTURING": 4500, 
    "MISC_DEFENSE": 2800, 
    "TELEPHONE_UTILITIES": 0
  }, 
  "Eleanor Holmes Norton": {
    "COMPUTERS_INTERNET": 0, 
    "DEFENSE_AEROSPACE": 0, 
    "DEFENSE_ELECTRONICS": 0, 
    "ELECTRIC_UTILITIES": 0, 
    "ELECTRONICS_MANUFACTURING": 1000, 
    "MISC_DEFENSE": 500, 
    "TELEPHONE_UTILITIES": 1000
  }, 
  "Elijah E. Cummings": {
    "COMPUTERS_INTERNET": 2000, 
    "DEFENSE_AEROSPACE": 9500, 
    "DEFENSE_ELECTRONICS": 11500, 
    "ELECTRIC_UTILITIES": 13500, 
    "ELECTRONICS_MANUFACTURING": 18500, 
    "MISC_DEFENSE": 9500, 
    "TELEPHONE_UTILITIES": 5000
  }, 
  "Eliot L. Engel": {
    "COMPUTERS_INTERNET": 4000, 
    "DEFENSE_AEROSPACE": 7000, 
    "DEFENSE_ELECTRONICS": 11000, 
    "ELECTRIC_UTILITIES": 7000, 
    "ELECTRONICS_MANUFACTURING": 63117, 
    "MISC_DEFENSE": 2000, 
    "TELEPHONE_UTILITIES": 31000
  }, 
  "Emanuel Cleaver": {
    "COMPUTERS_INTERNET": 0, 
    "DEFENSE_AEROSPACE": 5500, 
    "DEFENSE_ELECTRONICS": 1000, 
    "ELECTRIC_UTILITIES": 5000, 
    "ELECTRONICS_MANUFACTURING": 14500, 
    "MISC_DEFENSE": 3000, 
    "TELEPHONE_UTILITIES": 8000
  }, 
  "Eni F. H. Faleomavaega": {
    "COMPUTERS_INTERNET": 0, 
    "DEFENSE_AEROSPACE": 0, 
    "DEFENSE_ELECTRONICS": 0, 
    "ELECTRIC_UTILITIES": 0, 
    "ELECTRONICS_MANUFACTURING": 0, 
    "MISC_DEFENSE": 0, 
    "TELEPHONE_UTILITIES": 0
  }, 
  "Eric Cantor": {
    "COMPUTERS_INTERNET": 48000, 
    "DEFENSE_AEROSPACE": 91100, 
    "DEFENSE_ELECTRONICS": 83250, 
    "ELECTRIC_UTILITIES": 38000, 
    "ELECTRONICS_MANUFACTURING": 126500, 
    "MISC_DEFENSE": 27500, 
    "TELEPHONE_UTILITIES": 52750
  }, 
  "F. James Sensenbrenner Jr.": {
    "COMPUTERS_INTERNET": 17500, 
    "DEFENSE_AEROSPACE": 27000, 
    "DEFENSE_ELECTRONICS": 24500, 
    "ELECTRIC_UTILITIES": 0, 
    "ELECTRONICS_MANUFACTURING": 70250, 
    "MISC_DEFENSE": 2000, 
    "TELEPHONE_UTILITIES": 31250
  }, 
  "Frank A. LoBiondo": {
    "COMPUTERS_INTERNET": 1000, 
    "DEFENSE_AEROSPACE": 37500, 
    "DEFENSE_ELECTRONICS": 45000, 
    "ELECTRIC_UTILITIES": 0, 
    "ELECTRONICS_MANUFACTURING": 19200, 
    "MISC_DEFENSE": 19500, 
    "TELEPHONE_UTILITIES": 1000
  }, 
  "Frank D. Lucas": {
    "COMPUTERS_INTERNET": 1000, 
    "DEFENSE_AEROSPACE": 3000, 
    "DEFENSE_ELECTRONICS": 9000, 
    "ELECTRIC_UTILITIES": 15208, 
    "ELECTRONICS_MANUFACTURING": 10000, 
    "MISC_DEFENSE": 0, 
    "TELEPHONE_UTILITIES": 8000
  }, 
  "Frank Pallone Jr.": {
    "COMPUTERS_INTERNET": 4000, 
    "DEFENSE_AEROSPACE": 0, 
    "DEFENSE_ELECTRONICS": 6000, 
    "ELECTRIC_UTILITIES": 10000, 
    "ELECTRONICS_MANUFACTURING": 56500, 
    "MISC_DEFENSE": 0, 
    "TELEPHONE_UTILITIES": 24500
  }, 
  "Frank R. Wolf": {
    "COMPUTERS_INTERNET": 17500, 
    "DEFENSE_AEROSPACE": 59500, 
    "DEFENSE_ELECTRONICS": 54000, 
    "ELECTRIC_UTILITIES": 2250, 
    "ELECTRONICS_MANUFACTURING": 36500, 
    "MISC_DEFENSE": 47500, 
    "TELEPHONE_UTILITIES": 14500
  }, 
  "Fred Upton": {
    "COMPUTERS_INTERNET": 28500, 
    "DEFENSE_AEROSPACE": 45000, 
    "DEFENSE_ELECTRONICS": 45000, 
    "ELECTRIC_UTILITIES": 49000, 
    "ELECTRONICS_MANUFACTURING": 149600, 
    "MISC_DEFENSE": 0, 
    "TELEPHONE_UTILITIES": 52500
  }, 
  "G. K. Butterfield": {
    "COMPUTERS_INTERNET": 2000, 
    "DEFENSE_AEROSPACE": 17250, 
    "DEFENSE_ELECTRONICS": 19250, 
    "ELECTRIC_UTILITIES": 10500, 
    "ELECTRONICS_MANUFACTURING": 19000, 
    "MISC_DEFENSE": 9250, 
    "TELEPHONE_UTILITIES": 14000
  }, 
  "Gary G. Miller": {
    "COMPUTERS_INTERNET": 0, 
    "DEFENSE_AEROSPACE": 2500, 
    "DEFENSE_ELECTRONICS": 10000, 
    "ELECTRIC_UTILITIES": 6000, 
    "ELECTRONICS_MANUFACTURING": 11000, 
    "MISC_DEFENSE": 2000, 
    "TELEPHONE_UTILITIES": 11000
  }, 
  "Gene Green": {
    "COMPUTERS_INTERNET": 1500, 
    "DEFENSE_AEROSPACE": 6000, 
    "DEFENSE_ELECTRONICS": 15000, 
    "ELECTRIC_UTILITIES": 35500, 
    "ELECTRONICS_MANUFACTURING": 42000, 
    "MISC_DEFENSE": 0, 
    "TELEPHONE_UTILITIES": 26000
  }, 
  "George Miller": {
    "COMPUTERS_INTERNET": 2000, 
    "DEFENSE_AEROSPACE": 0, 
    "DEFENSE_ELECTRONICS": 0, 
    "ELECTRIC_UTILITIES": 2000, 
    "ELECTRONICS_MANUFACTURING": 3000, 
    "MISC_DEFENSE": 0, 
    "TELEPHONE_UTILITIES": 0
  }, 
  "Grace F. Napolitano": {
    "COMPUTERS_INTERNET": 2000, 
    "DEFENSE_AEROSPACE": 7500, 
    "DEFENSE_ELECTRONICS": 0, 
    "ELECTRIC_UTILITIES": 8500, 
    "ELECTRONICS_MANUFACTURING": 9500, 
    "MISC_DEFENSE": 2000, 
    "TELEPHONE_UTILITIES": 1500
  }, 
  "Greg Walden": {
    "COMPUTERS_INTERNET": 20500, 
    "DEFENSE_AEROSPACE": 11500, 
    "DEFENSE_ELECTRONICS": 11000, 
    "ELECTRIC_UTILITIES": 24032, 
    "ELECTRONICS_MANUFACTURING": 87020, 
    "MISC_DEFENSE": 9500, 
    "TELEPHONE_UTILITIES": 22000
  }, 
  "Gregory W. Meeks": {
    "COMPUTERS_INTERNET": 18500, 
    "DEFENSE_AEROSPACE": 16500, 
    "DEFENSE_ELECTRONICS": 23500, 
    "ELECTRIC_UTILITIES": 4000, 
    "ELECTRONICS_MANUFACTURING": 54000, 
    "MISC_DEFENSE": 0, 
    "TELEPHONE_UTILITIES": 28500
  }, 
  "Gus M. Bilirakis": {
    "COMPUTERS_INTERNET": 0, 
    "DEFENSE_AEROSPACE": 1000, 
    "DEFENSE_ELECTRONICS": 9000, 
    "ELECTRIC_UTILITIES": 18000, 
    "ELECTRONICS_MANUFACTURING": 18250, 
    "MISC_DEFENSE": 1000, 
    "TELEPHONE_UTILITIES": 13000
  }, 
  "Gwen Moore": {
    "COMPUTERS_INTERNET": 0, 
    "DEFENSE_AEROSPACE": 1500, 
    "DEFENSE_ELECTRONICS": 7500, 
    "ELECTRIC_UTILITIES": 0, 
    "ELECTRONICS_MANUFACTURING": 3500, 
    "MISC_DEFENSE": 0, 
    "TELEPHONE_UTILITIES": 2500
  }, 
  "Harold Rogers": {
    "COMPUTERS_INTERNET": 9000, 
    "DEFENSE_AEROSPACE": 54000, 
    "DEFENSE_ELECTRONICS": 45500, 
    "ELECTRIC_UTILITIES": 25000, 
    "ELECTRONICS_MANUFACTURING": 24500, 
    "MISC_DEFENSE": 32400, 
    "TELEPHONE_UTILITIES": 2000
  }, 
  "Harry Reid": {
    "COMPUTERS_INTERNET": 4000, 
    "DEFENSE_AEROSPACE": 0, 
    "DEFENSE_ELECTRONICS": 0, 
    "ELECTRIC_UTILITIES": 1500, 
    "ELECTRONICS_MANUFACTURING": 5000, 
    "MISC_DEFENSE": 1500, 
    "TELEPHONE_UTILITIES": 4000
  }, 
  "Henry A. Waxman": {
    "COMPUTERS_INTERNET": 18000, 
    "DEFENSE_AEROSPACE": 3000, 
    "DEFENSE_ELECTRONICS": 5000, 
    "ELECTRIC_UTILITIES": 9000, 
    "ELECTRONICS_MANUFACTURING": 66500, 
    "MISC_DEFENSE": 5000, 
    "TELEPHONE_UTILITIES": 28000
  }, 
  "Henry C. \"Hank\" Johnson Jr.": {
    "COMPUTERS_INTERNET": 1000, 
    "DEFENSE_AEROSPACE": 4000, 
    "DEFENSE_ELECTRONICS": 6500, 
    "ELECTRIC_UTILITIES": 12000, 
    "ELECTRONICS_MANUFACTURING": 7000, 
    "MISC_DEFENSE": 2000, 
    "TELEPHONE_UTILITIES": 6000
  }, 
  "Henry Cuellar": {
    "COMPUTERS_INTERNET": 22000, 
    "DEFENSE_AEROSPACE": 6000, 
    "DEFENSE_ELECTRONICS": 15000, 
    "ELECTRIC_UTILITIES": 11000, 
    "ELECTRONICS_MANUFACTURING": 34000, 
    "MISC_DEFENSE": 0, 
    "TELEPHONE_UTILITIES": 11500
  }, 
  "Howard Coble": {
    "COMPUTERS_INTERNET": 4000, 
    "DEFENSE_AEROSPACE": 15000, 
    "DEFENSE_ELECTRONICS": 14500, 
    "ELECTRIC_UTILITIES": 16000, 
    "ELECTRONICS_MANUFACTURING": 28000, 
    "MISC_DEFENSE": 7000, 
    "TELEPHONE_UTILITIES": 9000
  }, 
  "Howard P. \"Buck\" McKeon": {
    "COMPUTERS_INTERNET": 9000, 
    "DEFENSE_AEROSPACE": 46000, 
    "DEFENSE_ELECTRONICS": 53000, 
    "ELECTRIC_UTILITIES": 33000, 
    "ELECTRONICS_MANUFACTURING": 24750, 
    "MISC_DEFENSE": 48000, 
    "TELEPHONE_UTILITIES": 8250
  }, 
  "Ileana Ros-Lehtinen": {
    "COMPUTERS_INTERNET": 4000, 
    "DEFENSE_AEROSPACE": 15000, 
    "DEFENSE_ELECTRONICS": 13500, 
    "ELECTRIC_UTILITIES": 7000, 
    "ELECTRONICS_MANUFACTURING": 21500, 
    "MISC_DEFENSE": 1500, 
    "TELEPHONE_UTILITIES": 8500
  }, 
  "J. Randy Forbes": {
    "COMPUTERS_INTERNET": 2000, 
    "DEFENSE_AEROSPACE": 39000, 
    "DEFENSE_ELECTRONICS": 48050, 
    "ELECTRIC_UTILITIES": 6000, 
    "ELECTRONICS_MANUFACTURING": 22200, 
    "MISC_DEFENSE": 27000, 
    "TELEPHONE_UTILITIES": 9200
  }, 
  "Jack Kingston": {
    "COMPUTERS_INTERNET": 11000, 
    "DEFENSE_AEROSPACE": 50500, 
    "DEFENSE_ELECTRONICS": 47000, 
    "ELECTRIC_UTILITIES": 15000, 
    "ELECTRONICS_MANUFACTURING": 22500, 
    "MISC_DEFENSE": 33000, 
    "TELEPHONE_UTILITIES": 8500
  }, 
  "Jack Reed": {
    "COMPUTERS_INTERNET": 2000, 
    "DEFENSE_AEROSPACE": 11000, 
    "DEFENSE_ELECTRONICS": 18000, 
    "ELECTRIC_UTILITIES": 0, 
    "ELECTRONICS_MANUFACTURING": 4000, 
    "MISC_DEFENSE": 5000, 
    "TELEPHONE_UTILITIES": 1000
  }, 
  "James E. Clyburn": {
    "COMPUTERS_INTERNET": 15000, 
    "DEFENSE_AEROSPACE": 31276, 
    "DEFENSE_ELECTRONICS": 29776, 
    "ELECTRIC_UTILITIES": 24000, 
    "ELECTRONICS_MANUFACTURING": 54500, 
    "MISC_DEFENSE": 22500, 
    "TELEPHONE_UTILITIES": 34000
  }, 
  "James M. Inhofe": {
    "COMPUTERS_INTERNET": 5500, 
    "DEFENSE_AEROSPACE": 9000, 
    "DEFENSE_ELECTRONICS": 13000, 
    "ELECTRIC_UTILITIES": 35000, 
    "ELECTRONICS_MANUFACTURING": 15125, 
    "MISC_DEFENSE": 2000, 
    "TELEPHONE_UTILITIES": 3000
  }, 
  "James P. McGovern": {
    "COMPUTERS_INTERNET": 0, 
    "DEFENSE_AEROSPACE": 1000, 
    "DEFENSE_ELECTRONICS": 6000, 
    "ELECTRIC_UTILITIES": 3500, 
    "ELECTRONICS_MANUFACTURING": 3000, 
    "MISC_DEFENSE": 2500, 
    "TELEPHONE_UTILITIES": 1000
  }, 
  "James P. Moran": {
    "COMPUTERS_INTERNET": 33000, 
    "DEFENSE_AEROSPACE": 62000, 
    "DEFENSE_ELECTRONICS": 87000, 
    "ELECTRIC_UTILITIES": 2000, 
    "ELECTRONICS_MANUFACTURING": 29000, 
    "MISC_DEFENSE": 70200, 
    "TELEPHONE_UTILITIES": 9000
  }, 
  "James R. Langevin": {
    "COMPUTERS_INTERNET": 1000, 
    "DEFENSE_AEROSPACE": 27000, 
    "DEFENSE_ELECTRONICS": 34200, 
    "ELECTRIC_UTILITIES": 0, 
    "ELECTRONICS_MANUFACTURING": 8000, 
    "MISC_DEFENSE": 16500, 
    "TELEPHONE_UTILITIES": 5000
  }, 
  "Janice D. Schakowsky": {
    "COMPUTERS_INTERNET": 1000, 
    "DEFENSE_AEROSPACE": 0, 
    "DEFENSE_ELECTRONICS": 1000, 
    "ELECTRIC_UTILITIES": 0, 
    "ELECTRONICS_MANUFACTURING": 12000, 
    "MISC_DEFENSE": 0, 
    "TELEPHONE_UTILITIES": 4000
  }, 
  "Jeanne Shaheen": {
    "COMPUTERS_INTERNET": 0, 
    "DEFENSE_AEROSPACE": 0, 
    "DEFENSE_ELECTRONICS": 0, 
    "ELECTRIC_UTILITIES": 0, 
    "ELECTRONICS_MANUFACTURING": 0, 
    "MISC_DEFENSE": 0, 
    "TELEPHONE_UTILITIES": 0
  }, 
  "Jeb Hensarling": {
    "COMPUTERS_INTERNET": 5500, 
    "DEFENSE_AEROSPACE": 6000, 
    "DEFENSE_ELECTRONICS": 15500, 
    "ELECTRIC_UTILITIES": 21500, 
    "ELECTRONICS_MANUFACTURING": 17000, 
    "MISC_DEFENSE": 0, 
    "TELEPHONE_UTILITIES": 12500
  }, 
  "Jeff Flake": {
    "COMPUTERS_INTERNET": 14000, 
    "DEFENSE_AEROSPACE": 5000, 
    "DEFENSE_ELECTRONICS": 6000, 
    "ELECTRIC_UTILITIES": 6000, 
    "ELECTRONICS_MANUFACTURING": 27000, 
    "MISC_DEFENSE": 0, 
    "TELEPHONE_UTILITIES": 5000
  }, 
  "Jeff Fortenberry": {
    "COMPUTERS_INTERNET": 1000, 
    "DEFENSE_AEROSPACE": 3000, 
    "DEFENSE_ELECTRONICS": 3000, 
    "ELECTRIC_UTILITIES": 2500, 
    "ELECTRONICS_MANUFACTURING": 4750, 
    "MISC_DEFENSE": 0, 
    "TELEPHONE_UTILITIES": 0
  }, 
  "Jeff Miller": {
    "COMPUTERS_INTERNET": 0, 
    "DEFENSE_AEROSPACE": 15000, 
    "DEFENSE_ELECTRONICS": 24000, 
    "ELECTRIC_UTILITIES": 23000, 
    "ELECTRONICS_MANUFACTURING": 9000, 
    "MISC_DEFENSE": 10000, 
    "TELEPHONE_UTILITIES": 7000
  }, 
  "Jeff Sessions": {
    "COMPUTERS_INTERNET": 14500, 
    "DEFENSE_AEROSPACE": 27500, 
    "DEFENSE_ELECTRONICS": 19500, 
    "ELECTRIC_UTILITIES": 1000, 
    "ELECTRONICS_MANUFACTURING": 23500, 
    "MISC_DEFENSE": 8000, 
    "TELEPHONE_UTILITIES": 6000
  }, 
  "Jerrold Nadler": {
    "COMPUTERS_INTERNET": 0, 
    "DEFENSE_AEROSPACE": 0, 
    "DEFENSE_ELECTRONICS": 1500, 
    "ELECTRIC_UTILITIES": 0, 
    "ELECTRONICS_MANUFACTURING": 13500, 
    "MISC_DEFENSE": 3000, 
    "TELEPHONE_UTILITIES": 2500
  }, 
  "Jerry McNerney": {
    "COMPUTERS_INTERNET": 1000, 
    "DEFENSE_AEROSPACE": 0, 
    "DEFENSE_ELECTRONICS": 0, 
    "ELECTRIC_UTILITIES": 0, 
    "ELECTRONICS_MANUFACTURING": 1000, 
    "MISC_DEFENSE": 0, 
    "TELEPHONE_UTILITIES": 0
  }, 
  "Jerry Moran": {
    "COMPUTERS_INTERNET": 0, 
    "DEFENSE_AEROSPACE": 5500, 
    "DEFENSE_ELECTRONICS": 13500, 
    "ELECTRIC_UTILITIES": 8000, 
    "ELECTRONICS_MANUFACTURING": 12500, 
    "MISC_DEFENSE": 0, 
    "TELEPHONE_UTILITIES": 11500
  }, 
  "Jim Cooper": {
    "COMPUTERS_INTERNET": 14606, 
    "DEFENSE_AEROSPACE": 13000, 
    "DEFENSE_ELECTRONICS": 6000, 
    "ELECTRIC_UTILITIES": 3000, 
    "ELECTRONICS_MANUFACTURING": 24356, 
    "MISC_DEFENSE": 3000, 
    "TELEPHONE_UTILITIES": 6000
  }, 
  "Jim Costa": {
    "COMPUTERS_INTERNET": 0, 
    "DEFENSE_AEROSPACE": 5000, 
    "DEFENSE_ELECTRONICS": 9000, 
    "ELECTRIC_UTILITIES": 16500, 
    "ELECTRONICS_MANUFACTURING": 13500, 
    "MISC_DEFENSE": 7000, 
    "TELEPHONE_UTILITIES": 12500
  }, 
  "Jim Gerlach": {
    "COMPUTERS_INTERNET": 19000, 
    "DEFENSE_AEROSPACE": 32000, 
    "DEFENSE_ELECTRONICS": 13000, 
    "ELECTRIC_UTILITIES": 28000, 
    "ELECTRONICS_MANUFACTURING": 46250, 
    "MISC_DEFENSE": 6000, 
    "TELEPHONE_UTILITIES": 17000
  }, 
  "Jim Jordan": {
    "COMPUTERS_INTERNET": 2000, 
    "DEFENSE_AEROSPACE": 11500, 
    "DEFENSE_ELECTRONICS": 13000, 
    "ELECTRIC_UTILITIES": 13000, 
    "ELECTRONICS_MANUFACTURING": 12500, 
    "MISC_DEFENSE": 7500, 
    "TELEPHONE_UTILITIES": 6500
  }, 
  "Jim Matheson": {
    "COMPUTERS_INTERNET": 22500, 
    "DEFENSE_AEROSPACE": 17000, 
    "DEFENSE_ELECTRONICS": 17000, 
    "ELECTRIC_UTILITIES": 19000, 
    "ELECTRONICS_MANUFACTURING": 51000, 
    "MISC_DEFENSE": 10500, 
    "TELEPHONE_UTILITIES": 5000
  }, 
  "Jim McDermott": {
    "COMPUTERS_INTERNET": 1000, 
    "DEFENSE_AEROSPACE": 6000, 
    "DEFENSE_ELECTRONICS": 4000, 
    "ELECTRIC_UTILITIES": 0, 
    "ELECTRONICS_MANUFACTURING": 3000, 
    "MISC_DEFENSE": 1000, 
    "TELEPHONE_UTILITIES": 0
  }, 
  "Joe Barton": {
    "COMPUTERS_INTERNET": 51000, 
    "DEFENSE_AEROSPACE": 50250, 
    "DEFENSE_ELECTRONICS": 54250, 
    "ELECTRIC_UTILITIES": 164350, 
    "ELECTRONICS_MANUFACTURING": 141000, 
    "MISC_DEFENSE": 7500, 
    "TELEPHONE_UTILITIES": 63500
  }, 
  "Joe Courtney": {
    "COMPUTERS_INTERNET": 0, 
    "DEFENSE_AEROSPACE": 2500, 
    "DEFENSE_ELECTRONICS": 0, 
    "ELECTRIC_UTILITIES": 0, 
    "ELECTRONICS_MANUFACTURING": 0, 
    "MISC_DEFENSE": 0, 
    "TELEPHONE_UTILITIES": 0
  }, 
  "Joe Donnelly": {
    "COMPUTERS_INTERNET": 0, 
    "DEFENSE_AEROSPACE": 0, 
    "DEFENSE_ELECTRONICS": 0, 
    "ELECTRIC_UTILITIES": 2500, 
    "ELECTRONICS_MANUFACTURING": 1000, 
    "MISC_DEFENSE": 0, 
    "TELEPHONE_UTILITIES": 0
  }, 
  "Joe Wilson": {
    "COMPUTERS_INTERNET": 3000, 
    "DEFENSE_AEROSPACE": 34350, 
    "DEFENSE_ELECTRONICS": 11850, 
    "ELECTRIC_UTILITIES": 18000, 
    "ELECTRONICS_MANUFACTURING": 9250, 
    "MISC_DEFENSE": 18000, 
    "TELEPHONE_UTILITIES": 8250
  }, 
  "John A. Boehner": {
    "COMPUTERS_INTERNET": 43500, 
    "DEFENSE_AEROSPACE": 66000, 
    "DEFENSE_ELECTRONICS": 54500, 
    "ELECTRIC_UTILITIES": 75500, 
    "ELECTRONICS_MANUFACTURING": 86250, 
    "MISC_DEFENSE": 33500, 
    "TELEPHONE_UTILITIES": 38250
  }, 
  "John A. Yarmuth": {
    "COMPUTERS_INTERNET": 0, 
    "DEFENSE_AEROSPACE": 250, 
    "DEFENSE_ELECTRONICS": 0, 
    "ELECTRIC_UTILITIES": 0, 
    "ELECTRONICS_MANUFACTURING": 0, 
    "MISC_DEFENSE": 0, 
    "TELEPHONE_UTILITIES": 0
  }, 
  "John Abney Culberson": {
    "COMPUTERS_INTERNET": 1000, 
    "DEFENSE_AEROSPACE": 12000, 
    "DEFENSE_ELECTRONICS": 23000, 
    "ELECTRIC_UTILITIES": 14000, 
    "ELECTRONICS_MANUFACTURING": 7000, 
    "MISC_DEFENSE": 3500, 
    "TELEPHONE_UTILITIES": 7000
  }, 
  "John B. Larson": {
    "COMPUTERS_INTERNET": 4000, 
    "DEFENSE_AEROSPACE": 40500, 
    "DEFENSE_ELECTRONICS": 21000, 
    "ELECTRIC_UTILITIES": 2000, 
    "ELECTRONICS_MANUFACTURING": 31000, 
    "MISC_DEFENSE": 14500, 
    "TELEPHONE_UTILITIES": 7000
  }, 
  "John Barrow": {
    "COMPUTERS_INTERNET": 5000, 
    "DEFENSE_AEROSPACE": 16000, 
    "DEFENSE_ELECTRONICS": 23500, 
    "ELECTRIC_UTILITIES": 15804, 
    "ELECTRONICS_MANUFACTURING": 50500, 
    "MISC_DEFENSE": 14000, 
    "TELEPHONE_UTILITIES": 21000
  }, 
  "John Boozman": {
    "COMPUTERS_INTERNET": 0, 
    "DEFENSE_AEROSPACE": 1000, 
    "DEFENSE_ELECTRONICS": 10000, 
    "ELECTRIC_UTILITIES": 15000, 
    "ELECTRONICS_MANUFACTURING": 13000, 
    "MISC_DEFENSE": 0, 
    "TELEPHONE_UTILITIES": 12000
  }, 
  "John Campbell": {
    "COMPUTERS_INTERNET": 2500, 
    "DEFENSE_AEROSPACE": 9500, 
    "DEFENSE_ELECTRONICS": 20000, 
    "ELECTRIC_UTILITIES": 7000, 
    "ELECTRONICS_MANUFACTURING": 18000, 
    "MISC_DEFENSE": 0, 
    "TELEPHONE_UTILITIES": 16000
  }, 
  "John Conyers Jr.": {
    "COMPUTERS_INTERNET": 12000, 
    "DEFENSE_AEROSPACE": 14250, 
    "DEFENSE_ELECTRONICS": 14500, 
    "ELECTRIC_UTILITIES": 3650, 
    "ELECTRONICS_MANUFACTURING": 81150, 
    "MISC_DEFENSE": 0, 
    "TELEPHONE_UTILITIES": 27500
  }, 
  "John Cornyn": {
    "COMPUTERS_INTERNET": 15500, 
    "DEFENSE_AEROSPACE": 11750, 
    "DEFENSE_ELECTRONICS": 19000, 
    "ELECTRIC_UTILITIES": 7000, 
    "ELECTRONICS_MANUFACTURING": 26000, 
    "MISC_DEFENSE": 0, 
    "TELEPHONE_UTILITIES": 9500
  }, 
  "John D. Dingell": {
    "COMPUTERS_INTERNET": 20000, 
    "DEFENSE_AEROSPACE": 54425, 
    "DEFENSE_ELECTRONICS": 49000, 
    "ELECTRIC_UTILITIES": 112422, 
    "ELECTRONICS_MANUFACTURING": 126500, 
    "MISC_DEFENSE": 12000, 
    "TELEPHONE_UTILITIES": 48000
  }, 
  "John D. Rockefeller, IV": {
    "COMPUTERS_INTERNET": 7000, 
    "DEFENSE_AEROSPACE": 4000, 
    "DEFENSE_ELECTRONICS": 8000, 
    "ELECTRIC_UTILITIES": 3000, 
    "ELECTRONICS_MANUFACTURING": 65000, 
    "MISC_DEFENSE": 0, 
    "TELEPHONE_UTILITIES": 32000
  }, 
  "John F. Tierney": {
    "COMPUTERS_INTERNET": 0, 
    "DEFENSE_AEROSPACE": 3000, 
    "DEFENSE_ELECTRONICS": 4000, 
    "ELECTRIC_UTILITIES": 0, 
    "ELECTRONICS_MANUFACTURING": 3250, 
    "MISC_DEFENSE": 1000, 
    "TELEPHONE_UTILITIES": 0
  }, 
  "John J. Duncan Jr.": {
    "COMPUTERS_INTERNET": 0, 
    "DEFENSE_AEROSPACE": 7000, 
    "DEFENSE_ELECTRONICS": 8000, 
    "ELECTRIC_UTILITIES": 2000, 
    "ELECTRONICS_MANUFACTURING": 4000, 
    "MISC_DEFENSE": 5500, 
    "TELEPHONE_UTILITIES": 2000
  }, 
  "John Kline": {
    "COMPUTERS_INTERNET": 5500, 
    "DEFENSE_AEROSPACE": 61000, 
    "DEFENSE_ELECTRONICS": 33000, 
    "ELECTRIC_UTILITIES": 4000, 
    "ELECTRONICS_MANUFACTURING": 25000, 
    "MISC_DEFENSE": 24000, 
    "TELEPHONE_UTILITIES": 8500
  }, 
  "John L. Mica": {
    "COMPUTERS_INTERNET": 2000, 
    "DEFENSE_AEROSPACE": 39000, 
    "DEFENSE_ELECTRONICS": 39000, 
    "ELECTRIC_UTILITIES": 7000, 
    "ELECTRONICS_MANUFACTURING": 22500, 
    "MISC_DEFENSE": 24000, 
    "TELEPHONE_UTILITIES": 5000
  }, 
  "John Lewis": {
    "COMPUTERS_INTERNET": 3000, 
    "DEFENSE_AEROSPACE": 6000, 
    "DEFENSE_ELECTRONICS": 7000, 
    "ELECTRIC_UTILITIES": 10000, 
    "ELECTRONICS_MANUFACTURING": 13000, 
    "MISC_DEFENSE": 0, 
    "TELEPHONE_UTILITIES": 9000
  }, 
  "John McCain": {
    "COMPUTERS_INTERNET": 2000, 
    "DEFENSE_AEROSPACE": 0, 
    "DEFENSE_ELECTRONICS": 9500, 
    "ELECTRIC_UTILITIES": 5000, 
    "ELECTRONICS_MANUFACTURING": 8144, 
    "MISC_DEFENSE": 2000, 
    "TELEPHONE_UTILITIES": 7500
  }, 
  "John P. Sarbanes": {
    "COMPUTERS_INTERNET": 1000, 
    "DEFENSE_AEROSPACE": 6500, 
    "DEFENSE_ELECTRONICS": 5000, 
    "ELECTRIC_UTILITIES": 0, 
    "ELECTRONICS_MANUFACTURING": 0, 
    "MISC_DEFENSE": 1000, 
    "TELEPHONE_UTILITIES": 0
  }, 
  "John R. Carter": {
    "COMPUTERS_INTERNET": 15500, 
    "DEFENSE_AEROSPACE": 23000, 
    "DEFENSE_ELECTRONICS": 31000, 
    "ELECTRIC_UTILITIES": 17000, 
    "ELECTRONICS_MANUFACTURING": 42000, 
    "MISC_DEFENSE": 10000, 
    "TELEPHONE_UTILITIES": 16500
  }, 
  "John Shimkus": {
    "COMPUTERS_INTERNET": 8000, 
    "DEFENSE_AEROSPACE": 5000, 
    "DEFENSE_ELECTRONICS": 20000, 
    "ELECTRIC_UTILITIES": 45499, 
    "ELECTRONICS_MANUFACTURING": 51750, 
    "MISC_DEFENSE": 0, 
    "TELEPHONE_UTILITIES": 32500
  }, 
  "John Thune": {
    "COMPUTERS_INTERNET": 0, 
    "DEFENSE_AEROSPACE": 1500, 
    "DEFENSE_ELECTRONICS": 0, 
    "ELECTRIC_UTILITIES": -5000, 
    "ELECTRONICS_MANUFACTURING": 3500, 
    "MISC_DEFENSE": 0, 
    "TELEPHONE_UTILITIES": 0
  }, 
  "Johnny Isakson": {
    "COMPUTERS_INTERNET": 3000, 
    "DEFENSE_AEROSPACE": 2000, 
    "DEFENSE_ELECTRONICS": 6000, 
    "ELECTRIC_UTILITIES": 7000, 
    "ELECTRONICS_MANUFACTURING": 12000, 
    "MISC_DEFENSE": 3000, 
    "TELEPHONE_UTILITIES": 8000
  }, 
  "Jon Tester": {
    "COMPUTERS_INTERNET": 1000, 
    "DEFENSE_AEROSPACE": 0, 
    "DEFENSE_ELECTRONICS": 0, 
    "ELECTRIC_UTILITIES": 8500, 
    "ELECTRONICS_MANUFACTURING": 3500, 
    "MISC_DEFENSE": 0, 
    "TELEPHONE_UTILITIES": 1000
  }, 
  "Joseph Crowley": {
    "COMPUTERS_INTERNET": 20500, 
    "DEFENSE_AEROSPACE": 27000, 
    "DEFENSE_ELECTRONICS": 30500, 
    "ELECTRIC_UTILITIES": 3000, 
    "ELECTRONICS_MANUFACTURING": 64500, 
    "MISC_DEFENSE": 3000, 
    "TELEPHONE_UTILITIES": 27500
  }, 
  "Joseph R. Pitts": {
    "COMPUTERS_INTERNET": 5000, 
    "DEFENSE_AEROSPACE": 3000, 
    "DEFENSE_ELECTRONICS": 10000, 
    "ELECTRIC_UTILITIES": 16661, 
    "ELECTRONICS_MANUFACTURING": 40000, 
    "MISC_DEFENSE": 2000, 
    "TELEPHONE_UTILITIES": 11000
  }, 
  "Jos\u00e9 E. Serrano": {
    "COMPUTERS_INTERNET": 0, 
    "DEFENSE_AEROSPACE": 2500, 
    "DEFENSE_ELECTRONICS": 1500, 
    "ELECTRIC_UTILITIES": 0, 
    "ELECTRONICS_MANUFACTURING": 6500, 
    "MISC_DEFENSE": 0, 
    "TELEPHONE_UTILITIES": 4000
  }, 
  "Juan Vargas": {
    "COMPUTERS_INTERNET": 0, 
    "DEFENSE_AEROSPACE": 0, 
    "DEFENSE_ELECTRONICS": 0, 
    "ELECTRIC_UTILITIES": 5000, 
    "ELECTRONICS_MANUFACTURING": 0, 
    "MISC_DEFENSE": 0, 
    "TELEPHONE_UTILITIES": 0
  }, 
  "K. Michael Conaway": {
    "COMPUTERS_INTERNET": 1000, 
    "DEFENSE_AEROSPACE": 13500, 
    "DEFENSE_ELECTRONICS": 19500, 
    "ELECTRIC_UTILITIES": 20000, 
    "ELECTRONICS_MANUFACTURING": 12500, 
    "MISC_DEFENSE": 3000, 
    "TELEPHONE_UTILITIES": 12000
  }, 
  "Kathy Castor": {
    "COMPUTERS_INTERNET": 0, 
    "DEFENSE_AEROSPACE": 1000, 
    "DEFENSE_ELECTRONICS": 3000, 
    "ELECTRIC_UTILITIES": 6500, 
    "ELECTRONICS_MANUFACTURING": 12500, 
    "MISC_DEFENSE": 0, 
    "TELEPHONE_UTILITIES": 10500
  }, 
  "Kay Granger": {
    "COMPUTERS_INTERNET": 10500, 
    "DEFENSE_AEROSPACE": 89400, 
    "DEFENSE_ELECTRONICS": 64000, 
    "ELECTRIC_UTILITIES": 16500, 
    "ELECTRONICS_MANUFACTURING": 18500, 
    "MISC_DEFENSE": 36900, 
    "TELEPHONE_UTILITIES": 7500
  }, 
  "Keith Ellison": {
    "COMPUTERS_INTERNET": 0, 
    "DEFENSE_AEROSPACE": 0, 
    "DEFENSE_ELECTRONICS": 0, 
    "ELECTRIC_UTILITIES": 0, 
    "ELECTRONICS_MANUFACTURING": 1000, 
    "MISC_DEFENSE": 0, 
    "TELEPHONE_UTILITIES": 0
  }, 
  "Ken Calvert": {
    "COMPUTERS_INTERNET": 11000, 
    "DEFENSE_AEROSPACE": 66000, 
    "DEFENSE_ELECTRONICS": 62500, 
    "ELECTRIC_UTILITIES": 22650, 
    "ELECTRONICS_MANUFACTURING": 33000, 
    "MISC_DEFENSE": 35000, 
    "TELEPHONE_UTILITIES": 13000
  }, 
  "Kenny Marchant": {
    "COMPUTERS_INTERNET": 1500, 
    "DEFENSE_AEROSPACE": 18000, 
    "DEFENSE_ELECTRONICS": 22500, 
    "ELECTRIC_UTILITIES": 13500, 
    "ELECTRONICS_MANUFACTURING": 14250, 
    "MISC_DEFENSE": 2500, 
    "TELEPHONE_UTILITIES": 11000
  }, 
  "Kevin Brady": {
    "COMPUTERS_INTERNET": 12000, 
    "DEFENSE_AEROSPACE": 14000, 
    "DEFENSE_ELECTRONICS": 11500, 
    "ELECTRIC_UTILITIES": 14000, 
    "ELECTRONICS_MANUFACTURING": 23500, 
    "MISC_DEFENSE": 3000, 
    "TELEPHONE_UTILITIES": 9000
  }, 
  "Kevin McCarthy": {
    "COMPUTERS_INTERNET": 3000, 
    "DEFENSE_AEROSPACE": 9000, 
    "DEFENSE_ELECTRONICS": 14000, 
    "ELECTRIC_UTILITIES": 10500, 
    "ELECTRONICS_MANUFACTURING": 29750, 
    "MISC_DEFENSE": 6000, 
    "TELEPHONE_UTILITIES": 15000
  }, 
  "Kirsten E. Gillibrand": {
    "COMPUTERS_INTERNET": 1000, 
    "DEFENSE_AEROSPACE": 0, 
    "DEFENSE_ELECTRONICS": 0, 
    "ELECTRIC_UTILITIES": 0, 
    "ELECTRONICS_MANUFACTURING": 3500, 
    "MISC_DEFENSE": 0, 
    "TELEPHONE_UTILITIES": 500
  }, 
  "Lamar Alexander": {
    "COMPUTERS_INTERNET": 1000, 
    "DEFENSE_AEROSPACE": 8000, 
    "DEFENSE_ELECTRONICS": 4000, 
    "ELECTRIC_UTILITIES": 13000, 
    "ELECTRONICS_MANUFACTURING": 3000, 
    "MISC_DEFENSE": 2000, 
    "TELEPHONE_UTILITIES": 1000
  }, 
  "Lamar Smith": {
    "COMPUTERS_INTERNET": 64600, 
    "DEFENSE_AEROSPACE": 8500, 
    "DEFENSE_ELECTRONICS": 15000, 
    "ELECTRIC_UTILITIES": 3000, 
    "ELECTRONICS_MANUFACTURING": 107532, 
    "MISC_DEFENSE": 1000, 
    "TELEPHONE_UTILITIES": 30000
  }, 
  "Lee Terry": {
    "COMPUTERS_INTERNET": 8000, 
    "DEFENSE_AEROSPACE": 20000, 
    "DEFENSE_ELECTRONICS": 35500, 
    "ELECTRIC_UTILITIES": 14400, 
    "ELECTRONICS_MANUFACTURING": 77500, 
    "MISC_DEFENSE": 7000, 
    "TELEPHONE_UTILITIES": 38000
  }, 
  "Linda T. S\u00e1nchez": {
    "COMPUTERS_INTERNET": 3500, 
    "DEFENSE_AEROSPACE": 0, 
    "DEFENSE_ELECTRONICS": 4500, 
    "ELECTRIC_UTILITIES": 1000, 
    "ELECTRONICS_MANUFACTURING": 30000, 
    "MISC_DEFENSE": 0, 
    "TELEPHONE_UTILITIES": 7500
  }, 
  "Lindsey Graham": {
    "COMPUTERS_INTERNET": 5000, 
    "DEFENSE_AEROSPACE": 18500, 
    "DEFENSE_ELECTRONICS": 14000, 
    "ELECTRIC_UTILITIES": 12000, 
    "ELECTRONICS_MANUFACTURING": 28500, 
    "MISC_DEFENSE": 16186, 
    "TELEPHONE_UTILITIES": 13000
  }, 
  "Lisa Murkowski": {
    "COMPUTERS_INTERNET": -500, 
    "DEFENSE_AEROSPACE": 0, 
    "DEFENSE_ELECTRONICS": 0, 
    "ELECTRIC_UTILITIES": 3500, 
    "ELECTRONICS_MANUFACTURING": -500, 
    "MISC_DEFENSE": 1000, 
    "TELEPHONE_UTILITIES": 0
  }, 
  "Lloyd Doggett": {
    "COMPUTERS_INTERNET": 3000, 
    "DEFENSE_AEROSPACE": 0, 
    "DEFENSE_ELECTRONICS": 1000, 
    "ELECTRIC_UTILITIES": 1500, 
    "ELECTRONICS_MANUFACTURING": 5500, 
    "MISC_DEFENSE": 0, 
    "TELEPHONE_UTILITIES": 4000
  }, 
  "Lois Capps": {
    "COMPUTERS_INTERNET": 1000, 
    "DEFENSE_AEROSPACE": 6000, 
    "DEFENSE_ELECTRONICS": 18000, 
    "ELECTRIC_UTILITIES": 9000, 
    "ELECTRONICS_MANUFACTURING": 28000, 
    "MISC_DEFENSE": 8000, 
    "TELEPHONE_UTILITIES": 9000
  }, 
  "Loretta Sanchez": {
    "COMPUTERS_INTERNET": 4000, 
    "DEFENSE_AEROSPACE": 15600, 
    "DEFENSE_ELECTRONICS": 37100, 
    "ELECTRIC_UTILITIES": 6600, 
    "ELECTRONICS_MANUFACTURING": 45000, 
    "MISC_DEFENSE": 13000, 
    "TELEPHONE_UTILITIES": 15000
  }, 
  "Lou Barletta": {
    "COMPUTERS_INTERNET": 0, 
    "DEFENSE_AEROSPACE": 0, 
    "DEFENSE_ELECTRONICS": 0, 
    "ELECTRIC_UTILITIES": 0, 
    "ELECTRONICS_MANUFACTURING": 0, 
    "MISC_DEFENSE": 0, 
    "TELEPHONE_UTILITIES": 0
  }, 
  "Louie Gohmert": {
    "COMPUTERS_INTERNET": 5000, 
    "DEFENSE_AEROSPACE": 3000, 
    "DEFENSE_ELECTRONICS": 8000, 
    "ELECTRIC_UTILITIES": 15000, 
    "ELECTRONICS_MANUFACTURING": 18500, 
    "MISC_DEFENSE": 0, 
    "TELEPHONE_UTILITIES": 9000
  }, 
  "Louise McIntosh Slaughter": {
    "COMPUTERS_INTERNET": 5000, 
    "DEFENSE_AEROSPACE": 3500, 
    "DEFENSE_ELECTRONICS": 2000, 
    "ELECTRIC_UTILITIES": 0, 
    "ELECTRONICS_MANUFACTURING": 7000, 
    "MISC_DEFENSE": 4500, 
    "TELEPHONE_UTILITIES": 2000
  }, 
  "Lucille Roybal-Allard": {
    "COMPUTERS_INTERNET": 0, 
    "DEFENSE_AEROSPACE": 500, 
    "DEFENSE_ELECTRONICS": 1500, 
    "ELECTRIC_UTILITIES": 9500, 
    "ELECTRONICS_MANUFACTURING": 3000, 
    "MISC_DEFENSE": 6750, 
    "TELEPHONE_UTILITIES": 1000
  }, 
  "Luis V. Guti\u00e9rrez": {
    "COMPUTERS_INTERNET": 0, 
    "DEFENSE_AEROSPACE": 0, 
    "DEFENSE_ELECTRONICS": 7500, 
    "ELECTRIC_UTILITIES": 6000, 
    "ELECTRONICS_MANUFACTURING": 7500, 
    "MISC_DEFENSE": 0, 
    "TELEPHONE_UTILITIES": 7500
  }, 
  "Lynn A. Westmoreland": {
    "COMPUTERS_INTERNET": 0, 
    "DEFENSE_AEROSPACE": 13000, 
    "DEFENSE_ELECTRONICS": 13000, 
    "ELECTRIC_UTILITIES": 16000, 
    "ELECTRONICS_MANUFACTURING": 8500, 
    "MISC_DEFENSE": 10500, 
    "TELEPHONE_UTILITIES": 7000
  }, 
  "Mac Thornberry": {
    "COMPUTERS_INTERNET": 0, 
    "DEFENSE_AEROSPACE": 29000, 
    "DEFENSE_ELECTRONICS": 18100, 
    "ELECTRIC_UTILITIES": 3000, 
    "ELECTRONICS_MANUFACTURING": 7100, 
    "MISC_DEFENSE": 5000, 
    "TELEPHONE_UTILITIES": 8100
  }, 
  "Madeleine Z. Bordallo": {
    "COMPUTERS_INTERNET": 0, 
    "DEFENSE_AEROSPACE": 0, 
    "DEFENSE_ELECTRONICS": 0, 
    "ELECTRIC_UTILITIES": 0, 
    "ELECTRONICS_MANUFACTURING": 0, 
    "MISC_DEFENSE": 1000, 
    "TELEPHONE_UTILITIES": 0
  }, 
  "Marcy Kaptur": {
    "COMPUTERS_INTERNET": 0, 
    "DEFENSE_AEROSPACE": 27500, 
    "DEFENSE_ELECTRONICS": 28500, 
    "ELECTRIC_UTILITIES": 1000, 
    "ELECTRONICS_MANUFACTURING": 0, 
    "MISC_DEFENSE": 11500, 
    "TELEPHONE_UTILITIES": 0
  }, 
  "Maria Cantwell": {
    "COMPUTERS_INTERNET": 1000, 
    "DEFENSE_AEROSPACE": 0, 
    "DEFENSE_ELECTRONICS": 0, 
    "ELECTRIC_UTILITIES": 1000, 
    "ELECTRONICS_MANUFACTURING": 0, 
    "MISC_DEFENSE": 0, 
    "TELEPHONE_UTILITIES": 0
  }, 
  "Mario Diaz-Balart": {
    "COMPUTERS_INTERNET": 1000, 
    "DEFENSE_AEROSPACE": 2500, 
    "DEFENSE_ELECTRONICS": 4000, 
    "ELECTRIC_UTILITIES": 6500, 
    "ELECTRONICS_MANUFACTURING": 10000, 
    "MISC_DEFENSE": 1500, 
    "TELEPHONE_UTILITIES": 6000
  }, 
  "Mark Kirk": {
    "COMPUTERS_INTERNET": 1000, 
    "DEFENSE_AEROSPACE": 20500, 
    "DEFENSE_ELECTRONICS": 32000, 
    "ELECTRIC_UTILITIES": 13000, 
    "ELECTRONICS_MANUFACTURING": 21500, 
    "MISC_DEFENSE": 13000, 
    "TELEPHONE_UTILITIES": 10000
  }, 
  "Mark L. Pryor": {
    "COMPUTERS_INTERNET": 14000, 
    "DEFENSE_AEROSPACE": 16000, 
    "DEFENSE_ELECTRONICS": 19500, 
    "ELECTRIC_UTILITIES": 24000, 
    "ELECTRONICS_MANUFACTURING": 73500, 
    "MISC_DEFENSE": 9000, 
    "TELEPHONE_UTILITIES": 37000
  }, 
  "Mark R. Warner": {
    "COMPUTERS_INTERNET": 0, 
    "DEFENSE_AEROSPACE": 0, 
    "DEFENSE_ELECTRONICS": 0, 
    "ELECTRIC_UTILITIES": 0, 
    "ELECTRONICS_MANUFACTURING": 0, 
    "MISC_DEFENSE": 0, 
    "TELEPHONE_UTILITIES": 0
  }, 
  "Mark Sanford": {
    "COMPUTERS_INTERNET": 0, 
    "DEFENSE_AEROSPACE": 0, 
    "DEFENSE_ELECTRONICS": 0, 
    "ELECTRIC_UTILITIES": 0, 
    "ELECTRONICS_MANUFACTURING": 0, 
    "MISC_DEFENSE": 0, 
    "TELEPHONE_UTILITIES": 0
  }, 
  "Mark Takano": {
    "COMPUTERS_INTERNET": 0, 
    "DEFENSE_AEROSPACE": 0, 
    "DEFENSE_ELECTRONICS": 0, 
    "ELECTRIC_UTILITIES": 0, 
    "ELECTRONICS_MANUFACTURING": 0, 
    "MISC_DEFENSE": 0, 
    "TELEPHONE_UTILITIES": 0
  }, 
  "Mark Udall": {
    "COMPUTERS_INTERNET": 2000, 
    "DEFENSE_AEROSPACE": 28000, 
    "DEFENSE_ELECTRONICS": 31875, 
    "ELECTRIC_UTILITIES": 7000, 
    "ELECTRONICS_MANUFACTURING": 15550, 
    "MISC_DEFENSE": 17000, 
    "TELEPHONE_UTILITIES": 0
  }, 
  "Marsha Blackburn": {
    "COMPUTERS_INTERNET": 19767, 
    "DEFENSE_AEROSPACE": 7000, 
    "DEFENSE_ELECTRONICS": 18000, 
    "ELECTRIC_UTILITIES": 9000, 
    "ELECTRONICS_MANUFACTURING": 83717, 
    "MISC_DEFENSE": 1000, 
    "TELEPHONE_UTILITIES": 46000
  }, 
  "Mary L. Landrieu": {
    "COMPUTERS_INTERNET": 1000, 
    "DEFENSE_AEROSPACE": 15500, 
    "DEFENSE_ELECTRONICS": 15000, 
    "ELECTRIC_UTILITIES": 50931, 
    "ELECTRONICS_MANUFACTURING": 28500, 
    "MISC_DEFENSE": 29700, 
    "TELEPHONE_UTILITIES": 10000
  }, 
  "Maxine Waters": {
    "COMPUTERS_INTERNET": 0, 
    "DEFENSE_AEROSPACE": 0, 
    "DEFENSE_ELECTRONICS": 0, 
    "ELECTRIC_UTILITIES": 0, 
    "ELECTRONICS_MANUFACTURING": 0, 
    "MISC_DEFENSE": 0, 
    "TELEPHONE_UTILITIES": 0
  }, 
  "Mazie K. Hirono": {
    "COMPUTERS_INTERNET": 0, 
    "DEFENSE_AEROSPACE": 7000, 
    "DEFENSE_ELECTRONICS": 7000, 
    "ELECTRIC_UTILITIES": 5000, 
    "ELECTRONICS_MANUFACTURING": 0, 
    "MISC_DEFENSE": 2600, 
    "TELEPHONE_UTILITIES": 0
  }, 
  "Michael B. Enzi": {
    "COMPUTERS_INTERNET": 20000, 
    "DEFENSE_AEROSPACE": 7500, 
    "DEFENSE_ELECTRONICS": 9500, 
    "ELECTRIC_UTILITIES": 0, 
    "ELECTRONICS_MANUFACTURING": 27000, 
    "MISC_DEFENSE": 4000, 
    "TELEPHONE_UTILITIES": 5000
  }, 
  "Michael C. Burgess": {
    "COMPUTERS_INTERNET": 7000, 
    "DEFENSE_AEROSPACE": 15500, 
    "DEFENSE_ELECTRONICS": 20500, 
    "ELECTRIC_UTILITIES": 33000, 
    "ELECTRONICS_MANUFACTURING": 35000, 
    "MISC_DEFENSE": 0, 
    "TELEPHONE_UTILITIES": 18000
  }, 
  "Michael E. Capuano": {
    "COMPUTERS_INTERNET": 1000, 
    "DEFENSE_AEROSPACE": 10000, 
    "DEFENSE_ELECTRONICS": 9250, 
    "ELECTRIC_UTILITIES": 2500, 
    "ELECTRONICS_MANUFACTURING": 4000, 
    "MISC_DEFENSE": 7000, 
    "TELEPHONE_UTILITIES": 1000
  }, 
  "Michael F. Doyle": {
    "COMPUTERS_INTERNET": 2750, 
    "DEFENSE_AEROSPACE": 10500, 
    "DEFENSE_ELECTRONICS": 7500, 
    "ELECTRIC_UTILITIES": 38797, 
    "ELECTRONICS_MANUFACTURING": 43367, 
    "MISC_DEFENSE": 8000, 
    "TELEPHONE_UTILITIES": 14750
  }, 
  "Michael G. Fitzpatrick": {
    "COMPUTERS_INTERNET": 16000, 
    "DEFENSE_AEROSPACE": 11500, 
    "DEFENSE_ELECTRONICS": 15000, 
    "ELECTRIC_UTILITIES": 23000, 
    "ELECTRONICS_MANUFACTURING": 39666, 
    "MISC_DEFENSE": 2000, 
    "TELEPHONE_UTILITIES": 8000
  }, 
  "Michael H. Michaud": {
    "COMPUTERS_INTERNET": 3500, 
    "DEFENSE_AEROSPACE": 11000, 
    "DEFENSE_ELECTRONICS": 10000, 
    "ELECTRIC_UTILITIES": 6000, 
    "ELECTRONICS_MANUFACTURING": 11750, 
    "MISC_DEFENSE": 11000, 
    "TELEPHONE_UTILITIES": 7000
  }, 
  "Michael K. Simpson": {
    "COMPUTERS_INTERNET": 0, 
    "DEFENSE_AEROSPACE": 3000, 
    "DEFENSE_ELECTRONICS": 2000, 
    "ELECTRIC_UTILITIES": 12000, 
    "ELECTRONICS_MANUFACTURING": 7000, 
    "MISC_DEFENSE": 30000, 
    "TELEPHONE_UTILITIES": 1000
  }, 
  "Michael M. Honda": {
    "COMPUTERS_INTERNET": 10000, 
    "DEFENSE_AEROSPACE": 10000, 
    "DEFENSE_ELECTRONICS": 9750, 
    "ELECTRIC_UTILITIES": 11000, 
    "ELECTRONICS_MANUFACTURING": 9500, 
    "MISC_DEFENSE": 10500, 
    "TELEPHONE_UTILITIES": 0
  }, 
  "Michael R. Turner": {
    "COMPUTERS_INTERNET": 21500, 
    "DEFENSE_AEROSPACE": 28250, 
    "DEFENSE_ELECTRONICS": 38500, 
    "ELECTRIC_UTILITIES": 5000, 
    "ELECTRONICS_MANUFACTURING": 18000, 
    "MISC_DEFENSE": 15000, 
    "TELEPHONE_UTILITIES": 4000
  }, 
  "Michael T. McCaul": {
    "COMPUTERS_INTERNET": 14500, 
    "DEFENSE_AEROSPACE": 13000, 
    "DEFENSE_ELECTRONICS": 22000, 
    "ELECTRIC_UTILITIES": 16000, 
    "ELECTRONICS_MANUFACTURING": 34500, 
    "MISC_DEFENSE": 3000, 
    "TELEPHONE_UTILITIES": 13000
  }, 
  "Michele Bachmann": {
    "COMPUTERS_INTERNET": 0, 
    "DEFENSE_AEROSPACE": 2000, 
    "DEFENSE_ELECTRONICS": 5000, 
    "ELECTRIC_UTILITIES": 3000, 
    "ELECTRONICS_MANUFACTURING": 21600, 
    "MISC_DEFENSE": 1000, 
    "TELEPHONE_UTILITIES": 10500
  }, 
  "Mike Crapo": {
    "COMPUTERS_INTERNET": 4000, 
    "DEFENSE_AEROSPACE": 0, 
    "DEFENSE_ELECTRONICS": 1000, 
    "ELECTRIC_UTILITIES": 4000, 
    "ELECTRONICS_MANUFACTURING": 9500, 
    "MISC_DEFENSE": 0, 
    "TELEPHONE_UTILITIES": 5500
  }, 
  "Mike McIntyre": {
    "COMPUTERS_INTERNET": 6000, 
    "DEFENSE_AEROSPACE": 20000, 
    "DEFENSE_ELECTRONICS": 12500, 
    "ELECTRIC_UTILITIES": 13500, 
    "ELECTRONICS_MANUFACTURING": 24000, 
    "MISC_DEFENSE": 2500, 
    "TELEPHONE_UTILITIES": 15500
  }, 
  "Mike Rogers": {
    "COMPUTERS_INTERNET": 25000, 
    "DEFENSE_AEROSPACE": 87500, 
    "DEFENSE_ELECTRONICS": 78500, 
    "ELECTRIC_UTILITIES": 64555, 
    "ELECTRONICS_MANUFACTURING": 66500, 
    "MISC_DEFENSE": 60425, 
    "TELEPHONE_UTILITIES": 33500
  }, 
  "Mike Thompson": {
    "COMPUTERS_INTERNET": 3000, 
    "DEFENSE_AEROSPACE": 21350, 
    "DEFENSE_ELECTRONICS": 26350, 
    "ELECTRIC_UTILITIES": 11250, 
    "ELECTRONICS_MANUFACTURING": 31500, 
    "MISC_DEFENSE": 9500, 
    "TELEPHONE_UTILITIES": 15000
  }, 
  "Mitch McConnell": {
    "COMPUTERS_INTERNET": 39500, 
    "DEFENSE_AEROSPACE": 34000, 
    "DEFENSE_ELECTRONICS": 33500, 
    "ELECTRIC_UTILITIES": 27000, 
    "ELECTRONICS_MANUFACTURING": 89800, 
    "MISC_DEFENSE": 14500, 
    "TELEPHONE_UTILITIES": 27500
  }, 
  "Nancy Pelosi": {
    "COMPUTERS_INTERNET": 34000, 
    "DEFENSE_AEROSPACE": 33000, 
    "DEFENSE_ELECTRONICS": 36500, 
    "ELECTRIC_UTILITIES": 18500, 
    "ELECTRONICS_MANUFACTURING": 91500, 
    "MISC_DEFENSE": 6000, 
    "TELEPHONE_UTILITIES": 33500
  }, 
  "Nick J. Rahall II": {
    "COMPUTERS_INTERNET": 0, 
    "DEFENSE_AEROSPACE": 1500, 
    "DEFENSE_ELECTRONICS": 2500, 
    "ELECTRIC_UTILITIES": 6000, 
    "ELECTRONICS_MANUFACTURING": 4500, 
    "MISC_DEFENSE": 7000, 
    "TELEPHONE_UTILITIES": 4500
  }, 
  "Nita M. Lowey": {
    "COMPUTERS_INTERNET": 0, 
    "DEFENSE_AEROSPACE": 8000, 
    "DEFENSE_ELECTRONICS": 9000, 
    "ELECTRIC_UTILITIES": 0, 
    "ELECTRONICS_MANUFACTURING": 6000, 
    "MISC_DEFENSE": 2000, 
    "TELEPHONE_UTILITIES": 4000
  }, 
  "Nydia M. Vel\u00e1zquez": {
    "COMPUTERS_INTERNET": 1000, 
    "DEFENSE_AEROSPACE": 2000, 
    "DEFENSE_ELECTRONICS": 2000, 
    "ELECTRIC_UTILITIES": 1000, 
    "ELECTRONICS_MANUFACTURING": 4000, 
    "MISC_DEFENSE": 0, 
    "TELEPHONE_UTILITIES": 1000
  }, 
  "Orrin G. Hatch": {
    "COMPUTERS_INTERNET": 135550, 
    "DEFENSE_AEROSPACE": 62000, 
    "DEFENSE_ELECTRONICS": 53000, 
    "ELECTRIC_UTILITIES": 33000, 
    "ELECTRONICS_MANUFACTURING": 171850, 
    "MISC_DEFENSE": 34000, 
    "TELEPHONE_UTILITIES": 19500
  }, 
  "Pat Roberts": {
    "COMPUTERS_INTERNET": 11000, 
    "DEFENSE_AEROSPACE": 17000, 
    "DEFENSE_ELECTRONICS": 30000, 
    "ELECTRIC_UTILITIES": 5000, 
    "ELECTRONICS_MANUFACTURING": 27500, 
    "MISC_DEFENSE": 12000, 
    "TELEPHONE_UTILITIES": 18000
  }, 
  "Patrick J. Leahy": {
    "COMPUTERS_INTERNET": 20600, 
    "DEFENSE_AEROSPACE": 10000, 
    "DEFENSE_ELECTRONICS": 2000, 
    "ELECTRIC_UTILITIES": 1000, 
    "ELECTRONICS_MANUFACTURING": 21500, 
    "MISC_DEFENSE": 3500, 
    "TELEPHONE_UTILITIES": 2000
  }, 
  "Patrick J. Tiberi": {
    "COMPUTERS_INTERNET": 7500, 
    "DEFENSE_AEROSPACE": 7000, 
    "DEFENSE_ELECTRONICS": 10500, 
    "ELECTRIC_UTILITIES": 29500, 
    "ELECTRONICS_MANUFACTURING": 24800, 
    "MISC_DEFENSE": 1500, 
    "TELEPHONE_UTILITIES": 17300
  }, 
  "Patrick J. Toomey": {
    "COMPUTERS_INTERNET": 0, 
    "DEFENSE_AEROSPACE": 0, 
    "DEFENSE_ELECTRONICS": 0, 
    "ELECTRIC_UTILITIES": 0, 
    "ELECTRONICS_MANUFACTURING": 0, 
    "MISC_DEFENSE": 0, 
    "TELEPHONE_UTILITIES": 0
  }, 
  "Patrick T. McHenry": {
    "COMPUTERS_INTERNET": 2500, 
    "DEFENSE_AEROSPACE": 14500, 
    "DEFENSE_ELECTRONICS": 14500, 
    "ELECTRIC_UTILITIES": 16000, 
    "ELECTRONICS_MANUFACTURING": 16500, 
    "MISC_DEFENSE": 10500, 
    "TELEPHONE_UTILITIES": 11500
  }, 
  "Patty Murray": {
    "COMPUTERS_INTERNET": 3500, 
    "DEFENSE_AEROSPACE": 14500, 
    "DEFENSE_ELECTRONICS": 14000, 
    "ELECTRIC_UTILITIES": 1000, 
    "ELECTRONICS_MANUFACTURING": 7500, 
    "MISC_DEFENSE": 17000, 
    "TELEPHONE_UTILITIES": 2000
  }, 
  "Paul Ryan": {
    "COMPUTERS_INTERNET": 10500, 
    "DEFENSE_AEROSPACE": 26000, 
    "DEFENSE_ELECTRONICS": 22000, 
    "ELECTRIC_UTILITIES": 5000, 
    "ELECTRONICS_MANUFACTURING": 39000, 
    "MISC_DEFENSE": 2000, 
    "TELEPHONE_UTILITIES": 20250
  }, 
  "Pete Sessions": {
    "COMPUTERS_INTERNET": 21500, 
    "DEFENSE_AEROSPACE": 34500, 
    "DEFENSE_ELECTRONICS": 49000, 
    "ELECTRIC_UTILITIES": 22000, 
    "ELECTRONICS_MANUFACTURING": 41000, 
    "MISC_DEFENSE": 10500, 
    "TELEPHONE_UTILITIES": 16500
  }, 
  "Peter A. DeFazio": {
    "COMPUTERS_INTERNET": 0, 
    "DEFENSE_AEROSPACE": 4500, 
    "DEFENSE_ELECTRONICS": 1000, 
    "ELECTRIC_UTILITIES": 8000, 
    "ELECTRONICS_MANUFACTURING": 2600, 
    "MISC_DEFENSE": 3500, 
    "TELEPHONE_UTILITIES": 1000
  }, 
  "Peter J. Roskam": {
    "COMPUTERS_INTERNET": 0, 
    "DEFENSE_AEROSPACE": 2000, 
    "DEFENSE_ELECTRONICS": 20000, 
    "ELECTRIC_UTILITIES": 25500, 
    "ELECTRONICS_MANUFACTURING": 31000, 
    "MISC_DEFENSE": 2000, 
    "TELEPHONE_UTILITIES": 26250
  }, 
  "Peter J. Visclosky": {
    "COMPUTERS_INTERNET": 0, 
    "DEFENSE_AEROSPACE": 51000, 
    "DEFENSE_ELECTRONICS": 58500, 
    "ELECTRIC_UTILITIES": 34000, 
    "ELECTRONICS_MANUFACTURING": 6000, 
    "MISC_DEFENSE": 61400, 
    "TELEPHONE_UTILITIES": 4000
  }, 
  "Peter T. King": {
    "COMPUTERS_INTERNET": 17000, 
    "DEFENSE_AEROSPACE": 31500, 
    "DEFENSE_ELECTRONICS": 38500, 
    "ELECTRIC_UTILITIES": 4000, 
    "ELECTRONICS_MANUFACTURING": 34500, 
    "MISC_DEFENSE": 17000, 
    "TELEPHONE_UTILITIES": 15000
  }, 
  "Peter Welch": {
    "COMPUTERS_INTERNET": 500, 
    "DEFENSE_AEROSPACE": 5000, 
    "DEFENSE_ELECTRONICS": 0, 
    "ELECTRIC_UTILITIES": 5000, 
    "ELECTRONICS_MANUFACTURING": 4500, 
    "MISC_DEFENSE": 0, 
    "TELEPHONE_UTILITIES": 2000
  }, 
  "Phil Gingrey": {
    "COMPUTERS_INTERNET": 0, 
    "DEFENSE_AEROSPACE": 16500, 
    "DEFENSE_ELECTRONICS": 16000, 
    "ELECTRIC_UTILITIES": 9500, 
    "ELECTRONICS_MANUFACTURING": 6000, 
    "MISC_DEFENSE": 6000, 
    "TELEPHONE_UTILITIES": 5500
  }, 
  "Ralph M. Hall": {
    "COMPUTERS_INTERNET": 3000, 
    "DEFENSE_AEROSPACE": 39500, 
    "DEFENSE_ELECTRONICS": 47000, 
    "ELECTRIC_UTILITIES": 70499, 
    "ELECTRONICS_MANUFACTURING": 44600, 
    "MISC_DEFENSE": 7000, 
    "TELEPHONE_UTILITIES": 17000
  }, 
  "Randy Neugebauer": {
    "COMPUTERS_INTERNET": 0, 
    "DEFENSE_AEROSPACE": 10500, 
    "DEFENSE_ELECTRONICS": 7000, 
    "ELECTRIC_UTILITIES": 19294, 
    "ELECTRONICS_MANUFACTURING": 9000, 
    "MISC_DEFENSE": 0, 
    "TELEPHONE_UTILITIES": 3000
  }, 
  "Ra\u00fal M. Grijalva": {
    "COMPUTERS_INTERNET": 0, 
    "DEFENSE_AEROSPACE": 4000, 
    "DEFENSE_ELECTRONICS": 8000, 
    "ELECTRIC_UTILITIES": 6500, 
    "ELECTRONICS_MANUFACTURING": 4500, 
    "MISC_DEFENSE": 0, 
    "TELEPHONE_UTILITIES": 1500
  }, 
  "Richard Burr": {
    "COMPUTERS_INTERNET": 12500, 
    "DEFENSE_AEROSPACE": 4500, 
    "DEFENSE_ELECTRONICS": 8800, 
    "ELECTRIC_UTILITIES": 26500, 
    "ELECTRONICS_MANUFACTURING": 26000, 
    "MISC_DEFENSE": 0, 
    "TELEPHONE_UTILITIES": 6300
  }, 
  "Richard C. Shelby": {
    "COMPUTERS_INTERNET": 6000, 
    "DEFENSE_AEROSPACE": 1000, 
    "DEFENSE_ELECTRONICS": 2000, 
    "ELECTRIC_UTILITIES": 1000, 
    "ELECTRONICS_MANUFACTURING": 5000, 
    "MISC_DEFENSE": 4000, 
    "TELEPHONE_UTILITIES": 0
  }, 
  "Richard E. Neal": {
    "COMPUTERS_INTERNET": 3000, 
    "DEFENSE_AEROSPACE": 7000, 
    "DEFENSE_ELECTRONICS": 4000, 
    "ELECTRIC_UTILITIES": 0, 
    "ELECTRONICS_MANUFACTURING": 9000, 
    "MISC_DEFENSE": 0, 
    "TELEPHONE_UTILITIES": 2000
  }, 
  "Richard J. Durbin": {
    "COMPUTERS_INTERNET": 2000, 
    "DEFENSE_AEROSPACE": 6000, 
    "DEFENSE_ELECTRONICS": 15500, 
    "ELECTRIC_UTILITIES": 2000, 
    "ELECTRONICS_MANUFACTURING": 24500, 
    "MISC_DEFENSE": 8000, 
    "TELEPHONE_UTILITIES": 14000
  }, 
  "Rick Larsen": {
    "COMPUTERS_INTERNET": 28000, 
    "DEFENSE_AEROSPACE": 22000, 
    "DEFENSE_ELECTRONICS": 24500, 
    "ELECTRIC_UTILITIES": 14999, 
    "ELECTRONICS_MANUFACTURING": 33500, 
    "MISC_DEFENSE": 13500, 
    "TELEPHONE_UTILITIES": 3000
  }, 
  "Rob Bishop": {
    "COMPUTERS_INTERNET": 0, 
    "DEFENSE_AEROSPACE": 14000, 
    "DEFENSE_ELECTRONICS": 13000, 
    "ELECTRIC_UTILITIES": 4500, 
    "ELECTRONICS_MANUFACTURING": 9950, 
    "MISC_DEFENSE": 8000, 
    "TELEPHONE_UTILITIES": 0
  }, 
  "Rob Portman": {
    "COMPUTERS_INTERNET": 0, 
    "DEFENSE_AEROSPACE": 0, 
    "DEFENSE_ELECTRONICS": 0, 
    "ELECTRIC_UTILITIES": 0, 
    "ELECTRONICS_MANUFACTURING": -3000, 
    "MISC_DEFENSE": 0, 
    "TELEPHONE_UTILITIES": 0
  }, 
  "Robert A. Brady": {
    "COMPUTERS_INTERNET": 0, 
    "DEFENSE_AEROSPACE": 6000, 
    "DEFENSE_ELECTRONICS": 4000, 
    "ELECTRIC_UTILITIES": 6000, 
    "ELECTRONICS_MANUFACTURING": -500, 
    "MISC_DEFENSE": 5000, 
    "TELEPHONE_UTILITIES": 0
  }, 
  "Robert B. Aderholt": {
    "COMPUTERS_INTERNET": 3000, 
    "DEFENSE_AEROSPACE": 41130, 
    "DEFENSE_ELECTRONICS": 36630, 
    "ELECTRIC_UTILITIES": 14877, 
    "ELECTRONICS_MANUFACTURING": 10000, 
    "MISC_DEFENSE": 18630, 
    "TELEPHONE_UTILITIES": 7000
  }, 
  "Robert C. \"Bobby\" Scott": {
    "COMPUTERS_INTERNET": 2000, 
    "DEFENSE_AEROSPACE": 13000, 
    "DEFENSE_ELECTRONICS": 13000, 
    "ELECTRIC_UTILITIES": 6000, 
    "ELECTRONICS_MANUFACTURING": 12000, 
    "MISC_DEFENSE": 11000, 
    "TELEPHONE_UTILITIES": 4000
  }, 
  "Robert Menendez": {
    "COMPUTERS_INTERNET": 41850, 
    "DEFENSE_AEROSPACE": 14000, 
    "DEFENSE_ELECTRONICS": 21300, 
    "ELECTRIC_UTILITIES": 40500, 
    "ELECTRONICS_MANUFACTURING": 119800, 
    "MISC_DEFENSE": 20000, 
    "TELEPHONE_UTILITIES": 40800
  }, 
  "Robert P. Casey, Jr.": {
    "COMPUTERS_INTERNET": 0, 
    "DEFENSE_AEROSPACE": 3500, 
    "DEFENSE_ELECTRONICS": 3500, 
    "ELECTRIC_UTILITIES": 5000, 
    "ELECTRONICS_MANUFACTURING": 3500, 
    "MISC_DEFENSE": 3500, 
    "TELEPHONE_UTILITIES": 0
  }, 
  "Rodney P. Frelinghuysen": {
    "COMPUTERS_INTERNET": 0, 
    "DEFENSE_AEROSPACE": 63500, 
    "DEFENSE_ELECTRONICS": 60000, 
    "ELECTRIC_UTILITIES": 8500, 
    "ELECTRONICS_MANUFACTURING": 15500, 
    "MISC_DEFENSE": 37500, 
    "TELEPHONE_UTILITIES": 5000
  }, 
  "Roger F. Wicker": {
    "COMPUTERS_INTERNET": 2000, 
    "DEFENSE_AEROSPACE": 33900, 
    "DEFENSE_ELECTRONICS": 29250, 
    "ELECTRIC_UTILITIES": 16000, 
    "ELECTRONICS_MANUFACTURING": 10000, 
    "MISC_DEFENSE": 34200, 
    "TELEPHONE_UTILITIES": 10000
  }, 
  "Ron Kind": {
    "COMPUTERS_INTERNET": 10000, 
    "DEFENSE_AEROSPACE": 5000, 
    "DEFENSE_ELECTRONICS": 7000, 
    "ELECTRIC_UTILITIES": 6000, 
    "ELECTRONICS_MANUFACTURING": 28000, 
    "MISC_DEFENSE": 0, 
    "TELEPHONE_UTILITIES": 15000
  }, 
  "Ron Wyden": {
    "COMPUTERS_INTERNET": 0, 
    "DEFENSE_AEROSPACE": 0, 
    "DEFENSE_ELECTRONICS": 1000, 
    "ELECTRIC_UTILITIES": 0, 
    "ELECTRONICS_MANUFACTURING": 3500, 
    "MISC_DEFENSE": 0, 
    "TELEPHONE_UTILITIES": 1000
  }, 
  "Rosa L. DeLauro": {
    "COMPUTERS_INTERNET": 0, 
    "DEFENSE_AEROSPACE": 28100, 
    "DEFENSE_ELECTRONICS": 12600, 
    "ELECTRIC_UTILITIES": 3000, 
    "ELECTRONICS_MANUFACTURING": 10000, 
    "MISC_DEFENSE": 8000, 
    "TELEPHONE_UTILITIES": 3000
  }, 
  "Roy Blunt": {
    "COMPUTERS_INTERNET": 43500, 
    "DEFENSE_AEROSPACE": 88000, 
    "DEFENSE_ELECTRONICS": 84000, 
    "ELECTRIC_UTILITIES": 37000, 
    "ELECTRONICS_MANUFACTURING": 130399, 
    "MISC_DEFENSE": 45000, 
    "TELEPHONE_UTILITIES": 42000
  }, 
  "Rub\u00e9n Hinojosa": {
    "COMPUTERS_INTERNET": 5500, 
    "DEFENSE_AEROSPACE": 8000, 
    "DEFENSE_ELECTRONICS": 11250, 
    "ELECTRIC_UTILITIES": 9000, 
    "ELECTRONICS_MANUFACTURING": 17500, 
    "MISC_DEFENSE": 0, 
    "TELEPHONE_UTILITIES": 10500
  }, 
  "Rush Holt": {
    "COMPUTERS_INTERNET": 2500, 
    "DEFENSE_AEROSPACE": 1000, 
    "DEFENSE_ELECTRONICS": 6000, 
    "ELECTRIC_UTILITIES": 4000, 
    "ELECTRONICS_MANUFACTURING": 5500, 
    "MISC_DEFENSE": 4000, 
    "TELEPHONE_UTILITIES": 1000
  }, 
  "Sam Farr": {
    "COMPUTERS_INTERNET": 1000, 
    "DEFENSE_AEROSPACE": 1000, 
    "DEFENSE_ELECTRONICS": 0, 
    "ELECTRIC_UTILITIES": 8650, 
    "ELECTRONICS_MANUFACTURING": 3000, 
    "MISC_DEFENSE": 0, 
    "TELEPHONE_UTILITIES": 0
  }, 
  "Sam Graves": {
    "COMPUTERS_INTERNET": 1000, 
    "DEFENSE_AEROSPACE": 30500, 
    "DEFENSE_ELECTRONICS": 21500, 
    "ELECTRIC_UTILITIES": 6000, 
    "ELECTRONICS_MANUFACTURING": 30600, 
    "MISC_DEFENSE": 3000, 
    "TELEPHONE_UTILITIES": 15000
  }, 
  "Sam Johnson": {
    "COMPUTERS_INTERNET": 9850, 
    "DEFENSE_AEROSPACE": 43500, 
    "DEFENSE_ELECTRONICS": 37200, 
    "ELECTRIC_UTILITIES": 11100, 
    "ELECTRONICS_MANUFACTURING": 20850, 
    "MISC_DEFENSE": 8000, 
    "TELEPHONE_UTILITIES": 8000
  }, 
  "Sander M. Levin": {
    "COMPUTERS_INTERNET": 7500, 
    "DEFENSE_AEROSPACE": 38000, 
    "DEFENSE_ELECTRONICS": 30000, 
    "ELECTRIC_UTILITIES": 9000, 
    "ELECTRONICS_MANUFACTURING": 13500, 
    "MISC_DEFENSE": 6000, 
    "TELEPHONE_UTILITIES": 1000
  }, 
  "Sanford D. Bishop Jr.": {
    "COMPUTERS_INTERNET": 1000, 
    "DEFENSE_AEROSPACE": 23500, 
    "DEFENSE_ELECTRONICS": 20000, 
    "ELECTRIC_UTILITIES": 19251, 
    "ELECTRONICS_MANUFACTURING": 29000, 
    "MISC_DEFENSE": 2000, 
    "TELEPHONE_UTILITIES": 21000
  }, 
  "Saxby Chambliss": {
    "COMPUTERS_INTERNET": 4000, 
    "DEFENSE_AEROSPACE": 16000, 
    "DEFENSE_ELECTRONICS": 12000, 
    "ELECTRIC_UTILITIES": 7500, 
    "ELECTRONICS_MANUFACTURING": 11500, 
    "MISC_DEFENSE": 6000, 
    "TELEPHONE_UTILITIES": 9500
  }, 
  "Scott Garrett": {
    "COMPUTERS_INTERNET": 5500, 
    "DEFENSE_AEROSPACE": 0, 
    "DEFENSE_ELECTRONICS": 2500, 
    "ELECTRIC_UTILITIES": 3000, 
    "ELECTRONICS_MANUFACTURING": 3500, 
    "MISC_DEFENSE": 5500, 
    "TELEPHONE_UTILITIES": 7000
  }, 
  "Scott R. Tipton": {
    "COMPUTERS_INTERNET": 0, 
    "DEFENSE_AEROSPACE": 0, 
    "DEFENSE_ELECTRONICS": 0, 
    "ELECTRIC_UTILITIES": 0, 
    "ELECTRONICS_MANUFACTURING": 0, 
    "MISC_DEFENSE": 0, 
    "TELEPHONE_UTILITIES": 0
  }, 
  "Sheila Jackson Lee": {
    "COMPUTERS_INTERNET": 1000, 
    "DEFENSE_AEROSPACE": 3000, 
    "DEFENSE_ELECTRONICS": 5500, 
    "ELECTRIC_UTILITIES": 1000, 
    "ELECTRONICS_MANUFACTURING": 4500, 
    "MISC_DEFENSE": 0, 
    "TELEPHONE_UTILITIES": 4500
  }, 
  "Sheldon Whitehouse": {
    "COMPUTERS_INTERNET": 4000, 
    "DEFENSE_AEROSPACE": 13000, 
    "DEFENSE_ELECTRONICS": 8000, 
    "ELECTRIC_UTILITIES": 0, 
    "ELECTRONICS_MANUFACTURING": 7750, 
    "MISC_DEFENSE": 3000, 
    "TELEPHONE_UTILITIES": 2250
  }, 
  "Shelley Moore Capito": {
    "COMPUTERS_INTERNET": 1000, 
    "DEFENSE_AEROSPACE": 13000, 
    "DEFENSE_ELECTRONICS": 4000, 
    "ELECTRIC_UTILITIES": 9000, 
    "ELECTRONICS_MANUFACTURING": 15000, 
    "MISC_DEFENSE": 0, 
    "TELEPHONE_UTILITIES": 9000
  }, 
  "Sherrod Brown": {
    "COMPUTERS_INTERNET": 6000, 
    "DEFENSE_AEROSPACE": 11485, 
    "DEFENSE_ELECTRONICS": 16100, 
    "ELECTRIC_UTILITIES": 25750, 
    "ELECTRONICS_MANUFACTURING": 31250, 
    "MISC_DEFENSE": 2600, 
    "TELEPHONE_UTILITIES": 14900
  }, 
  "Spencer Bachus": {
    "COMPUTERS_INTERNET": 9000, 
    "DEFENSE_AEROSPACE": 10500, 
    "DEFENSE_ELECTRONICS": 14500, 
    "ELECTRIC_UTILITIES": 15000, 
    "ELECTRONICS_MANUFACTURING": 55500, 
    "MISC_DEFENSE": 0, 
    "TELEPHONE_UTILITIES": 34000
  }, 
  "Steny H. Hoyer": {
    "COMPUTERS_INTERNET": 34500, 
    "DEFENSE_AEROSPACE": 87500, 
    "DEFENSE_ELECTRONICS": 96500, 
    "ELECTRIC_UTILITIES": 58500, 
    "ELECTRONICS_MANUFACTURING": 93000, 
    "MISC_DEFENSE": 62500, 
    "TELEPHONE_UTILITIES": 38000
  }, 
  "Stephen F. Lynch": {
    "COMPUTERS_INTERNET": 0, 
    "DEFENSE_AEROSPACE": 3000, 
    "DEFENSE_ELECTRONICS": 8000, 
    "ELECTRIC_UTILITIES": 1000, 
    "ELECTRONICS_MANUFACTURING": 3000, 
    "MISC_DEFENSE": 4500, 
    "TELEPHONE_UTILITIES": 2000
  }, 
  "Stevan Pearce": {
    "COMPUTERS_INTERNET": 0, 
    "DEFENSE_AEROSPACE": 12000, 
    "DEFENSE_ELECTRONICS": 13000, 
    "ELECTRIC_UTILITIES": 22797, 
    "ELECTRONICS_MANUFACTURING": 7000, 
    "MISC_DEFENSE": 21500, 
    "TELEPHONE_UTILITIES": 1000
  }, 
  "Steve Chabot": {
    "COMPUTERS_INTERNET": 15000, 
    "DEFENSE_AEROSPACE": 17000, 
    "DEFENSE_ELECTRONICS": 9000, 
    "ELECTRIC_UTILITIES": 14500, 
    "ELECTRONICS_MANUFACTURING": 63000, 
    "MISC_DEFENSE": 1000, 
    "TELEPHONE_UTILITIES": 22750
  }, 
  "Steve Cohen": {
    "COMPUTERS_INTERNET": 0, 
    "DEFENSE_AEROSPACE": 0, 
    "DEFENSE_ELECTRONICS": 3000, 
    "ELECTRIC_UTILITIES": 0, 
    "ELECTRONICS_MANUFACTURING": 6000, 
    "MISC_DEFENSE": 0, 
    "TELEPHONE_UTILITIES": 4000
  }, 
  "Steve Israel": {
    "COMPUTERS_INTERNET": 3000, 
    "DEFENSE_AEROSPACE": 36000, 
    "DEFENSE_ELECTRONICS": 60500, 
    "ELECTRIC_UTILITIES": 0, 
    "ELECTRONICS_MANUFACTURING": 18000, 
    "MISC_DEFENSE": 14000, 
    "TELEPHONE_UTILITIES": 3000
  }, 
  "Steve King": {
    "COMPUTERS_INTERNET": 4000, 
    "DEFENSE_AEROSPACE": 5000, 
    "DEFENSE_ELECTRONICS": 6000, 
    "ELECTRIC_UTILITIES": 3000, 
    "ELECTRONICS_MANUFACTURING": 28000, 
    "MISC_DEFENSE": 0, 
    "TELEPHONE_UTILITIES": 15000
  }, 
  "Steve Scalise": {
    "COMPUTERS_INTERNET": 0, 
    "DEFENSE_AEROSPACE": 0, 
    "DEFENSE_ELECTRONICS": 0, 
    "ELECTRIC_UTILITIES": 0, 
    "ELECTRONICS_MANUFACTURING": 0, 
    "MISC_DEFENSE": 0, 
    "TELEPHONE_UTILITIES": 0
  }, 
  "Steve Stockman": {
    "COMPUTERS_INTERNET": 0, 
    "DEFENSE_AEROSPACE": 0, 
    "DEFENSE_ELECTRONICS": 0, 
    "ELECTRIC_UTILITIES": 0, 
    "ELECTRONICS_MANUFACTURING": 0, 
    "MISC_DEFENSE": 0, 
    "TELEPHONE_UTILITIES": 0
  }, 
  "Susan A. Davis": {
    "COMPUTERS_INTERNET": 0, 
    "DEFENSE_AEROSPACE": 17000, 
    "DEFENSE_ELECTRONICS": 27500, 
    "ELECTRIC_UTILITIES": 3000, 
    "ELECTRONICS_MANUFACTURING": 4500, 
    "MISC_DEFENSE": 18000, 
    "TELEPHONE_UTILITIES": 0
  }, 
  "Susan M. Collins": {
    "COMPUTERS_INTERNET": 16000, 
    "DEFENSE_AEROSPACE": 6500, 
    "DEFENSE_ELECTRONICS": 9000, 
    "ELECTRIC_UTILITIES": 0, 
    "ELECTRONICS_MANUFACTURING": 11000, 
    "MISC_DEFENSE": 2000, 
    "TELEPHONE_UTILITIES": 1000
  }, 
  "Tammy Baldwin": {
    "COMPUTERS_INTERNET": 1000, 
    "DEFENSE_AEROSPACE": 3000, 
    "DEFENSE_ELECTRONICS": 7000, 
    "ELECTRIC_UTILITIES": 0, 
    "ELECTRONICS_MANUFACTURING": 22350, 
    "MISC_DEFENSE": 0, 
    "TELEPHONE_UTILITIES": 20250
  }, 
  "Tammy Duckworth": {
    "COMPUTERS_INTERNET": 0, 
    "DEFENSE_AEROSPACE": 0, 
    "DEFENSE_ELECTRONICS": 0, 
    "ELECTRIC_UTILITIES": 0, 
    "ELECTRONICS_MANUFACTURING": 0, 
    "MISC_DEFENSE": 0, 
    "TELEPHONE_UTILITIES": 0
  }, 
  "Ted Poe": {
    "COMPUTERS_INTERNET": 500, 
    "DEFENSE_AEROSPACE": 9750, 
    "DEFENSE_ELECTRONICS": 4500, 
    "ELECTRIC_UTILITIES": 13000, 
    "ELECTRONICS_MANUFACTURING": 2000, 
    "MISC_DEFENSE": 9000, 
    "TELEPHONE_UTILITIES": 1000
  }, 
  "Thad Cochran": {
    "COMPUTERS_INTERNET": 12000, 
    "DEFENSE_AEROSPACE": 19500, 
    "DEFENSE_ELECTRONICS": 22000, 
    "ELECTRIC_UTILITIES": 4000, 
    "ELECTRONICS_MANUFACTURING": 15000, 
    "MISC_DEFENSE": 8500, 
    "TELEPHONE_UTILITIES": 8000
  }, 
  "Thomas E. Petri": {
    "COMPUTERS_INTERNET": 0, 
    "DEFENSE_AEROSPACE": 9000, 
    "DEFENSE_ELECTRONICS": 11000, 
    "ELECTRIC_UTILITIES": 5000, 
    "ELECTRONICS_MANUFACTURING": 9100, 
    "MISC_DEFENSE": 19000, 
    "TELEPHONE_UTILITIES": 7000
  }, 
  "Thomas R. Carper": {
    "COMPUTERS_INTERNET": 36000, 
    "DEFENSE_AEROSPACE": 51420, 
    "DEFENSE_ELECTRONICS": 36420, 
    "ELECTRIC_UTILITIES": 30690, 
    "ELECTRONICS_MANUFACTURING": 77080, 
    "MISC_DEFENSE": 8080, 
    "TELEPHONE_UTILITIES": 24500
  }, 
  "Tim Huelskamp": {
    "COMPUTERS_INTERNET": 0, 
    "DEFENSE_AEROSPACE": 0, 
    "DEFENSE_ELECTRONICS": 0, 
    "ELECTRIC_UTILITIES": 0, 
    "ELECTRONICS_MANUFACTURING": 0, 
    "MISC_DEFENSE": 0, 
    "TELEPHONE_UTILITIES": 0
  }, 
  "Tim Johnson": {
    "COMPUTERS_INTERNET": 3000, 
    "DEFENSE_AEROSPACE": 2000, 
    "DEFENSE_ELECTRONICS": 2000, 
    "ELECTRIC_UTILITIES": 19500, 
    "ELECTRONICS_MANUFACTURING": 14500, 
    "MISC_DEFENSE": 1000, 
    "TELEPHONE_UTILITIES": 6000
  }, 
  "Tim Murphy": {
    "COMPUTERS_INTERNET": 2000, 
    "DEFENSE_AEROSPACE": 7100, 
    "DEFENSE_ELECTRONICS": 14000, 
    "ELECTRIC_UTILITIES": 56328, 
    "ELECTRONICS_MANUFACTURING": 50500, 
    "MISC_DEFENSE": 3000, 
    "TELEPHONE_UTILITIES": 18000
  }, 
  "Tim Ryan": {
    "COMPUTERS_INTERNET": 1000, 
    "DEFENSE_AEROSPACE": 10000, 
    "DEFENSE_ELECTRONICS": 14000, 
    "ELECTRIC_UTILITIES": 12000, 
    "ELECTRONICS_MANUFACTURING": 9500, 
    "MISC_DEFENSE": 7500, 
    "TELEPHONE_UTILITIES": 7500
  }, 
  "Tim Walberg": {
    "COMPUTERS_INTERNET": 0, 
    "DEFENSE_AEROSPACE": 3000, 
    "DEFENSE_ELECTRONICS": 4000, 
    "ELECTRIC_UTILITIES": 9000, 
    "ELECTRONICS_MANUFACTURING": 3000, 
    "MISC_DEFENSE": 1000, 
    "TELEPHONE_UTILITIES": 0
  }, 
  "Timothy H. Bishop": {
    "COMPUTERS_INTERNET": 0, 
    "DEFENSE_AEROSPACE": 15500, 
    "DEFENSE_ELECTRONICS": 15500, 
    "ELECTRIC_UTILITIES": 1000, 
    "ELECTRONICS_MANUFACTURING": 6000, 
    "MISC_DEFENSE": 14500, 
    "TELEPHONE_UTILITIES": 3000
  }, 
  "Timothy J. Walz": {
    "COMPUTERS_INTERNET": 0, 
    "DEFENSE_AEROSPACE": 0, 
    "DEFENSE_ELECTRONICS": 0, 
    "ELECTRIC_UTILITIES": 0, 
    "ELECTRONICS_MANUFACTURING": 1000, 
    "MISC_DEFENSE": 0, 
    "TELEPHONE_UTILITIES": 0
  }, 
  "Tom Coburn": {
    "COMPUTERS_INTERNET": 1000, 
    "DEFENSE_AEROSPACE": 3000, 
    "DEFENSE_ELECTRONICS": 6500, 
    "ELECTRIC_UTILITIES": 4000, 
    "ELECTRONICS_MANUFACTURING": 8500, 
    "MISC_DEFENSE": 3000, 
    "TELEPHONE_UTILITIES": 3500
  }, 
  "Tom Cole": {
    "COMPUTERS_INTERNET": 1000, 
    "DEFENSE_AEROSPACE": 21500, 
    "DEFENSE_ELECTRONICS": 22500, 
    "ELECTRIC_UTILITIES": 15000, 
    "ELECTRONICS_MANUFACTURING": 12500, 
    "MISC_DEFENSE": 10000, 
    "TELEPHONE_UTILITIES": 10500
  }, 
  "Tom Harkin": {
    "COMPUTERS_INTERNET": 2000, 
    "DEFENSE_AEROSPACE": 8000, 
    "DEFENSE_ELECTRONICS": 4000, 
    "ELECTRIC_UTILITIES": 1000, 
    "ELECTRONICS_MANUFACTURING": 2000, 
    "MISC_DEFENSE": 2000, 
    "TELEPHONE_UTILITIES": 0
  }, 
  "Tom Latham": {
    "COMPUTERS_INTERNET": 0, 
    "DEFENSE_AEROSPACE": 25500, 
    "DEFENSE_ELECTRONICS": 22500, 
    "ELECTRIC_UTILITIES": 30000, 
    "ELECTRONICS_MANUFACTURING": 9500, 
    "MISC_DEFENSE": 12000, 
    "TELEPHONE_UTILITIES": 8500
  }, 
  "Tom Price": {
    "COMPUTERS_INTERNET": 7000, 
    "DEFENSE_AEROSPACE": 13500, 
    "DEFENSE_ELECTRONICS": 9500, 
    "ELECTRIC_UTILITIES": 14000, 
    "ELECTRONICS_MANUFACTURING": 17500, 
    "MISC_DEFENSE": 4500, 
    "TELEPHONE_UTILITIES": 7000
  }, 
  "Tom Udall": {
    "COMPUTERS_INTERNET": 0, 
    "DEFENSE_AEROSPACE": 3000, 
    "DEFENSE_ELECTRONICS": 0, 
    "ELECTRIC_UTILITIES": 5000, 
    "ELECTRONICS_MANUFACTURING": 3500, 
    "MISC_DEFENSE": 0, 
    "TELEPHONE_UTILITIES": 1500
  }, 
  "Trent Franks": {
    "COMPUTERS_INTERNET": 2000, 
    "DEFENSE_AEROSPACE": 24500, 
    "DEFENSE_ELECTRONICS": 24000, 
    "ELECTRIC_UTILITIES": 8500, 
    "ELECTRONICS_MANUFACTURING": 7000, 
    "MISC_DEFENSE": 7000, 
    "TELEPHONE_UTILITIES": 0
  }, 
  "Vern Buchanan": {
    "COMPUTERS_INTERNET": 0, 
    "DEFENSE_AEROSPACE": 1000, 
    "DEFENSE_ELECTRONICS": 2000, 
    "ELECTRIC_UTILITIES": 5500, 
    "ELECTRONICS_MANUFACTURING": 7500, 
    "MISC_DEFENSE": 0, 
    "TELEPHONE_UTILITIES": 1000
  }, 
  "Virginia Foxx": {
    "COMPUTERS_INTERNET": 9000, 
    "DEFENSE_AEROSPACE": 3500, 
    "DEFENSE_ELECTRONICS": 9000, 
    "ELECTRIC_UTILITIES": 16000, 
    "ELECTRONICS_MANUFACTURING": 19000, 
    "MISC_DEFENSE": 2500, 
    "TELEPHONE_UTILITIES": 17750
  }, 
  "Walter B. Jones": {
    "COMPUTERS_INTERNET": 500, 
    "DEFENSE_AEROSPACE": 18000, 
    "DEFENSE_ELECTRONICS": 15500, 
    "ELECTRIC_UTILITIES": 11000, 
    "ELECTRONICS_MANUFACTURING": 6000, 
    "MISC_DEFENSE": 6000, 
    "TELEPHONE_UTILITIES": 5500
  }, 
  "Wm. Lacy Clay": {
    "COMPUTERS_INTERNET": 0, 
    "DEFENSE_AEROSPACE": 0, 
    "DEFENSE_ELECTRONICS": 7000, 
    "ELECTRIC_UTILITIES": 5000, 
    "ELECTRONICS_MANUFACTURING": 9000, 
    "MISC_DEFENSE": 2000, 
    "TELEPHONE_UTILITIES": 9000
  }, 
  "Xavier Becerra": {
    "COMPUTERS_INTERNET": 5000, 
    "DEFENSE_AEROSPACE": 9000, 
    "DEFENSE_ELECTRONICS": 8000, 
    "ELECTRIC_UTILITIES": 20000, 
    "ELECTRONICS_MANUFACTURING": 57000, 
    "MISC_DEFENSE": 1000, 
    "TELEPHONE_UTILITIES": 9500
  }, 
  "Yvette D. Clarke": {
    "COMPUTERS_INTERNET": 0, 
    "DEFENSE_AEROSPACE": 0, 
    "DEFENSE_ELECTRONICS": 2000, 
    "ELECTRIC_UTILITIES": 0, 
    "ELECTRONICS_MANUFACTURING": 3000, 
    "MISC_DEFENSE": 2000, 
    "TELEPHONE_UTILITIES": 2000
  }, 
  "Zoe Lofgren": {
    "COMPUTERS_INTERNET": 50300, 
    "DEFENSE_AEROSPACE": 5500, 
    "DEFENSE_ELECTRONICS": 7000, 
    "ELECTRIC_UTILITIES": 10400, 
    "ELECTRONICS_MANUFACTURING": 42600, 
    "MISC_DEFENSE": 4500, 
    "TELEPHONE_UTILITIES": 6000
  }
}