{
  "Adam Smith": {
    "COMPUTERS_INTERNET": 8700, 
    "DEFENSE_AEROSPACE": 10200, 
    "DEFENSE_ELECTRONICS": 13350, 
    "ELECTRIC_UTILITIES": 500, 
    "ELECTRONICS_MANUFACTURING": 21550, 
    "MISC_DEFENSE": 5875, 
    "TELEPHONE_UTILITIES": 1500
  }, 
  "Alcee L. Hastings": {
    "COMPUTERS_INTERNET": 0, 
    "DEFENSE_AEROSPACE": 5500, 
    "DEFENSE_ELECTRONICS": 1000, 
    "ELECTRIC_UTILITIES": 0, 
    "ELECTRONICS_MANUFACTURING": 4000, 
    "MISC_DEFENSE": 500, 
    "TELEPHONE_UTILITIES": 4000
  }, 
  "Allyson Y. Schwartz": {
    "COMPUTERS_INTERNET": 0, 
    "DEFENSE_AEROSPACE": 0, 
    "DEFENSE_ELECTRONICS": 0, 
    "ELECTRIC_UTILITIES": 0, 
    "ELECTRONICS_MANUFACTURING": 250, 
    "MISC_DEFENSE": 0, 
    "TELEPHONE_UTILITIES": 250
  }, 
  "Anna G. Eshoo": {
    "COMPUTERS_INTERNET": 8200, 
    "DEFENSE_AEROSPACE": 4500, 
    "DEFENSE_ELECTRONICS": 14756, 
    "ELECTRIC_UTILITIES": 5500, 
    "ELECTRONICS_MANUFACTURING": 23527, 
    "MISC_DEFENSE": 500, 
    "TELEPHONE_UTILITIES": 11006
  }, 
  "Barbara A. Mikulski": {
    "COMPUTERS_INTERNET": 11000, 
    "DEFENSE_AEROSPACE": 66800, 
    "DEFENSE_ELECTRONICS": 62750, 
    "ELECTRIC_UTILITIES": 5500, 
    "ELECTRONICS_MANUFACTURING": 43300, 
    "MISC_DEFENSE": 27350, 
    "TELEPHONE_UTILITIES": 26250
  }, 
  "Barbara Boxer": {
    "COMPUTERS_INTERNET": 10580, 
    "DEFENSE_AEROSPACE": 11500, 
    "DEFENSE_ELECTRONICS": 17250, 
    "ELECTRIC_UTILITIES": 20500, 
    "ELECTRONICS_MANUFACTURING": 76887, 
    "MISC_DEFENSE": 10550, 
    "TELEPHONE_UTILITIES": 30005
  }, 
  "Barbara Lee": {
    "COMPUTERS_INTERNET": 0, 
    "DEFENSE_AEROSPACE": 0, 
    "DEFENSE_ELECTRONICS": 1000, 
    "ELECTRIC_UTILITIES": 4500, 
    "ELECTRONICS_MANUFACTURING": 3000, 
    "MISC_DEFENSE": 1000, 
    "TELEPHONE_UTILITIES": 1500
  }, 
  "Benjamin L. Cardin": {
    "COMPUTERS_INTERNET": 500, 
    "DEFENSE_AEROSPACE": 4000, 
    "DEFENSE_ELECTRONICS": 2500, 
    "ELECTRIC_UTILITIES": 12000, 
    "ELECTRONICS_MANUFACTURING": 11000, 
    "MISC_DEFENSE": 2000, 
    "TELEPHONE_UTILITIES": 6000
  }, 
  "Bennie G. Thompson": {
    "COMPUTERS_INTERNET": 0, 
    "DEFENSE_AEROSPACE": 4500, 
    "DEFENSE_ELECTRONICS": 3500, 
    "ELECTRIC_UTILITIES": 3000, 
    "ELECTRONICS_MANUFACTURING": 6000, 
    "MISC_DEFENSE": 1500, 
    "TELEPHONE_UTILITIES": 6000
  }, 
  "Bernard Sanders": {
    "COMPUTERS_INTERNET": 0, 
    "DEFENSE_AEROSPACE": 0, 
    "DEFENSE_ELECTRONICS": 0, 
    "ELECTRIC_UTILITIES": 0, 
    "ELECTRONICS_MANUFACTURING": 0, 
    "MISC_DEFENSE": 0, 
    "TELEPHONE_UTILITIES": 0
  }, 
  "Bill Pascrell Jr.": {
    "COMPUTERS_INTERNET": 0, 
    "DEFENSE_AEROSPACE": 5500, 
    "DEFENSE_ELECTRONICS": 6350, 
    "ELECTRIC_UTILITIES": 9800, 
    "ELECTRONICS_MANUFACTURING": 8400, 
    "MISC_DEFENSE": 4250, 
    "TELEPHONE_UTILITIES": 8400
  }, 
  "Bob Goodlatte": {
    "COMPUTERS_INTERNET": 8500, 
    "DEFENSE_AEROSPACE": 8500, 
    "DEFENSE_ELECTRONICS": 13750, 
    "ELECTRIC_UTILITIES": 5250, 
    "ELECTRONICS_MANUFACTURING": 63306, 
    "MISC_DEFENSE": 4500, 
    "TELEPHONE_UTILITIES": 33499
  }, 
  "Bobby L. Rush": {
    "COMPUTERS_INTERNET": -500, 
    "DEFENSE_AEROSPACE": 1500, 
    "DEFENSE_ELECTRONICS": 5500, 
    "ELECTRIC_UTILITIES": 8500, 
    "ELECTRONICS_MANUFACTURING": 13086, 
    "MISC_DEFENSE": 0, 
    "TELEPHONE_UTILITIES": 10500
  }, 
  "Brad Sherman": {
    "COMPUTERS_INTERNET": 1500, 
    "DEFENSE_AEROSPACE": 9975, 
    "DEFENSE_ELECTRONICS": 19250, 
    "ELECTRIC_UTILITIES": 7500, 
    "ELECTRONICS_MANUFACTURING": 20500, 
    "MISC_DEFENSE": 9250, 
    "TELEPHONE_UTILITIES": 12500
  }, 
  "Carl Levin": {
    "COMPUTERS_INTERNET": 0, 
    "DEFENSE_AEROSPACE": 250, 
    "DEFENSE_ELECTRONICS": 250, 
    "ELECTRIC_UTILITIES": 0, 
    "ELECTRONICS_MANUFACTURING": 0, 
    "MISC_DEFENSE": 0, 
    "TELEPHONE_UTILITIES": 0
  }, 
  "Carolyn B. Maloney": {
    "COMPUTERS_INTERNET": 0, 
    "DEFENSE_AEROSPACE": 1500, 
    "DEFENSE_ELECTRONICS": 4500, 
    "ELECTRIC_UTILITIES": 1000, 
    "ELECTRONICS_MANUFACTURING": 9500, 
    "MISC_DEFENSE": 1000, 
    "TELEPHONE_UTILITIES": 5500
  }, 
  "Carolyn McCarthy": {
    "COMPUTERS_INTERNET": 250, 
    "DEFENSE_AEROSPACE": 1000, 
    "DEFENSE_ELECTRONICS": 1500, 
    "ELECTRIC_UTILITIES": 1500, 
    "ELECTRONICS_MANUFACTURING": 5500, 
    "MISC_DEFENSE": 0, 
    "TELEPHONE_UTILITIES": 1250
  }, 
  "Chaka Fattah": {
    "COMPUTERS_INTERNET": 0, 
    "DEFENSE_AEROSPACE": 750, 
    "DEFENSE_ELECTRONICS": 2750, 
    "ELECTRIC_UTILITIES": 1500, 
    "ELECTRONICS_MANUFACTURING": 5500, 
    "MISC_DEFENSE": 1250, 
    "TELEPHONE_UTILITIES": 4000
  }, 
  "Charles B. Rangel": {
    "COMPUTERS_INTERNET": 750, 
    "DEFENSE_AEROSPACE": 16000, 
    "DEFENSE_ELECTRONICS": 17000, 
    "ELECTRIC_UTILITIES": 4000, 
    "ELECTRONICS_MANUFACTURING": 45250, 
    "MISC_DEFENSE": 1000, 
    "TELEPHONE_UTILITIES": 19500
  }, 
  "Charles E. Schumer": {
    "COMPUTERS_INTERNET": 500, 
    "DEFENSE_AEROSPACE": 6000, 
    "DEFENSE_ELECTRONICS": 0, 
    "ELECTRIC_UTILITIES": 0, 
    "ELECTRONICS_MANUFACTURING": 29250, 
    "MISC_DEFENSE": 0, 
    "TELEPHONE_UTILITIES": 11000
  }, 
  "Chris Collins": {
    "COMPUTERS_INTERNET": 0, 
    "DEFENSE_AEROSPACE": 0, 
    "DEFENSE_ELECTRONICS": 0, 
    "ELECTRIC_UTILITIES": 0, 
    "ELECTRONICS_MANUFACTURING": 0, 
    "MISC_DEFENSE": 1000, 
    "TELEPHONE_UTILITIES": 0
  }, 
  "Christopher H. Smith": {
    "COMPUTERS_INTERNET": 0, 
    "DEFENSE_AEROSPACE": 0, 
    "DEFENSE_ELECTRONICS": 500, 
    "ELECTRIC_UTILITIES": 3000, 
    "ELECTRONICS_MANUFACTURING": 2500, 
    "MISC_DEFENSE": 0, 
    "TELEPHONE_UTILITIES": 2500
  }, 
  "Chuck Grassley": {
    "COMPUTERS_INTERNET": 6500, 
    "DEFENSE_AEROSPACE": 21000, 
    "DEFENSE_ELECTRONICS": 28905, 
    "ELECTRIC_UTILITIES": 10750, 
    "ELECTRONICS_MANUFACTURING": 83082, 
    "MISC_DEFENSE": 2000, 
    "TELEPHONE_UTILITIES": 48288
  }, 
  "Collin C. Peterson": {
    "COMPUTERS_INTERNET": 0, 
    "DEFENSE_AEROSPACE": 2000, 
    "DEFENSE_ELECTRONICS": 3500, 
    "ELECTRIC_UTILITIES": 3000, 
    "ELECTRONICS_MANUFACTURING": 4000, 
    "MISC_DEFENSE": 1500, 
    "TELEPHONE_UTILITIES": 3500
  }, 
  "Corrine Brown": {
    "COMPUTERS_INTERNET": 0, 
    "DEFENSE_AEROSPACE": 5000, 
    "DEFENSE_ELECTRONICS": 3500, 
    "ELECTRIC_UTILITIES": 2000, 
    "ELECTRONICS_MANUFACTURING": 5000, 
    "MISC_DEFENSE": 2000, 
    "TELEPHONE_UTILITIES": 4500
  }, 
  "Dana Rohrabacher": {
    "COMPUTERS_INTERNET": 0, 
    "DEFENSE_AEROSPACE": 19500, 
    "DEFENSE_ELECTRONICS": 17000, 
    "ELECTRIC_UTILITIES": 4500, 
    "ELECTRONICS_MANUFACTURING": 5500, 
    "MISC_DEFENSE": 4500, 
    "TELEPHONE_UTILITIES": 3500
  }, 
  "Daniel Coats": {
    "COMPUTERS_INTERNET": 0, 
    "DEFENSE_AEROSPACE": 0, 
    "DEFENSE_ELECTRONICS": 0, 
    "ELECTRIC_UTILITIES": 0, 
    "ELECTRONICS_MANUFACTURING": 0, 
    "MISC_DEFENSE": 0, 
    "TELEPHONE_UTILITIES": 0
  }, 
  "Danny K. Davis": {
    "COMPUTERS_INTERNET": 0, 
    "DEFENSE_AEROSPACE": 0, 
    "DEFENSE_ELECTRONICS": 1000, 
    "ELECTRIC_UTILITIES": 3000, 
    "ELECTRONICS_MANUFACTURING": 5500, 
    "MISC_DEFENSE": 0, 
    "TELEPHONE_UTILITIES": 3500
  }, 
  "Darrell E. Issa": {
    "COMPUTERS_INTERNET": 500, 
    "DEFENSE_AEROSPACE": 0, 
    "DEFENSE_ELECTRONICS": 1000, 
    "ELECTRIC_UTILITIES": 0, 
    "ELECTRONICS_MANUFACTURING": 500, 
    "MISC_DEFENSE": 0, 
    "TELEPHONE_UTILITIES": 0
  }, 
  "Dave Camp": {
    "COMPUTERS_INTERNET": 2500, 
    "DEFENSE_AEROSPACE": 20400, 
    "DEFENSE_ELECTRONICS": 19200, 
    "ELECTRIC_UTILITIES": 15730, 
    "ELECTRONICS_MANUFACTURING": 16700, 
    "MISC_DEFENSE": 1000, 
    "TELEPHONE_UTILITIES": 10000
  }, 
  "David E. Price": {
    "COMPUTERS_INTERNET": 2500, 
    "DEFENSE_AEROSPACE": 9050, 
    "DEFENSE_ELECTRONICS": 7650, 
    "ELECTRIC_UTILITIES": 10000, 
    "ELECTRONICS_MANUFACTURING": 15850, 
    "MISC_DEFENSE": 2250, 
    "TELEPHONE_UTILITIES": 11350
  }, 
  "David Schweikert": {
    "COMPUTERS_INTERNET": 0, 
    "DEFENSE_AEROSPACE": 0, 
    "DEFENSE_ELECTRONICS": 0, 
    "ELECTRIC_UTILITIES": 0, 
    "ELECTRONICS_MANUFACTURING": 0, 
    "MISC_DEFENSE": 0, 
    "TELEPHONE_UTILITIES": 0
  }, 
  "Debbie Stabenow": {
    "COMPUTERS_INTERNET": 1500, 
    "DEFENSE_AEROSPACE": 22000, 
    "DEFENSE_ELECTRONICS": 22550, 
    "ELECTRIC_UTILITIES": 13200, 
    "ELECTRONICS_MANUFACTURING": 18000, 
    "MISC_DEFENSE": 1800, 
    "TELEPHONE_UTILITIES": 14500
  }, 
  "Devin Nunes": {
    "COMPUTERS_INTERNET": 0, 
    "DEFENSE_AEROSPACE": 0, 
    "DEFENSE_ELECTRONICS": 0, 
    "ELECTRIC_UTILITIES": 0, 
    "ELECTRONICS_MANUFACTURING": 0, 
    "MISC_DEFENSE": 0, 
    "TELEPHONE_UTILITIES": 0
  }, 
  "Diana DeGette": {
    "COMPUTERS_INTERNET": 1250, 
    "DEFENSE_AEROSPACE": 2550, 
    "DEFENSE_ELECTRONICS": 10050, 
    "ELECTRIC_UTILITIES": 2000, 
    "ELECTRONICS_MANUFACTURING": 34475, 
    "MISC_DEFENSE": 500, 
    "TELEPHONE_UTILITIES": 18909
  }, 
  "Dianne Feinstein": {
    "COMPUTERS_INTERNET": 0, 
    "DEFENSE_AEROSPACE": 0, 
    "DEFENSE_ELECTRONICS": 0, 
    "ELECTRIC_UTILITIES": 0, 
    "ELECTRONICS_MANUFACTURING": 2500, 
    "MISC_DEFENSE": 500, 
    "TELEPHONE_UTILITIES": 1000
  }, 
  "Doc Hastings": {
    "COMPUTERS_INTERNET": 7000, 
    "DEFENSE_AEROSPACE": 12650, 
    "DEFENSE_ELECTRONICS": 16650, 
    "ELECTRIC_UTILITIES": 2500, 
    "ELECTRONICS_MANUFACTURING": 11900, 
    "MISC_DEFENSE": 8000, 
    "TELEPHONE_UTILITIES": 3500
  }, 
  "Don Young": {
    "COMPUTERS_INTERNET": 500, 
    "DEFENSE_AEROSPACE": 21500, 
    "DEFENSE_ELECTRONICS": 19750, 
    "ELECTRIC_UTILITIES": 22000, 
    "ELECTRONICS_MANUFACTURING": 7750, 
    "MISC_DEFENSE": 15500, 
    "TELEPHONE_UTILITIES": 8750
  }, 
  "Donna M. Christensen": {
    "COMPUTERS_INTERNET": 0, 
    "DEFENSE_AEROSPACE": 0, 
    "DEFENSE_ELECTRONICS": 0, 
    "ELECTRIC_UTILITIES": 0, 
    "ELECTRONICS_MANUFACTURING": 0, 
    "MISC_DEFENSE": 0, 
    "TELEPHONE_UTILITIES": 0
  }, 
  "Earl Blumenauer": {
    "COMPUTERS_INTERNET": 500, 
    "DEFENSE_AEROSPACE": 5500, 
    "DEFENSE_ELECTRONICS": 5000, 
    "ELECTRIC_UTILITIES": 500, 
    "ELECTRONICS_MANUFACTURING": 4500, 
    "MISC_DEFENSE": 2500, 
    "TELEPHONE_UTILITIES": 1000
  }, 
  "Ed Pastor": {
    "COMPUTERS_INTERNET": 200, 
    "DEFENSE_AEROSPACE": 5750, 
    "DEFENSE_ELECTRONICS": 9997, 
    "ELECTRIC_UTILITIES": 8000, 
    "ELECTRONICS_MANUFACTURING": 7950, 
    "MISC_DEFENSE": 7500, 
    "TELEPHONE_UTILITIES": 5250
  }, 
  "Ed Whitfield": {
    "COMPUTERS_INTERNET": 2500, 
    "DEFENSE_AEROSPACE": 9200, 
    "DEFENSE_ELECTRONICS": 13500, 
    "ELECTRIC_UTILITIES": 13500, 
    "ELECTRONICS_MANUFACTURING": 29817, 
    "MISC_DEFENSE": 2500, 
    "TELEPHONE_UTILITIES": 15500
  }, 
  "Eddie Bernice Johnson": {
    "COMPUTERS_INTERNET": 4000, 
    "DEFENSE_AEROSPACE": 8500, 
    "DEFENSE_ELECTRONICS": 13500, 
    "ELECTRIC_UTILITIES": 7500, 
    "ELECTRONICS_MANUFACTURING": 6500, 
    "MISC_DEFENSE": 500, 
    "TELEPHONE_UTILITIES": 4500
  }, 
  "Edward J. Markey": {
    "COMPUTERS_INTERNET": 2250, 
    "DEFENSE_AEROSPACE": 0, 
    "DEFENSE_ELECTRONICS": 3500, 
    "ELECTRIC_UTILITIES": 1500, 
    "ELECTRONICS_MANUFACTURING": 18500, 
    "MISC_DEFENSE": 0, 
    "TELEPHONE_UTILITIES": 11750
  }, 
  "Edward R. Royce": {
    "COMPUTERS_INTERNET": 1000, 
    "DEFENSE_AEROSPACE": 8300, 
    "DEFENSE_ELECTRONICS": 7150, 
    "ELECTRIC_UTILITIES": 3100, 
    "ELECTRONICS_MANUFACTURING": 5400, 
    "MISC_DEFENSE": 1000, 
    "TELEPHONE_UTILITIES": 3400
  }, 
  "Eleanor Holmes Norton": {
    "COMPUTERS_INTERNET": 0, 
    "DEFENSE_AEROSPACE": 0, 
    "DEFENSE_ELECTRONICS": 0, 
    "ELECTRIC_UTILITIES": 0, 
    "ELECTRONICS_MANUFACTURING": 2000, 
    "MISC_DEFENSE": 0, 
    "TELEPHONE_UTILITIES": 2000
  }, 
  "Elijah E. Cummings": {
    "COMPUTERS_INTERNET": 0, 
    "DEFENSE_AEROSPACE": 600, 
    "DEFENSE_ELECTRONICS": 900, 
    "ELECTRIC_UTILITIES": 2000, 
    "ELECTRONICS_MANUFACTURING": 8100, 
    "MISC_DEFENSE": 1300, 
    "TELEPHONE_UTILITIES": 7100
  }, 
  "Eliot L. Engel": {
    "COMPUTERS_INTERNET": 0, 
    "DEFENSE_AEROSPACE": 2000, 
    "DEFENSE_ELECTRONICS": 13000, 
    "ELECTRIC_UTILITIES": 3500, 
    "ELECTRONICS_MANUFACTURING": 29750, 
    "MISC_DEFENSE": 0, 
    "TELEPHONE_UTILITIES": 19000
  }, 
  "Eni F. H. Faleomavaega": {
    "COMPUTERS_INTERNET": 0, 
    "DEFENSE_AEROSPACE": 0, 
    "DEFENSE_ELECTRONICS": 0, 
    "ELECTRIC_UTILITIES": 2500, 
    "ELECTRONICS_MANUFACTURING": 0, 
    "MISC_DEFENSE": 0, 
    "TELEPHONE_UTILITIES": 0
  }, 
  "F. James Sensenbrenner Jr.": {
    "COMPUTERS_INTERNET": 1500, 
    "DEFENSE_AEROSPACE": 29500, 
    "DEFENSE_ELECTRONICS": 24500, 
    "ELECTRIC_UTILITIES": 12250, 
    "ELECTRONICS_MANUFACTURING": 21316, 
    "MISC_DEFENSE": 8000, 
    "TELEPHONE_UTILITIES": 5700
  }, 
  "Frank A. LoBiondo": {
    "COMPUTERS_INTERNET": 0, 
    "DEFENSE_AEROSPACE": 1750, 
    "DEFENSE_ELECTRONICS": 3750, 
    "ELECTRIC_UTILITIES": 6000, 
    "ELECTRONICS_MANUFACTURING": 5300, 
    "MISC_DEFENSE": 1500, 
    "TELEPHONE_UTILITIES": 4000
  }, 
  "Frank D. Lucas": {
    "COMPUTERS_INTERNET": 0, 
    "DEFENSE_AEROSPACE": 500, 
    "DEFENSE_ELECTRONICS": 2500, 
    "ELECTRIC_UTILITIES": 3000, 
    "ELECTRONICS_MANUFACTURING": 2500, 
    "MISC_DEFENSE": 500, 
    "TELEPHONE_UTILITIES": 3000
  }, 
  "Frank Pallone Jr.": {
    "COMPUTERS_INTERNET": 500, 
    "DEFENSE_AEROSPACE": 1000, 
    "DEFENSE_ELECTRONICS": 4850, 
    "ELECTRIC_UTILITIES": 29000, 
    "ELECTRONICS_MANUFACTURING": 19700, 
    "MISC_DEFENSE": 500, 
    "TELEPHONE_UTILITIES": 10000
  }, 
  "Frank R. Wolf": {
    "COMPUTERS_INTERNET": 3000, 
    "DEFENSE_AEROSPACE": 25000, 
    "DEFENSE_ELECTRONICS": 28100, 
    "ELECTRIC_UTILITIES": 4500, 
    "ELECTRONICS_MANUFACTURING": 8500, 
    "MISC_DEFENSE": 11000, 
    "TELEPHONE_UTILITIES": 7000
  }, 
  "Fred Upton": {
    "COMPUTERS_INTERNET": 500, 
    "DEFENSE_AEROSPACE": 18000, 
    "DEFENSE_ELECTRONICS": 15500, 
    "ELECTRIC_UTILITIES": 16750, 
    "ELECTRONICS_MANUFACTURING": 30006, 
    "MISC_DEFENSE": 2500, 
    "TELEPHONE_UTILITIES": 11000
  }, 
  "Gary G. Miller": {
    "COMPUTERS_INTERNET": 2000, 
    "DEFENSE_AEROSPACE": 2500, 
    "DEFENSE_ELECTRONICS": 3250, 
    "ELECTRIC_UTILITIES": 4000, 
    "ELECTRONICS_MANUFACTURING": 5250, 
    "MISC_DEFENSE": 500, 
    "TELEPHONE_UTILITIES": 3250
  }, 
  "Gene Green": {
    "COMPUTERS_INTERNET": 500, 
    "DEFENSE_AEROSPACE": 5500, 
    "DEFENSE_ELECTRONICS": 15000, 
    "ELECTRIC_UTILITIES": 19000, 
    "ELECTRONICS_MANUFACTURING": 28500, 
    "MISC_DEFENSE": 5000, 
    "TELEPHONE_UTILITIES": 18500
  }, 
  "George Miller": {
    "COMPUTERS_INTERNET": 0, 
    "DEFENSE_AEROSPACE": 500, 
    "DEFENSE_ELECTRONICS": 2000, 
    "ELECTRIC_UTILITIES": 4500, 
    "ELECTRONICS_MANUFACTURING": 2000, 
    "MISC_DEFENSE": 0, 
    "TELEPHONE_UTILITIES": 2000
  }, 
  "Grace F. Napolitano": {
    "COMPUTERS_INTERNET": 2000, 
    "DEFENSE_AEROSPACE": 2000, 
    "DEFENSE_ELECTRONICS": 5000, 
    "ELECTRIC_UTILITIES": 3500, 
    "ELECTRONICS_MANUFACTURING": 6000, 
    "MISC_DEFENSE": 2500, 
    "TELEPHONE_UTILITIES": 3000
  }, 
  "Greg Walden": {
    "COMPUTERS_INTERNET": 2000, 
    "DEFENSE_AEROSPACE": 1500, 
    "DEFENSE_ELECTRONICS": 1500, 
    "ELECTRIC_UTILITIES": 4000, 
    "ELECTRONICS_MANUFACTURING": 20759, 
    "MISC_DEFENSE": 500, 
    "TELEPHONE_UTILITIES": 4500
  }, 
  "Gregory W. Meeks": {
    "COMPUTERS_INTERNET": 0, 
    "DEFENSE_AEROSPACE": 2000, 
    "DEFENSE_ELECTRONICS": 1000, 
    "ELECTRIC_UTILITIES": 500, 
    "ELECTRONICS_MANUFACTURING": 0, 
    "MISC_DEFENSE": 0, 
    "TELEPHONE_UTILITIES": 0
  }, 
  "Harold Rogers": {
    "COMPUTERS_INTERNET": 2000, 
    "DEFENSE_AEROSPACE": 5500, 
    "DEFENSE_ELECTRONICS": 15190, 
    "ELECTRIC_UTILITIES": 13800, 
    "ELECTRONICS_MANUFACTURING": 42753, 
    "MISC_DEFENSE": 10000, 
    "TELEPHONE_UTILITIES": 20400
  }, 
  "Harry Reid": {
    "COMPUTERS_INTERNET": 0, 
    "DEFENSE_AEROSPACE": 23000, 
    "DEFENSE_ELECTRONICS": 27300, 
    "ELECTRIC_UTILITIES": 12000, 
    "ELECTRONICS_MANUFACTURING": 54644, 
    "MISC_DEFENSE": 18000, 
    "TELEPHONE_UTILITIES": 31500
  }, 
  "Henry A. Waxman": {
    "COMPUTERS_INTERNET": 0, 
    "DEFENSE_AEROSPACE": 2000, 
    "DEFENSE_ELECTRONICS": 0, 
    "ELECTRIC_UTILITIES": 2500, 
    "ELECTRONICS_MANUFACTURING": 7250, 
    "MISC_DEFENSE": 0, 
    "TELEPHONE_UTILITIES": 1000
  }, 
  "Howard Coble": {
    "COMPUTERS_INTERNET": 3250, 
    "DEFENSE_AEROSPACE": 20000, 
    "DEFENSE_ELECTRONICS": 20250, 
    "ELECTRIC_UTILITIES": 10000, 
    "ELECTRONICS_MANUFACTURING": 65076, 
    "MISC_DEFENSE": 11000, 
    "TELEPHONE_UTILITIES": 34250
  }, 
  "Howard P. \"Buck\" McKeon": {
    "COMPUTERS_INTERNET": 1000, 
    "DEFENSE_AEROSPACE": 41500, 
    "DEFENSE_ELECTRONICS": 42000, 
    "ELECTRIC_UTILITIES": 6750, 
    "ELECTRONICS_MANUFACTURING": 11000, 
    "MISC_DEFENSE": 18500, 
    "TELEPHONE_UTILITIES": 6500
  }, 
  "Ileana Ros-Lehtinen": {
    "COMPUTERS_INTERNET": 0, 
    "DEFENSE_AEROSPACE": 1500, 
    "DEFENSE_ELECTRONICS": 4500, 
    "ELECTRIC_UTILITIES": 4500, 
    "ELECTRONICS_MANUFACTURING": 5200, 
    "MISC_DEFENSE": 400, 
    "TELEPHONE_UTILITIES": 3200
  }, 
  "Jack Kingston": {
    "COMPUTERS_INTERNET": 1000, 
    "DEFENSE_AEROSPACE": 1500, 
    "DEFENSE_ELECTRONICS": 1000, 
    "ELECTRIC_UTILITIES": 2000, 
    "ELECTRONICS_MANUFACTURING": 2500, 
    "MISC_DEFENSE": 800, 
    "TELEPHONE_UTILITIES": 2000
  }, 
  "Jack Reed": {
    "COMPUTERS_INTERNET": 4900, 
    "DEFENSE_AEROSPACE": 10000, 
    "DEFENSE_ELECTRONICS": 15250, 
    "ELECTRIC_UTILITIES": 1000, 
    "ELECTRONICS_MANUFACTURING": 23050, 
    "MISC_DEFENSE": 7500, 
    "TELEPHONE_UTILITIES": 10750
  }, 
  "James E. Clyburn": {
    "COMPUTERS_INTERNET": 0, 
    "DEFENSE_AEROSPACE": 2500, 
    "DEFENSE_ELECTRONICS": 1500, 
    "ELECTRIC_UTILITIES": 1750, 
    "ELECTRONICS_MANUFACTURING": 2000, 
    "MISC_DEFENSE": 500, 
    "TELEPHONE_UTILITIES": 300
  }, 
  "James M. Inhofe": {
    "COMPUTERS_INTERNET": 0, 
    "DEFENSE_AEROSPACE": 1500, 
    "DEFENSE_ELECTRONICS": 0, 
    "ELECTRIC_UTILITIES": 0, 
    "ELECTRONICS_MANUFACTURING": 1000, 
    "MISC_DEFENSE": 3000, 
    "TELEPHONE_UTILITIES": 0
  }, 
  "James P. McGovern": {
    "COMPUTERS_INTERNET": 750, 
    "DEFENSE_AEROSPACE": 5810, 
    "DEFENSE_ELECTRONICS": 9810, 
    "ELECTRIC_UTILITIES": 2500, 
    "ELECTRONICS_MANUFACTURING": 11000, 
    "MISC_DEFENSE": 1750, 
    "TELEPHONE_UTILITIES": 8500
  }, 
  "James P. Moran": {
    "COMPUTERS_INTERNET": 7500, 
    "DEFENSE_AEROSPACE": 23100, 
    "DEFENSE_ELECTRONICS": 42600, 
    "ELECTRIC_UTILITIES": 9000, 
    "ELECTRONICS_MANUFACTURING": 23500, 
    "MISC_DEFENSE": 37100, 
    "TELEPHONE_UTILITIES": 17500
  }, 
  "Janice D. Schakowsky": {
    "COMPUTERS_INTERNET": 0, 
    "DEFENSE_AEROSPACE": 250, 
    "DEFENSE_ELECTRONICS": 1250, 
    "ELECTRIC_UTILITIES": 0, 
    "ELECTRONICS_MANUFACTURING": 7750, 
    "MISC_DEFENSE": 0, 
    "TELEPHONE_UTILITIES": 4250
  }, 
  "Janice Hahn": {
    "COMPUTERS_INTERNET": 0, 
    "DEFENSE_AEROSPACE": 3500, 
    "DEFENSE_ELECTRONICS": 2000, 
    "ELECTRIC_UTILITIES": 6000, 
    "ELECTRONICS_MANUFACTURING": 4000, 
    "MISC_DEFENSE": 1000, 
    "TELEPHONE_UTILITIES": 0
  }, 
  "Jeff Sessions": {
    "COMPUTERS_INTERNET": 1000, 
    "DEFENSE_AEROSPACE": 13125, 
    "DEFENSE_ELECTRONICS": 20325, 
    "ELECTRIC_UTILITIES": 7000, 
    "ELECTRONICS_MANUFACTURING": 8000, 
    "MISC_DEFENSE": 3875, 
    "TELEPHONE_UTILITIES": 6500
  }, 
  "Jerrold Nadler": {
    "COMPUTERS_INTERNET": 0, 
    "DEFENSE_AEROSPACE": 1000, 
    "DEFENSE_ELECTRONICS": 5000, 
    "ELECTRIC_UTILITIES": 500, 
    "ELECTRONICS_MANUFACTURING": 17750, 
    "MISC_DEFENSE": 4100, 
    "TELEPHONE_UTILITIES": 12750
  }, 
  "Jerry Moran": {
    "COMPUTERS_INTERNET": 500, 
    "DEFENSE_AEROSPACE": 7750, 
    "DEFENSE_ELECTRONICS": 8750, 
    "ELECTRIC_UTILITIES": 3800, 
    "ELECTRONICS_MANUFACTURING": 7750, 
    "MISC_DEFENSE": 1000, 
    "TELEPHONE_UTILITIES": 5750
  }, 
  "Jim McDermott": {
    "COMPUTERS_INTERNET": 2500, 
    "DEFENSE_AEROSPACE": 5000, 
    "DEFENSE_ELECTRONICS": 4500, 
    "ELECTRIC_UTILITIES": 0, 
    "ELECTRONICS_MANUFACTURING": 5500, 
    "MISC_DEFENSE": 1000, 
    "TELEPHONE_UTILITIES": 0
  }, 
  "Joe Barton": {
    "COMPUTERS_INTERNET": 11500, 
    "DEFENSE_AEROSPACE": 35250, 
    "DEFENSE_ELECTRONICS": 32750, 
    "ELECTRIC_UTILITIES": 83333, 
    "ELECTRONICS_MANUFACTURING": 52891, 
    "MISC_DEFENSE": 8500, 
    "TELEPHONE_UTILITIES": 28000
  }, 
  "John A. Boehner": {
    "COMPUTERS_INTERNET": 2500, 
    "DEFENSE_AEROSPACE": 25675, 
    "DEFENSE_ELECTRONICS": 23200, 
    "ELECTRIC_UTILITIES": 14650, 
    "ELECTRONICS_MANUFACTURING": 43000, 
    "MISC_DEFENSE": 12400, 
    "TELEPHONE_UTILITIES": 25750
  }, 
  "John B. Larson": {
    "COMPUTERS_INTERNET": 0, 
    "DEFENSE_AEROSPACE": 16250, 
    "DEFENSE_ELECTRONICS": 4000, 
    "ELECTRIC_UTILITIES": 0, 
    "ELECTRONICS_MANUFACTURING": 5800, 
    "MISC_DEFENSE": 500, 
    "TELEPHONE_UTILITIES": 1300
  }, 
  "John Barrasso": {
    "COMPUTERS_INTERNET": 0, 
    "DEFENSE_AEROSPACE": 0, 
    "DEFENSE_ELECTRONICS": 0, 
    "ELECTRIC_UTILITIES": 0, 
    "ELECTRONICS_MANUFACTURING": 0, 
    "MISC_DEFENSE": 0, 
    "TELEPHONE_UTILITIES": 0
  }, 
  "John Conyers Jr.": {
    "COMPUTERS_INTERNET": 1000, 
    "DEFENSE_AEROSPACE": 4500, 
    "DEFENSE_ELECTRONICS": 12000, 
    "ELECTRIC_UTILITIES": 3000, 
    "ELECTRONICS_MANUFACTURING": 40500, 
    "MISC_DEFENSE": 0, 
    "TELEPHONE_UTILITIES": 32000
  }, 
  "John D. Dingell": {
    "COMPUTERS_INTERNET": 4500, 
    "DEFENSE_AEROSPACE": 47700, 
    "DEFENSE_ELECTRONICS": 62450, 
    "ELECTRIC_UTILITIES": 75750, 
    "ELECTRONICS_MANUFACTURING": 112760, 
    "MISC_DEFENSE": 7000, 
    "TELEPHONE_UTILITIES": 63900
  }, 
  "John D. Rockefeller, IV": {
    "COMPUTERS_INTERNET": 0, 
    "DEFENSE_AEROSPACE": 0, 
    "DEFENSE_ELECTRONICS": 0, 
    "ELECTRIC_UTILITIES": 1000, 
    "ELECTRONICS_MANUFACTURING": -1000, 
    "MISC_DEFENSE": 0, 
    "TELEPHONE_UTILITIES": 0
  }, 
  "John F. Tierney": {
    "COMPUTERS_INTERNET": 500, 
    "DEFENSE_AEROSPACE": 750, 
    "DEFENSE_ELECTRONICS": 1500, 
    "ELECTRIC_UTILITIES": 0, 
    "ELECTRONICS_MANUFACTURING": 750, 
    "MISC_DEFENSE": 0, 
    "TELEPHONE_UTILITIES": 500
  }, 
  "John J. Duncan Jr.": {
    "COMPUTERS_INTERNET": 1000, 
    "DEFENSE_AEROSPACE": 10250, 
    "DEFENSE_ELECTRONICS": 7250, 
    "ELECTRIC_UTILITIES": 1000, 
    "ELECTRONICS_MANUFACTURING": 5000, 
    "MISC_DEFENSE": 1500, 
    "TELEPHONE_UTILITIES": 3500
  }, 
  "John Kline": {
    "COMPUTERS_INTERNET": 0, 
    "DEFENSE_AEROSPACE": 0, 
    "DEFENSE_ELECTRONICS": 0, 
    "ELECTRIC_UTILITIES": 450, 
    "ELECTRONICS_MANUFACTURING": 0, 
    "MISC_DEFENSE": 0, 
    "TELEPHONE_UTILITIES": 0
  }, 
  "John L. Mica": {
    "COMPUTERS_INTERNET": 0, 
    "DEFENSE_AEROSPACE": 6500, 
    "DEFENSE_ELECTRONICS": 15000, 
    "ELECTRIC_UTILITIES": 4750, 
    "ELECTRONICS_MANUFACTURING": 17000, 
    "MISC_DEFENSE": 1500, 
    "TELEPHONE_UTILITIES": 2500
  }, 
  "John Lewis": {
    "COMPUTERS_INTERNET": 0, 
    "DEFENSE_AEROSPACE": 6000, 
    "DEFENSE_ELECTRONICS": 5500, 
    "ELECTRIC_UTILITIES": 3000, 
    "ELECTRONICS_MANUFACTURING": 17500, 
    "MISC_DEFENSE": 0, 
    "TELEPHONE_UTILITIES": 15500
  }, 
  "John McCain": {
    "COMPUTERS_INTERNET": 18850, 
    "DEFENSE_AEROSPACE": 73000, 
    "DEFENSE_ELECTRONICS": 86500, 
    "ELECTRIC_UTILITIES": 35000, 
    "ELECTRONICS_MANUFACTURING": 157389, 
    "MISC_DEFENSE": 20350, 
    "TELEPHONE_UTILITIES": 94700
  }, 
  "John Shimkus": {
    "COMPUTERS_INTERNET": 3500, 
    "DEFENSE_AEROSPACE": 9400, 
    "DEFENSE_ELECTRONICS": 19300, 
    "ELECTRIC_UTILITIES": 25600, 
    "ELECTRONICS_MANUFACTURING": 50935, 
    "MISC_DEFENSE": 7500, 
    "TELEPHONE_UTILITIES": 36525
  }, 
  "John Thune": {
    "COMPUTERS_INTERNET": 2000, 
    "DEFENSE_AEROSPACE": 1500, 
    "DEFENSE_ELECTRONICS": 1500, 
    "ELECTRIC_UTILITIES": 7000, 
    "ELECTRONICS_MANUFACTURING": 2750, 
    "MISC_DEFENSE": 1000, 
    "TELEPHONE_UTILITIES": 2500
  }, 
  "Johnny Isakson": {
    "COMPUTERS_INTERNET": 0, 
    "DEFENSE_AEROSPACE": 0, 
    "DEFENSE_ELECTRONICS": 0, 
    "ELECTRIC_UTILITIES": 9500, 
    "ELECTRONICS_MANUFACTURING": 5000, 
    "MISC_DEFENSE": 0, 
    "TELEPHONE_UTILITIES": 5000
  }, 
  "Joseph Crowley": {
    "COMPUTERS_INTERNET": 0, 
    "DEFENSE_AEROSPACE": 500, 
    "DEFENSE_ELECTRONICS": 0, 
    "ELECTRIC_UTILITIES": 0, 
    "ELECTRONICS_MANUFACTURING": 6000, 
    "MISC_DEFENSE": 0, 
    "TELEPHONE_UTILITIES": 3000
  }, 
  "Joseph R. Pitts": {
    "COMPUTERS_INTERNET": 0, 
    "DEFENSE_AEROSPACE": 3000, 
    "DEFENSE_ELECTRONICS": 2000, 
    "ELECTRIC_UTILITIES": 8100, 
    "ELECTRONICS_MANUFACTURING": 3000, 
    "MISC_DEFENSE": 2000, 
    "TELEPHONE_UTILITIES": 2500
  }, 
  "Jos\u00e9 E. Serrano": {
    "COMPUTERS_INTERNET": 0, 
    "DEFENSE_AEROSPACE": 0, 
    "DEFENSE_ELECTRONICS": 500, 
    "ELECTRIC_UTILITIES": 0, 
    "ELECTRONICS_MANUFACTURING": 0, 
    "MISC_DEFENSE": 0, 
    "TELEPHONE_UTILITIES": 0
  }, 
  "Juan Vargas": {
    "COMPUTERS_INTERNET": 0, 
    "DEFENSE_AEROSPACE": 0, 
    "DEFENSE_ELECTRONICS": 0, 
    "ELECTRIC_UTILITIES": 0, 
    "ELECTRONICS_MANUFACTURING": 0, 
    "MISC_DEFENSE": 0, 
    "TELEPHONE_UTILITIES": 0
  }, 
  "Kay Granger": {
    "COMPUTERS_INTERNET": 5550, 
    "DEFENSE_AEROSPACE": 45000, 
    "DEFENSE_ELECTRONICS": 36000, 
    "ELECTRIC_UTILITIES": 12250, 
    "ELECTRONICS_MANUFACTURING": 12300, 
    "MISC_DEFENSE": 13000, 
    "TELEPHONE_UTILITIES": 6250
  }, 
  "Ken Calvert": {
    "COMPUTERS_INTERNET": 1250, 
    "DEFENSE_AEROSPACE": 11350, 
    "DEFENSE_ELECTRONICS": 18750, 
    "ELECTRIC_UTILITIES": 19200, 
    "ELECTRONICS_MANUFACTURING": 5500, 
    "MISC_DEFENSE": 10750, 
    "TELEPHONE_UTILITIES": 3500
  }, 
  "Kevin Brady": {
    "COMPUTERS_INTERNET": 2500, 
    "DEFENSE_AEROSPACE": 3500, 
    "DEFENSE_ELECTRONICS": 6500, 
    "ELECTRIC_UTILITIES": 17000, 
    "ELECTRONICS_MANUFACTURING": 7250, 
    "MISC_DEFENSE": 8000, 
    "TELEPHONE_UTILITIES": 5750
  }, 
  "Kevin Cramer": {
    "COMPUTERS_INTERNET": 0, 
    "DEFENSE_AEROSPACE": 0, 
    "DEFENSE_ELECTRONICS": 0, 
    "ELECTRIC_UTILITIES": 0, 
    "ELECTRONICS_MANUFACTURING": 0, 
    "MISC_DEFENSE": 0, 
    "TELEPHONE_UTILITIES": 0
  }, 
  "Lamar Alexander": {
    "COMPUTERS_INTERNET": 0, 
    "DEFENSE_AEROSPACE": 0, 
    "DEFENSE_ELECTRONICS": 0, 
    "ELECTRIC_UTILITIES": 0, 
    "ELECTRONICS_MANUFACTURING": 0, 
    "MISC_DEFENSE": 0, 
    "TELEPHONE_UTILITIES": 0
  }, 
  "Lamar Smith": {
    "COMPUTERS_INTERNET": 2000, 
    "DEFENSE_AEROSPACE": 1000, 
    "DEFENSE_ELECTRONICS": 8000, 
    "ELECTRIC_UTILITIES": 4000, 
    "ELECTRONICS_MANUFACTURING": 13308, 
    "MISC_DEFENSE": 1500, 
    "TELEPHONE_UTILITIES": 8000
  }, 
  "Lee Terry": {
    "COMPUTERS_INTERNET": 2000, 
    "DEFENSE_AEROSPACE": 500, 
    "DEFENSE_ELECTRONICS": 8000, 
    "ELECTRIC_UTILITIES": 2000, 
    "ELECTRONICS_MANUFACTURING": 14000, 
    "MISC_DEFENSE": 0, 
    "TELEPHONE_UTILITIES": 750
  }, 
  "Leonard Lance": {
    "COMPUTERS_INTERNET": 0, 
    "DEFENSE_AEROSPACE": 0, 
    "DEFENSE_ELECTRONICS": 0, 
    "ELECTRIC_UTILITIES": 0, 
    "ELECTRONICS_MANUFACTURING": 0, 
    "MISC_DEFENSE": 0, 
    "TELEPHONE_UTILITIES": 0
  }, 
  "Lindsey Graham": {
    "COMPUTERS_INTERNET": 1000, 
    "DEFENSE_AEROSPACE": 8500, 
    "DEFENSE_ELECTRONICS": 7000, 
    "ELECTRIC_UTILITIES": 16167, 
    "ELECTRONICS_MANUFACTURING": 14500, 
    "MISC_DEFENSE": 8000, 
    "TELEPHONE_UTILITIES": 8750
  }, 
  "Lloyd Doggett": {
    "COMPUTERS_INTERNET": 1150, 
    "DEFENSE_AEROSPACE": 3500, 
    "DEFENSE_ELECTRONICS": 7250, 
    "ELECTRIC_UTILITIES": 500, 
    "ELECTRONICS_MANUFACTURING": 17900, 
    "MISC_DEFENSE": 500, 
    "TELEPHONE_UTILITIES": 11250
  }, 
  "Lois Capps": {
    "COMPUTERS_INTERNET": 1500, 
    "DEFENSE_AEROSPACE": 3200, 
    "DEFENSE_ELECTRONICS": 6300, 
    "ELECTRIC_UTILITIES": 6036, 
    "ELECTRONICS_MANUFACTURING": 14150, 
    "MISC_DEFENSE": 3000, 
    "TELEPHONE_UTILITIES": 4000
  }, 
  "Lois Frankel": {
    "COMPUTERS_INTERNET": 0, 
    "DEFENSE_AEROSPACE": 0, 
    "DEFENSE_ELECTRONICS": 0, 
    "ELECTRIC_UTILITIES": 0, 
    "ELECTRONICS_MANUFACTURING": 0, 
    "MISC_DEFENSE": 0, 
    "TELEPHONE_UTILITIES": 0
  }, 
  "Loretta Sanchez": {
    "COMPUTERS_INTERNET": 2000, 
    "DEFENSE_AEROSPACE": 25100, 
    "DEFENSE_ELECTRONICS": 22850, 
    "ELECTRIC_UTILITIES": 8700, 
    "ELECTRONICS_MANUFACTURING": 27300, 
    "MISC_DEFENSE": 16600, 
    "TELEPHONE_UTILITIES": 15300
  }, 
  "Louise McIntosh Slaughter": {
    "COMPUTERS_INTERNET": 0, 
    "DEFENSE_AEROSPACE": 3000, 
    "DEFENSE_ELECTRONICS": 2500, 
    "ELECTRIC_UTILITIES": 0, 
    "ELECTRONICS_MANUFACTURING": 10750, 
    "MISC_DEFENSE": 0, 
    "TELEPHONE_UTILITIES": 5750
  }, 
  "Lucille Roybal-Allard": {
    "COMPUTERS_INTERNET": 0, 
    "DEFENSE_AEROSPACE": 2350, 
    "DEFENSE_ELECTRONICS": 2900, 
    "ELECTRIC_UTILITIES": 2500, 
    "ELECTRONICS_MANUFACTURING": 1400, 
    "MISC_DEFENSE": 500, 
    "TELEPHONE_UTILITIES": 1150
  }, 
  "Luis V. Guti\u00e9rrez": {
    "COMPUTERS_INTERNET": 0, 
    "DEFENSE_AEROSPACE": 0, 
    "DEFENSE_ELECTRONICS": 500, 
    "ELECTRIC_UTILITIES": 0, 
    "ELECTRONICS_MANUFACTURING": 2750, 
    "MISC_DEFENSE": 0, 
    "TELEPHONE_UTILITIES": 750
  }, 
  "Mac Thornberry": {
    "COMPUTERS_INTERNET": 700, 
    "DEFENSE_AEROSPACE": 19500, 
    "DEFENSE_ELECTRONICS": 18200, 
    "ELECTRIC_UTILITIES": 11150, 
    "ELECTRONICS_MANUFACTURING": 4000, 
    "MISC_DEFENSE": 8500, 
    "TELEPHONE_UTILITIES": 3500
  }, 
  "Marcy Kaptur": {
    "COMPUTERS_INTERNET": 0, 
    "DEFENSE_AEROSPACE": 6300, 
    "DEFENSE_ELECTRONICS": 3000, 
    "ELECTRIC_UTILITIES": 2800, 
    "ELECTRONICS_MANUFACTURING": 150, 
    "MISC_DEFENSE": 0, 
    "TELEPHONE_UTILITIES": 650
  }, 
  "Maria Cantwell": {
    "COMPUTERS_INTERNET": 0, 
    "DEFENSE_AEROSPACE": 0, 
    "DEFENSE_ELECTRONICS": 0, 
    "ELECTRIC_UTILITIES": 0, 
    "ELECTRONICS_MANUFACTURING": 0, 
    "MISC_DEFENSE": 0, 
    "TELEPHONE_UTILITIES": 0
  }, 
  "Mark R. Warner": {
    "COMPUTERS_INTERNET": 0, 
    "DEFENSE_AEROSPACE": 0, 
    "DEFENSE_ELECTRONICS": 0, 
    "ELECTRIC_UTILITIES": 0, 
    "ELECTRONICS_MANUFACTURING": 0, 
    "MISC_DEFENSE": 0, 
    "TELEPHONE_UTILITIES": 0
  }, 
  "Mark Sanford": {
    "COMPUTERS_INTERNET": 0, 
    "DEFENSE_AEROSPACE": 0, 
    "DEFENSE_ELECTRONICS": 0, 
    "ELECTRIC_UTILITIES": 0, 
    "ELECTRONICS_MANUFACTURING": 0, 
    "MISC_DEFENSE": 0, 
    "TELEPHONE_UTILITIES": 0
  }, 
  "Mark Takano": {
    "COMPUTERS_INTERNET": 0, 
    "DEFENSE_AEROSPACE": 0, 
    "DEFENSE_ELECTRONICS": 0, 
    "ELECTRIC_UTILITIES": 0, 
    "ELECTRONICS_MANUFACTURING": 0, 
    "MISC_DEFENSE": 0, 
    "TELEPHONE_UTILITIES": 0
  }, 
  "Mark Udall": {
    "COMPUTERS_INTERNET": 3500, 
    "DEFENSE_AEROSPACE": 1500, 
    "DEFENSE_ELECTRONICS": 0, 
    "ELECTRIC_UTILITIES": 1000, 
    "ELECTRONICS_MANUFACTURING": 3500, 
    "MISC_DEFENSE": 0, 
    "TELEPHONE_UTILITIES": 1000
  }, 
  "Mary L. Landrieu": {
    "COMPUTERS_INTERNET": 1000, 
    "DEFENSE_AEROSPACE": 6500, 
    "DEFENSE_ELECTRONICS": 13500, 
    "ELECTRIC_UTILITIES": 37250, 
    "ELECTRONICS_MANUFACTURING": 13000, 
    "MISC_DEFENSE": 6000, 
    "TELEPHONE_UTILITIES": 11000
  }, 
  "Matt Salmon": {
    "COMPUTERS_INTERNET": 1250, 
    "DEFENSE_AEROSPACE": 22600, 
    "DEFENSE_ELECTRONICS": 19250, 
    "ELECTRIC_UTILITIES": 8250, 
    "ELECTRONICS_MANUFACTURING": 12750, 
    "MISC_DEFENSE": 6750, 
    "TELEPHONE_UTILITIES": 6000
  }, 
  "Maxine Waters": {
    "COMPUTERS_INTERNET": 0, 
    "DEFENSE_AEROSPACE": 7000, 
    "DEFENSE_ELECTRONICS": 5000, 
    "ELECTRIC_UTILITIES": 500, 
    "ELECTRONICS_MANUFACTURING": 6750, 
    "MISC_DEFENSE": 5000, 
    "TELEPHONE_UTILITIES": 3000
  }, 
  "Michael B. Enzi": {
    "COMPUTERS_INTERNET": 0, 
    "DEFENSE_AEROSPACE": 0, 
    "DEFENSE_ELECTRONICS": 500, 
    "ELECTRIC_UTILITIES": 0, 
    "ELECTRONICS_MANUFACTURING": 500, 
    "MISC_DEFENSE": 500, 
    "TELEPHONE_UTILITIES": 500
  }, 
  "Michael E. Capuano": {
    "COMPUTERS_INTERNET": 250, 
    "DEFENSE_AEROSPACE": 0, 
    "DEFENSE_ELECTRONICS": 0, 
    "ELECTRIC_UTILITIES": 0, 
    "ELECTRONICS_MANUFACTURING": 3750, 
    "MISC_DEFENSE": 0, 
    "TELEPHONE_UTILITIES": 3750
  }, 
  "Michael F. Doyle": {
    "COMPUTERS_INTERNET": 1000, 
    "DEFENSE_AEROSPACE": 7625, 
    "DEFENSE_ELECTRONICS": 3250, 
    "ELECTRIC_UTILITIES": 7500, 
    "ELECTRONICS_MANUFACTURING": 6000, 
    "MISC_DEFENSE": 4750, 
    "TELEPHONE_UTILITIES": 2000
  }, 
  "Michael K. Simpson": {
    "COMPUTERS_INTERNET": 2000, 
    "DEFENSE_AEROSPACE": 4500, 
    "DEFENSE_ELECTRONICS": 5000, 
    "ELECTRIC_UTILITIES": 8500, 
    "ELECTRONICS_MANUFACTURING": 14550, 
    "MISC_DEFENSE": 9000, 
    "TELEPHONE_UTILITIES": 5550
  }, 
  "Mike Crapo": {
    "COMPUTERS_INTERNET": 3750, 
    "DEFENSE_AEROSPACE": 30250, 
    "DEFENSE_ELECTRONICS": 31500, 
    "ELECTRIC_UTILITIES": 70500, 
    "ELECTRONICS_MANUFACTURING": 74296, 
    "MISC_DEFENSE": 29250, 
    "TELEPHONE_UTILITIES": 38850
  }, 
  "Mike McIntyre": {
    "COMPUTERS_INTERNET": 1500, 
    "DEFENSE_AEROSPACE": 11000, 
    "DEFENSE_ELECTRONICS": 5500, 
    "ELECTRIC_UTILITIES": 13750, 
    "ELECTRONICS_MANUFACTURING": 8500, 
    "MISC_DEFENSE": 4500, 
    "TELEPHONE_UTILITIES": 6000
  }, 
  "Mike Thompson": {
    "COMPUTERS_INTERNET": 1000, 
    "DEFENSE_AEROSPACE": 500, 
    "DEFENSE_ELECTRONICS": 3000, 
    "ELECTRIC_UTILITIES": 3250, 
    "ELECTRONICS_MANUFACTURING": 7800, 
    "MISC_DEFENSE": 0, 
    "TELEPHONE_UTILITIES": 5800
  }, 
  "Mitch McConnell": {
    "COMPUTERS_INTERNET": 3000, 
    "DEFENSE_AEROSPACE": 0, 
    "DEFENSE_ELECTRONICS": 0, 
    "ELECTRIC_UTILITIES": 0, 
    "ELECTRONICS_MANUFACTURING": 1000, 
    "MISC_DEFENSE": 1000, 
    "TELEPHONE_UTILITIES": 0
  }, 
  "Nancy Pelosi": {
    "COMPUTERS_INTERNET": 2500, 
    "DEFENSE_AEROSPACE": 1500, 
    "DEFENSE_ELECTRONICS": 2000, 
    "ELECTRIC_UTILITIES": 7500, 
    "ELECTRONICS_MANUFACTURING": 4500, 
    "MISC_DEFENSE": 2500, 
    "TELEPHONE_UTILITIES": 1500
  }, 
  "Nick J. Rahall II": {
    "COMPUTERS_INTERNET": 0, 
    "DEFENSE_AEROSPACE": 2000, 
    "DEFENSE_ELECTRONICS": 2000, 
    "ELECTRIC_UTILITIES": 2500, 
    "ELECTRONICS_MANUFACTURING": 3000, 
    "MISC_DEFENSE": 3000, 
    "TELEPHONE_UTILITIES": 3000
  }, 
  "Nita M. Lowey": {
    "COMPUTERS_INTERNET": 0, 
    "DEFENSE_AEROSPACE": 1900, 
    "DEFENSE_ELECTRONICS": 3000, 
    "ELECTRIC_UTILITIES": 1000, 
    "ELECTRONICS_MANUFACTURING": 6400, 
    "MISC_DEFENSE": 0, 
    "TELEPHONE_UTILITIES": 2500
  }, 
  "Nydia M. Vel\u00e1zquez": {
    "COMPUTERS_INTERNET": 0, 
    "DEFENSE_AEROSPACE": 0, 
    "DEFENSE_ELECTRONICS": 1500, 
    "ELECTRIC_UTILITIES": 1000, 
    "ELECTRONICS_MANUFACTURING": 1800, 
    "MISC_DEFENSE": 0, 
    "TELEPHONE_UTILITIES": 1800
  }, 
  "Orrin G. Hatch": {
    "COMPUTERS_INTERNET": 9000, 
    "DEFENSE_AEROSPACE": 10800, 
    "DEFENSE_ELECTRONICS": 17000, 
    "ELECTRIC_UTILITIES": 4000, 
    "ELECTRONICS_MANUFACTURING": 68800, 
    "MISC_DEFENSE": 3000, 
    "TELEPHONE_UTILITIES": 29500
  }, 
  "Pat Roberts": {
    "COMPUTERS_INTERNET": 0, 
    "DEFENSE_AEROSPACE": -2000, 
    "DEFENSE_ELECTRONICS": 0, 
    "ELECTRIC_UTILITIES": 0, 
    "ELECTRONICS_MANUFACTURING": 0, 
    "MISC_DEFENSE": 0, 
    "TELEPHONE_UTILITIES": 0
  }, 
  "Patrick J. Leahy": {
    "COMPUTERS_INTERNET": 5530, 
    "DEFENSE_AEROSPACE": 10100, 
    "DEFENSE_ELECTRONICS": 13100, 
    "ELECTRIC_UTILITIES": 250, 
    "ELECTRONICS_MANUFACTURING": 45900, 
    "MISC_DEFENSE": 10100, 
    "TELEPHONE_UTILITIES": 23500
  }, 
  "Patrick J. Toomey": {
    "COMPUTERS_INTERNET": 2500, 
    "DEFENSE_AEROSPACE": 5000, 
    "DEFENSE_ELECTRONICS": 4000, 
    "ELECTRIC_UTILITIES": 500, 
    "ELECTRONICS_MANUFACTURING": 5000, 
    "MISC_DEFENSE": 4500, 
    "TELEPHONE_UTILITIES": 1000
  }, 
  "Patty Murray": {
    "COMPUTERS_INTERNET": 15250, 
    "DEFENSE_AEROSPACE": 16650, 
    "DEFENSE_ELECTRONICS": 32830, 
    "ELECTRIC_UTILITIES": 18250, 
    "ELECTRONICS_MANUFACTURING": 52671, 
    "MISC_DEFENSE": 11400, 
    "TELEPHONE_UTILITIES": 9300
  }, 
  "Paul C. Broun": {
    "COMPUTERS_INTERNET": 0, 
    "DEFENSE_AEROSPACE": 0, 
    "DEFENSE_ELECTRONICS": 0, 
    "ELECTRIC_UTILITIES": 0, 
    "ELECTRONICS_MANUFACTURING": 0, 
    "MISC_DEFENSE": 0, 
    "TELEPHONE_UTILITIES": 0
  }, 
  "Paul Ryan": {
    "COMPUTERS_INTERNET": 4750, 
    "DEFENSE_AEROSPACE": 14500, 
    "DEFENSE_ELECTRONICS": 20750, 
    "ELECTRIC_UTILITIES": 1500, 
    "ELECTRONICS_MANUFACTURING": 43250, 
    "MISC_DEFENSE": 1000, 
    "TELEPHONE_UTILITIES": 37275
  }, 
  "Pete Sessions": {
    "COMPUTERS_INTERNET": 9750, 
    "DEFENSE_AEROSPACE": 7500, 
    "DEFENSE_ELECTRONICS": 17563, 
    "ELECTRIC_UTILITIES": 15350, 
    "ELECTRONICS_MANUFACTURING": 23250, 
    "MISC_DEFENSE": 500, 
    "TELEPHONE_UTILITIES": 13500
  }, 
  "Peter A. DeFazio": {
    "COMPUTERS_INTERNET": 0, 
    "DEFENSE_AEROSPACE": 1250, 
    "DEFENSE_ELECTRONICS": 0, 
    "ELECTRIC_UTILITIES": 2500, 
    "ELECTRONICS_MANUFACTURING": 2250, 
    "MISC_DEFENSE": 500, 
    "TELEPHONE_UTILITIES": 500
  }, 
  "Peter J. Visclosky": {
    "COMPUTERS_INTERNET": 1000, 
    "DEFENSE_AEROSPACE": 25750, 
    "DEFENSE_ELECTRONICS": 22750, 
    "ELECTRIC_UTILITIES": 8783, 
    "ELECTRONICS_MANUFACTURING": 6250, 
    "MISC_DEFENSE": 17500, 
    "TELEPHONE_UTILITIES": 1000
  }, 
  "Peter T. King": {
    "COMPUTERS_INTERNET": 0, 
    "DEFENSE_AEROSPACE": 7500, 
    "DEFENSE_ELECTRONICS": 8000, 
    "ELECTRIC_UTILITIES": 0, 
    "ELECTRONICS_MANUFACTURING": 4000, 
    "MISC_DEFENSE": 1500, 
    "TELEPHONE_UTILITIES": 3500
  }, 
  "Ralph M. Hall": {
    "COMPUTERS_INTERNET": 3000, 
    "DEFENSE_AEROSPACE": 10000, 
    "DEFENSE_ELECTRONICS": 23779, 
    "ELECTRIC_UTILITIES": 61539, 
    "ELECTRONICS_MANUFACTURING": 28679, 
    "MISC_DEFENSE": 2000, 
    "TELEPHONE_UTILITIES": 14597
  }, 
  "Richard Burr": {
    "COMPUTERS_INTERNET": 0, 
    "DEFENSE_AEROSPACE": 1000, 
    "DEFENSE_ELECTRONICS": 4150, 
    "ELECTRIC_UTILITIES": 19500, 
    "ELECTRONICS_MANUFACTURING": 8500, 
    "MISC_DEFENSE": 0, 
    "TELEPHONE_UTILITIES": 9150
  }, 
  "Richard C. Shelby": {
    "COMPUTERS_INTERNET": 8750, 
    "DEFENSE_AEROSPACE": 138300, 
    "DEFENSE_ELECTRONICS": 120250, 
    "ELECTRIC_UTILITIES": 33050, 
    "ELECTRONICS_MANUFACTURING": 50500, 
    "MISC_DEFENSE": 77350, 
    "TELEPHONE_UTILITIES": 23000
  }, 
  "Richard E. Neal": {
    "COMPUTERS_INTERNET": 1000, 
    "DEFENSE_AEROSPACE": 5500, 
    "DEFENSE_ELECTRONICS": 5250, 
    "ELECTRIC_UTILITIES": 1000, 
    "ELECTRONICS_MANUFACTURING": 8000, 
    "MISC_DEFENSE": 0, 
    "TELEPHONE_UTILITIES": 4500
  }, 
  "Richard J. Durbin": {
    "COMPUTERS_INTERNET": 0, 
    "DEFENSE_AEROSPACE": 3000, 
    "DEFENSE_ELECTRONICS": 5410, 
    "ELECTRIC_UTILITIES": 6000, 
    "ELECTRONICS_MANUFACTURING": 2910, 
    "MISC_DEFENSE": 2000, 
    "TELEPHONE_UTILITIES": 1410
  }, 
  "Rob Portman": {
    "COMPUTERS_INTERNET": 0, 
    "DEFENSE_AEROSPACE": 1050, 
    "DEFENSE_ELECTRONICS": 0, 
    "ELECTRIC_UTILITIES": 0, 
    "ELECTRONICS_MANUFACTURING": 1050, 
    "MISC_DEFENSE": 0, 
    "TELEPHONE_UTILITIES": 1000
  }, 
  "Robert A. Brady": {
    "COMPUTERS_INTERNET": 0, 
    "DEFENSE_AEROSPACE": 6000, 
    "DEFENSE_ELECTRONICS": 6000, 
    "ELECTRIC_UTILITIES": 250, 
    "ELECTRONICS_MANUFACTURING": 500, 
    "MISC_DEFENSE": 500, 
    "TELEPHONE_UTILITIES": 500
  }, 
  "Robert B. Aderholt": {
    "COMPUTERS_INTERNET": 3500, 
    "DEFENSE_AEROSPACE": 17750, 
    "DEFENSE_ELECTRONICS": 31250, 
    "ELECTRIC_UTILITIES": 18500, 
    "ELECTRONICS_MANUFACTURING": 22250, 
    "MISC_DEFENSE": 15250, 
    "TELEPHONE_UTILITIES": 20000
  }, 
  "Robert C. \"Bobby\" Scott": {
    "COMPUTERS_INTERNET": 0, 
    "DEFENSE_AEROSPACE": 14000, 
    "DEFENSE_ELECTRONICS": 6750, 
    "ELECTRIC_UTILITIES": 5500, 
    "ELECTRONICS_MANUFACTURING": 7000, 
    "MISC_DEFENSE": 12000, 
    "TELEPHONE_UTILITIES": 7250
  }, 
  "Robert Menendez": {
    "COMPUTERS_INTERNET": 0, 
    "DEFENSE_AEROSPACE": 0, 
    "DEFENSE_ELECTRONICS": 5250, 
    "ELECTRIC_UTILITIES": 8000, 
    "ELECTRONICS_MANUFACTURING": 8671, 
    "MISC_DEFENSE": 2000, 
    "TELEPHONE_UTILITIES": 8671
  }, 
  "Rodney P. Frelinghuysen": {
    "COMPUTERS_INTERNET": 750, 
    "DEFENSE_AEROSPACE": 17750, 
    "DEFENSE_ELECTRONICS": 24600, 
    "ELECTRIC_UTILITIES": 15000, 
    "ELECTRONICS_MANUFACTURING": 9750, 
    "MISC_DEFENSE": 14600, 
    "TELEPHONE_UTILITIES": 7500
  }, 
  "Roger F. Wicker": {
    "COMPUTERS_INTERNET": 0, 
    "DEFENSE_AEROSPACE": 6000, 
    "DEFENSE_ELECTRONICS": 3500, 
    "ELECTRIC_UTILITIES": 5000, 
    "ELECTRONICS_MANUFACTURING": 8500, 
    "MISC_DEFENSE": 6500, 
    "TELEPHONE_UTILITIES": 7000
  }, 
  "Ron Kind": {
    "COMPUTERS_INTERNET": 1000, 
    "DEFENSE_AEROSPACE": 2500, 
    "DEFENSE_ELECTRONICS": 1250, 
    "ELECTRIC_UTILITIES": 4004, 
    "ELECTRONICS_MANUFACTURING": 9500, 
    "MISC_DEFENSE": 0, 
    "TELEPHONE_UTILITIES": 7900
  }, 
  "Ron Wyden": {
    "COMPUTERS_INTERNET": 15000, 
    "DEFENSE_AEROSPACE": 8500, 
    "DEFENSE_ELECTRONICS": 17750, 
    "ELECTRIC_UTILITIES": 18400, 
    "ELECTRONICS_MANUFACTURING": 108700, 
    "MISC_DEFENSE": 7000, 
    "TELEPHONE_UTILITIES": 55700
  }, 
  "Rosa L. DeLauro": {
    "COMPUTERS_INTERNET": 0, 
    "DEFENSE_AEROSPACE": 14500, 
    "DEFENSE_ELECTRONICS": 6000, 
    "ELECTRIC_UTILITIES": 1500, 
    "ELECTRONICS_MANUFACTURING": 3000, 
    "MISC_DEFENSE": 3250, 
    "TELEPHONE_UTILITIES": 2000
  }, 
  "Roy Blunt": {
    "COMPUTERS_INTERNET": 0, 
    "DEFENSE_AEROSPACE": 9500, 
    "DEFENSE_ELECTRONICS": 15500, 
    "ELECTRIC_UTILITIES": 1000, 
    "ELECTRONICS_MANUFACTURING": 15500, 
    "MISC_DEFENSE": 4000, 
    "TELEPHONE_UTILITIES": 13000
  }, 
  "Rub\u00e9n Hinojosa": {
    "COMPUTERS_INTERNET": 500, 
    "DEFENSE_AEROSPACE": 3500, 
    "DEFENSE_ELECTRONICS": 9000, 
    "ELECTRIC_UTILITIES": 4000, 
    "ELECTRONICS_MANUFACTURING": 6500, 
    "MISC_DEFENSE": 0, 
    "TELEPHONE_UTILITIES": 6000
  }, 
  "Rush Holt": {
    "COMPUTERS_INTERNET": 0, 
    "DEFENSE_AEROSPACE": 250, 
    "DEFENSE_ELECTRONICS": 1450, 
    "ELECTRIC_UTILITIES": 1000, 
    "ELECTRONICS_MANUFACTURING": 0, 
    "MISC_DEFENSE": 1250, 
    "TELEPHONE_UTILITIES": 0
  }, 
  "Sam Farr": {
    "COMPUTERS_INTERNET": 0, 
    "DEFENSE_AEROSPACE": 2500, 
    "DEFENSE_ELECTRONICS": 5000, 
    "ELECTRIC_UTILITIES": 9000, 
    "ELECTRONICS_MANUFACTURING": 3000, 
    "MISC_DEFENSE": 1000, 
    "TELEPHONE_UTILITIES": 3000
  }, 
  "Sam Johnson": {
    "COMPUTERS_INTERNET": 4750, 
    "DEFENSE_AEROSPACE": 11000, 
    "DEFENSE_ELECTRONICS": 29022, 
    "ELECTRIC_UTILITIES": 11500, 
    "ELECTRONICS_MANUFACTURING": 18850, 
    "MISC_DEFENSE": 3500, 
    "TELEPHONE_UTILITIES": 12600
  }, 
  "Sander M. Levin": {
    "COMPUTERS_INTERNET": 6000, 
    "DEFENSE_AEROSPACE": 48950, 
    "DEFENSE_ELECTRONICS": 39250, 
    "ELECTRIC_UTILITIES": 18500, 
    "ELECTRONICS_MANUFACTURING": 19500, 
    "MISC_DEFENSE": 13250, 
    "TELEPHONE_UTILITIES": 9000
  }, 
  "Sanford D. Bishop Jr.": {
    "COMPUTERS_INTERNET": 0, 
    "DEFENSE_AEROSPACE": 6500, 
    "DEFENSE_ELECTRONICS": 5000, 
    "ELECTRIC_UTILITIES": 12500, 
    "ELECTRONICS_MANUFACTURING": 11500, 
    "MISC_DEFENSE": 4000, 
    "TELEPHONE_UTILITIES": 11500
  }, 
  "Saxby Chambliss": {
    "COMPUTERS_INTERNET": 500, 
    "DEFENSE_AEROSPACE": 30000, 
    "DEFENSE_ELECTRONICS": 35623, 
    "ELECTRIC_UTILITIES": 16750, 
    "ELECTRONICS_MANUFACTURING": 11650, 
    "MISC_DEFENSE": 11500, 
    "TELEPHONE_UTILITIES": 8400
  }, 
  "Scott Garrett": {
    "COMPUTERS_INTERNET": 0, 
    "DEFENSE_AEROSPACE": 0, 
    "DEFENSE_ELECTRONICS": 0, 
    "ELECTRIC_UTILITIES": 0, 
    "ELECTRONICS_MANUFACTURING": 0, 
    "MISC_DEFENSE": 0, 
    "TELEPHONE_UTILITIES": 0
  }, 
  "Sheila Jackson Lee": {
    "COMPUTERS_INTERNET": 0, 
    "DEFENSE_AEROSPACE": 6000, 
    "DEFENSE_ELECTRONICS": 9000, 
    "ELECTRIC_UTILITIES": 4000, 
    "ELECTRONICS_MANUFACTURING": 12500, 
    "MISC_DEFENSE": 0, 
    "TELEPHONE_UTILITIES": 11000
  }, 
  "Sherrod Brown": {
    "COMPUTERS_INTERNET": 1500, 
    "DEFENSE_AEROSPACE": 10500, 
    "DEFENSE_ELECTRONICS": 8800, 
    "ELECTRIC_UTILITIES": 20000, 
    "ELECTRONICS_MANUFACTURING": 23250, 
    "MISC_DEFENSE": 1500, 
    "TELEPHONE_UTILITIES": 16250
  }, 
  "Spencer Bachus": {
    "COMPUTERS_INTERNET": 0, 
    "DEFENSE_AEROSPACE": 3500, 
    "DEFENSE_ELECTRONICS": 5000, 
    "ELECTRIC_UTILITIES": 6000, 
    "ELECTRONICS_MANUFACTURING": 8000, 
    "MISC_DEFENSE": 1000, 
    "TELEPHONE_UTILITIES": 8000
  }, 
  "Steny H. Hoyer": {
    "COMPUTERS_INTERNET": 6675, 
    "DEFENSE_AEROSPACE": 34750, 
    "DEFENSE_ELECTRONICS": 48175, 
    "ELECTRIC_UTILITIES": 9500, 
    "ELECTRONICS_MANUFACTURING": 41600, 
    "MISC_DEFENSE": 29750, 
    "TELEPHONE_UTILITIES": 20600
  }, 
  "Steve Chabot": {
    "COMPUTERS_INTERNET": 10500, 
    "DEFENSE_AEROSPACE": 15000, 
    "DEFENSE_ELECTRONICS": 18000, 
    "ELECTRIC_UTILITIES": 7500, 
    "ELECTRONICS_MANUFACTURING": 45049, 
    "MISC_DEFENSE": 5500, 
    "TELEPHONE_UTILITIES": 30400
  }, 
  "Steve Cohen": {
    "COMPUTERS_INTERNET": 0, 
    "DEFENSE_AEROSPACE": 0, 
    "DEFENSE_ELECTRONICS": 0, 
    "ELECTRIC_UTILITIES": 0, 
    "ELECTRONICS_MANUFACTURING": 0, 
    "MISC_DEFENSE": 0, 
    "TELEPHONE_UTILITIES": 0
  }, 
  "Steve Stockman": {
    "COMPUTERS_INTERNET": 0, 
    "DEFENSE_AEROSPACE": 0, 
    "DEFENSE_ELECTRONICS": 0, 
    "ELECTRIC_UTILITIES": 0, 
    "ELECTRONICS_MANUFACTURING": 0, 
    "MISC_DEFENSE": 0, 
    "TELEPHONE_UTILITIES": 0
  }, 
  "Susan M. Collins": {
    "COMPUTERS_INTERNET": 0, 
    "DEFENSE_AEROSPACE": 0, 
    "DEFENSE_ELECTRONICS": 0, 
    "ELECTRIC_UTILITIES": 0, 
    "ELECTRONICS_MANUFACTURING": 0, 
    "MISC_DEFENSE": 0, 
    "TELEPHONE_UTILITIES": 0
  }, 
  "Tammy Baldwin": {
    "COMPUTERS_INTERNET": 250, 
    "DEFENSE_AEROSPACE": 750, 
    "DEFENSE_ELECTRONICS": 1400, 
    "ELECTRIC_UTILITIES": 0, 
    "ELECTRONICS_MANUFACTURING": 5000, 
    "MISC_DEFENSE": 0, 
    "TELEPHONE_UTILITIES": 3500
  }, 
  "Thad Cochran": {
    "COMPUTERS_INTERNET": 0, 
    "DEFENSE_AEROSPACE": 0, 
    "DEFENSE_ELECTRONICS": 0, 
    "ELECTRIC_UTILITIES": 0, 
    "ELECTRONICS_MANUFACTURING": 0, 
    "MISC_DEFENSE": 0, 
    "TELEPHONE_UTILITIES": 0
  }, 
  "Thomas E. Petri": {
    "COMPUTERS_INTERNET": 1500, 
    "DEFENSE_AEROSPACE": 2500, 
    "DEFENSE_ELECTRONICS": 2250, 
    "ELECTRIC_UTILITIES": 1350, 
    "ELECTRONICS_MANUFACTURING": 4950, 
    "MISC_DEFENSE": 2100, 
    "TELEPHONE_UTILITIES": 3450
  }, 
  "Tim Johnson": {
    "COMPUTERS_INTERNET": 0, 
    "DEFENSE_AEROSPACE": 5000, 
    "DEFENSE_ELECTRONICS": 3000, 
    "ELECTRIC_UTILITIES": 13405, 
    "ELECTRONICS_MANUFACTURING": 18000, 
    "MISC_DEFENSE": 3500, 
    "TELEPHONE_UTILITIES": 8000
  }, 
  "Tom Coburn": {
    "COMPUTERS_INTERNET": 2000, 
    "DEFENSE_AEROSPACE": 1500, 
    "DEFENSE_ELECTRONICS": 7500, 
    "ELECTRIC_UTILITIES": 2500, 
    "ELECTRONICS_MANUFACTURING": 22500, 
    "MISC_DEFENSE": 1000, 
    "TELEPHONE_UTILITIES": 15500
  }, 
  "Tom Harkin": {
    "COMPUTERS_INTERNET": 0, 
    "DEFENSE_AEROSPACE": -1000, 
    "DEFENSE_ELECTRONICS": 0, 
    "ELECTRIC_UTILITIES": 0, 
    "ELECTRONICS_MANUFACTURING": -1000, 
    "MISC_DEFENSE": 0, 
    "TELEPHONE_UTILITIES": 0
  }, 
  "Tom Latham": {
    "COMPUTERS_INTERNET": 0, 
    "DEFENSE_AEROSPACE": 4000, 
    "DEFENSE_ELECTRONICS": 4500, 
    "ELECTRIC_UTILITIES": 4000, 
    "ELECTRONICS_MANUFACTURING": 11500, 
    "MISC_DEFENSE": 2750, 
    "TELEPHONE_UTILITIES": 9500
  }, 
  "Tom McClintock": {
    "COMPUTERS_INTERNET": 0, 
    "DEFENSE_AEROSPACE": 0, 
    "DEFENSE_ELECTRONICS": 0, 
    "ELECTRIC_UTILITIES": 0, 
    "ELECTRONICS_MANUFACTURING": 0, 
    "MISC_DEFENSE": 0, 
    "TELEPHONE_UTILITIES": 0
  }, 
  "Tom Udall": {
    "COMPUTERS_INTERNET": 0, 
    "DEFENSE_AEROSPACE": 500, 
    "DEFENSE_ELECTRONICS": 1500, 
    "ELECTRIC_UTILITIES": 2500, 
    "ELECTRONICS_MANUFACTURING": 3000, 
    "MISC_DEFENSE": 0, 
    "TELEPHONE_UTILITIES": 2500
  }, 
  "Walter B. Jones": {
    "COMPUTERS_INTERNET": 500, 
    "DEFENSE_AEROSPACE": 32500, 
    "DEFENSE_ELECTRONICS": 25000, 
    "ELECTRIC_UTILITIES": 12500, 
    "ELECTRONICS_MANUFACTURING": 11000, 
    "MISC_DEFENSE": 14000, 
    "TELEPHONE_UTILITIES": 10800
  }, 
  "Xavier Becerra": {
    "COMPUTERS_INTERNET": 500, 
    "DEFENSE_AEROSPACE": 7000, 
    "DEFENSE_ELECTRONICS": 8900, 
    "ELECTRIC_UTILITIES": 6800, 
    "ELECTRONICS_MANUFACTURING": 25650, 
    "MISC_DEFENSE": 1500, 
    "TELEPHONE_UTILITIES": 13900
  }, 
  "Zoe Lofgren": {
    "COMPUTERS_INTERNET": 14050, 
    "DEFENSE_AEROSPACE": 8000, 
    "DEFENSE_ELECTRONICS": 15750, 
    "ELECTRIC_UTILITIES": 5390, 
    "ELECTRONICS_MANUFACTURING": 22000, 
    "MISC_DEFENSE": 3500, 
    "TELEPHONE_UTILITIES": 8250
  }
}