{
  "Adam B. Schiff": {
    "COMPUTERS_INTERNET": 1500, 
    "DEFENSE_AEROSPACE": 0, 
    "DEFENSE_ELECTRONICS": 3000, 
    "ELECTRIC_UTILITIES": 5000, 
    "ELECTRONICS_MANUFACTURING": 7000, 
    "MISC_DEFENSE": 0, 
    "TELEPHONE_UTILITIES": 3000
  }, 
  "Adam Smith": {
    "COMPUTERS_INTERNET": 24000, 
    "DEFENSE_AEROSPACE": 20250, 
    "DEFENSE_ELECTRONICS": 25000, 
    "ELECTRIC_UTILITIES": 500, 
    "ELECTRONICS_MANUFACTURING": 43500, 
    "MISC_DEFENSE": 11500, 
    "TELEPHONE_UTILITIES": 22500
  }, 
  "Alcee L. Hastings": {
    "COMPUTERS_INTERNET": 0, 
    "DEFENSE_AEROSPACE": 3500, 
    "DEFENSE_ELECTRONICS": 2500, 
    "ELECTRIC_UTILITIES": 2000, 
    "ELECTRONICS_MANUFACTURING": 3500, 
    "MISC_DEFENSE": 1000, 
    "TELEPHONE_UTILITIES": 3500
  }, 
  "Allyson Y. Schwartz": {
    "COMPUTERS_INTERNET": 0, 
    "DEFENSE_AEROSPACE": 0, 
    "DEFENSE_ELECTRONICS": 0, 
    "ELECTRIC_UTILITIES": 0, 
    "ELECTRONICS_MANUFACTURING": 0, 
    "MISC_DEFENSE": 0, 
    "TELEPHONE_UTILITIES": 0
  }, 
  "Ander Crenshaw": {
    "COMPUTERS_INTERNET": 1500, 
    "DEFENSE_AEROSPACE": 6500, 
    "DEFENSE_ELECTRONICS": 8000, 
    "ELECTRIC_UTILITIES": 8000, 
    "ELECTRONICS_MANUFACTURING": 17000, 
    "MISC_DEFENSE": 6000, 
    "TELEPHONE_UTILITIES": 10500
  }, 
  "Anna G. Eshoo": {
    "COMPUTERS_INTERNET": 18001, 
    "DEFENSE_AEROSPACE": 11500, 
    "DEFENSE_ELECTRONICS": 24430, 
    "ELECTRIC_UTILITIES": 4500, 
    "ELECTRONICS_MANUFACTURING": 48547, 
    "MISC_DEFENSE": 2000, 
    "TELEPHONE_UTILITIES": 23500
  }, 
  "Barbara A. Mikulski": {
    "COMPUTERS_INTERNET": 1000, 
    "DEFENSE_AEROSPACE": 14000, 
    "DEFENSE_ELECTRONICS": 13000, 
    "ELECTRIC_UTILITIES": 1000, 
    "ELECTRONICS_MANUFACTURING": 7750, 
    "MISC_DEFENSE": 5000, 
    "TELEPHONE_UTILITIES": 4500
  }, 
  "Barbara Boxer": {
    "COMPUTERS_INTERNET": 0, 
    "DEFENSE_AEROSPACE": 0, 
    "DEFENSE_ELECTRONICS": 0, 
    "ELECTRIC_UTILITIES": 0, 
    "ELECTRONICS_MANUFACTURING": 0, 
    "MISC_DEFENSE": 0, 
    "TELEPHONE_UTILITIES": 0
  }, 
  "Barbara Lee": {
    "COMPUTERS_INTERNET": 0, 
    "DEFENSE_AEROSPACE": 500, 
    "DEFENSE_ELECTRONICS": 2500, 
    "ELECTRIC_UTILITIES": 5000, 
    "ELECTRONICS_MANUFACTURING": 3500, 
    "MISC_DEFENSE": 1000, 
    "TELEPHONE_UTILITIES": 2500
  }, 
  "Benjamin L. Cardin": {
    "COMPUTERS_INTERNET": 500, 
    "DEFENSE_AEROSPACE": 8500, 
    "DEFENSE_ELECTRONICS": 7000, 
    "ELECTRIC_UTILITIES": 23000, 
    "ELECTRONICS_MANUFACTURING": 12500, 
    "MISC_DEFENSE": 4000, 
    "TELEPHONE_UTILITIES": 7500
  }, 
  "Bennie G. Thompson": {
    "COMPUTERS_INTERNET": 3000, 
    "DEFENSE_AEROSPACE": 2000, 
    "DEFENSE_ELECTRONICS": 1500, 
    "ELECTRIC_UTILITIES": 8000, 
    "ELECTRONICS_MANUFACTURING": 11000, 
    "MISC_DEFENSE": 1500, 
    "TELEPHONE_UTILITIES": 8000
  }, 
  "Bernard Sanders": {
    "COMPUTERS_INTERNET": 0, 
    "DEFENSE_AEROSPACE": 0, 
    "DEFENSE_ELECTRONICS": 0, 
    "ELECTRIC_UTILITIES": 0, 
    "ELECTRONICS_MANUFACTURING": 0, 
    "MISC_DEFENSE": 0, 
    "TELEPHONE_UTILITIES": 500
  }, 
  "Betty McCollum": {
    "COMPUTERS_INTERNET": 0, 
    "DEFENSE_AEROSPACE": 0, 
    "DEFENSE_ELECTRONICS": 0, 
    "ELECTRIC_UTILITIES": 500, 
    "ELECTRONICS_MANUFACTURING": 0, 
    "MISC_DEFENSE": 0, 
    "TELEPHONE_UTILITIES": 0
  }, 
  "Bill Nelson": {
    "COMPUTERS_INTERNET": 9000, 
    "DEFENSE_AEROSPACE": 23000, 
    "DEFENSE_ELECTRONICS": 21000, 
    "ELECTRIC_UTILITIES": 30250, 
    "ELECTRONICS_MANUFACTURING": 46000, 
    "MISC_DEFENSE": 7000, 
    "TELEPHONE_UTILITIES": 21000
  }, 
  "Bill Pascrell Jr.": {
    "COMPUTERS_INTERNET": 0, 
    "DEFENSE_AEROSPACE": 3750, 
    "DEFENSE_ELECTRONICS": 3000, 
    "ELECTRIC_UTILITIES": 3000, 
    "ELECTRONICS_MANUFACTURING": 2000, 
    "MISC_DEFENSE": 3750, 
    "TELEPHONE_UTILITIES": 2000
  }, 
  "Bob Goodlatte": {
    "COMPUTERS_INTERNET": 20500, 
    "DEFENSE_AEROSPACE": 6750, 
    "DEFENSE_ELECTRONICS": 20500, 
    "ELECTRIC_UTILITIES": 8500, 
    "ELECTRONICS_MANUFACTURING": 62750, 
    "MISC_DEFENSE": 0, 
    "TELEPHONE_UTILITIES": 39500
  }, 
  "Bobby L. Rush": {
    "COMPUTERS_INTERNET": 2250, 
    "DEFENSE_AEROSPACE": 0, 
    "DEFENSE_ELECTRONICS": 13000, 
    "ELECTRIC_UTILITIES": 23750, 
    "ELECTRONICS_MANUFACTURING": 34163, 
    "MISC_DEFENSE": 0, 
    "TELEPHONE_UTILITIES": 23250
  }, 
  "Brad Sherman": {
    "COMPUTERS_INTERNET": 1750, 
    "DEFENSE_AEROSPACE": 5750, 
    "DEFENSE_ELECTRONICS": 14750, 
    "ELECTRIC_UTILITIES": 8500, 
    "ELECTRONICS_MANUFACTURING": 10500, 
    "MISC_DEFENSE": 6000, 
    "TELEPHONE_UTILITIES": 5500
  }, 
  "Candice S. Miller": {
    "COMPUTERS_INTERNET": 0, 
    "DEFENSE_AEROSPACE": 0, 
    "DEFENSE_ELECTRONICS": 0, 
    "ELECTRIC_UTILITIES": 0, 
    "ELECTRONICS_MANUFACTURING": 0, 
    "MISC_DEFENSE": 0, 
    "TELEPHONE_UTILITIES": 0
  }, 
  "Carl Levin": {
    "COMPUTERS_INTERNET": 0, 
    "DEFENSE_AEROSPACE": 900, 
    "DEFENSE_ELECTRONICS": 900, 
    "ELECTRIC_UTILITIES": 300, 
    "ELECTRONICS_MANUFACTURING": 0, 
    "MISC_DEFENSE": 0, 
    "TELEPHONE_UTILITIES": 0
  }, 
  "Carolyn B. Maloney": {
    "COMPUTERS_INTERNET": 1000, 
    "DEFENSE_AEROSPACE": 2000, 
    "DEFENSE_ELECTRONICS": 5000, 
    "ELECTRIC_UTILITIES": 1000, 
    "ELECTRONICS_MANUFACTURING": 16000, 
    "MISC_DEFENSE": 1000, 
    "TELEPHONE_UTILITIES": 10500
  }, 
  "Carolyn McCarthy": {
    "COMPUTERS_INTERNET": 0, 
    "DEFENSE_AEROSPACE": 3250, 
    "DEFENSE_ELECTRONICS": 3250, 
    "ELECTRIC_UTILITIES": 0, 
    "ELECTRONICS_MANUFACTURING": 4000, 
    "MISC_DEFENSE": 1250, 
    "TELEPHONE_UTILITIES": 3000
  }, 
  "Chaka Fattah": {
    "COMPUTERS_INTERNET": 0, 
    "DEFENSE_AEROSPACE": 500, 
    "DEFENSE_ELECTRONICS": 0, 
    "ELECTRIC_UTILITIES": 1500, 
    "ELECTRONICS_MANUFACTURING": 6500, 
    "MISC_DEFENSE": 1000, 
    "TELEPHONE_UTILITIES": 1500
  }, 
  "Charles B. Rangel": {
    "COMPUTERS_INTERNET": 14712, 
    "DEFENSE_AEROSPACE": 26000, 
    "DEFENSE_ELECTRONICS": 33000, 
    "ELECTRIC_UTILITIES": 10000, 
    "ELECTRONICS_MANUFACTURING": 70712, 
    "MISC_DEFENSE": 7250, 
    "TELEPHONE_UTILITIES": 31000
  }, 
  "Charles E. Schumer": {
    "COMPUTERS_INTERNET": 3500, 
    "DEFENSE_AEROSPACE": 10000, 
    "DEFENSE_ELECTRONICS": 7000, 
    "ELECTRIC_UTILITIES": 12000, 
    "ELECTRONICS_MANUFACTURING": 26000, 
    "MISC_DEFENSE": 1500, 
    "TELEPHONE_UTILITIES": 13000
  }, 
  "Chris Collins": {
    "COMPUTERS_INTERNET": 0, 
    "DEFENSE_AEROSPACE": 0, 
    "DEFENSE_ELECTRONICS": 0, 
    "ELECTRIC_UTILITIES": 0, 
    "ELECTRONICS_MANUFACTURING": 0, 
    "MISC_DEFENSE": 0, 
    "TELEPHONE_UTILITIES": 0
  }, 
  "Christopher H. Smith": {
    "COMPUTERS_INTERNET": 0, 
    "DEFENSE_AEROSPACE": 0, 
    "DEFENSE_ELECTRONICS": 0, 
    "ELECTRIC_UTILITIES": 1000, 
    "ELECTRONICS_MANUFACTURING": 2000, 
    "MISC_DEFENSE": 0, 
    "TELEPHONE_UTILITIES": 1000
  }, 
  "Chuck Grassley": {
    "COMPUTERS_INTERNET": 1300, 
    "DEFENSE_AEROSPACE": 3500, 
    "DEFENSE_ELECTRONICS": 0, 
    "ELECTRIC_UTILITIES": 1000, 
    "ELECTRONICS_MANUFACTURING": 3000, 
    "MISC_DEFENSE": 0, 
    "TELEPHONE_UTILITIES": 0
  }, 
  "Collin C. Peterson": {
    "COMPUTERS_INTERNET": 0, 
    "DEFENSE_AEROSPACE": 2000, 
    "DEFENSE_ELECTRONICS": 1500, 
    "ELECTRIC_UTILITIES": 2500, 
    "ELECTRONICS_MANUFACTURING": 2000, 
    "MISC_DEFENSE": 0, 
    "TELEPHONE_UTILITIES": 2500
  }, 
  "Corrine Brown": {
    "COMPUTERS_INTERNET": 0, 
    "DEFENSE_AEROSPACE": 2000, 
    "DEFENSE_ELECTRONICS": 2000, 
    "ELECTRIC_UTILITIES": 3000, 
    "ELECTRONICS_MANUFACTURING": 9000, 
    "MISC_DEFENSE": 2500, 
    "TELEPHONE_UTILITIES": 8000
  }, 
  "Dana Rohrabacher": {
    "COMPUTERS_INTERNET": 0, 
    "DEFENSE_AEROSPACE": 18500, 
    "DEFENSE_ELECTRONICS": 17500, 
    "ELECTRIC_UTILITIES": 1500, 
    "ELECTRONICS_MANUFACTURING": 4500, 
    "MISC_DEFENSE": 4000, 
    "TELEPHONE_UTILITIES": 3500
  }, 
  "Daniel Coats": {
    "COMPUTERS_INTERNET": 0, 
    "DEFENSE_AEROSPACE": 0, 
    "DEFENSE_ELECTRONICS": 0, 
    "ELECTRIC_UTILITIES": 0, 
    "ELECTRONICS_MANUFACTURING": 0, 
    "MISC_DEFENSE": 0, 
    "TELEPHONE_UTILITIES": 0
  }, 
  "Danny K. Davis": {
    "COMPUTERS_INTERNET": 0, 
    "DEFENSE_AEROSPACE": 0, 
    "DEFENSE_ELECTRONICS": 7500, 
    "ELECTRIC_UTILITIES": 500, 
    "ELECTRONICS_MANUFACTURING": 8500, 
    "MISC_DEFENSE": 0, 
    "TELEPHONE_UTILITIES": 8500
  }, 
  "Darrell E. Issa": {
    "COMPUTERS_INTERNET": 4500, 
    "DEFENSE_AEROSPACE": 2000, 
    "DEFENSE_ELECTRONICS": 17000, 
    "ELECTRIC_UTILITIES": 17000, 
    "ELECTRONICS_MANUFACTURING": 12000, 
    "MISC_DEFENSE": 15000, 
    "TELEPHONE_UTILITIES": 7000
  }, 
  "Dave Camp": {
    "COMPUTERS_INTERNET": 1500, 
    "DEFENSE_AEROSPACE": 20350, 
    "DEFENSE_ELECTRONICS": 18700, 
    "ELECTRIC_UTILITIES": 17300, 
    "ELECTRONICS_MANUFACTURING": 17900, 
    "MISC_DEFENSE": 500, 
    "TELEPHONE_UTILITIES": 12100
  }, 
  "David E. Price": {
    "COMPUTERS_INTERNET": 3000, 
    "DEFENSE_AEROSPACE": 6000, 
    "DEFENSE_ELECTRONICS": 4500, 
    "ELECTRIC_UTILITIES": 9500, 
    "ELECTRONICS_MANUFACTURING": 15100, 
    "MISC_DEFENSE": 2000, 
    "TELEPHONE_UTILITIES": 10600
  }, 
  "David Schweikert": {
    "COMPUTERS_INTERNET": 0, 
    "DEFENSE_AEROSPACE": 0, 
    "DEFENSE_ELECTRONICS": 0, 
    "ELECTRIC_UTILITIES": 0, 
    "ELECTRONICS_MANUFACTURING": 0, 
    "MISC_DEFENSE": 0, 
    "TELEPHONE_UTILITIES": 0
  }, 
  "David Vitter": {
    "COMPUTERS_INTERNET": 4000, 
    "DEFENSE_AEROSPACE": 6500, 
    "DEFENSE_ELECTRONICS": 8000, 
    "ELECTRIC_UTILITIES": 12000, 
    "ELECTRONICS_MANUFACTURING": 26500, 
    "MISC_DEFENSE": 6500, 
    "TELEPHONE_UTILITIES": 21000
  }, 
  "Debbie Stabenow": {
    "COMPUTERS_INTERNET": 13250, 
    "DEFENSE_AEROSPACE": 38140, 
    "DEFENSE_ELECTRONICS": 28835, 
    "ELECTRIC_UTILITIES": 27200, 
    "ELECTRONICS_MANUFACTURING": 43250, 
    "MISC_DEFENSE": 1500, 
    "TELEPHONE_UTILITIES": 23400
  }, 
  "Devin Nunes": {
    "COMPUTERS_INTERNET": 0, 
    "DEFENSE_AEROSPACE": 0, 
    "DEFENSE_ELECTRONICS": 0, 
    "ELECTRIC_UTILITIES": 0, 
    "ELECTRONICS_MANUFACTURING": 0, 
    "MISC_DEFENSE": 0, 
    "TELEPHONE_UTILITIES": 0
  }, 
  "Diana DeGette": {
    "COMPUTERS_INTERNET": 6000, 
    "DEFENSE_AEROSPACE": 4000, 
    "DEFENSE_ELECTRONICS": 12000, 
    "ELECTRIC_UTILITIES": 1000, 
    "ELECTRONICS_MANUFACTURING": 40498, 
    "MISC_DEFENSE": 0, 
    "TELEPHONE_UTILITIES": 22000
  }, 
  "Dianne Feinstein": {
    "COMPUTERS_INTERNET": 23500, 
    "DEFENSE_AEROSPACE": 47500, 
    "DEFENSE_ELECTRONICS": 59931, 
    "ELECTRIC_UTILITIES": 37750, 
    "ELECTRONICS_MANUFACTURING": 84500, 
    "MISC_DEFENSE": 46000, 
    "TELEPHONE_UTILITIES": 27000
  }, 
  "Doc Hastings": {
    "COMPUTERS_INTERNET": 11500, 
    "DEFENSE_AEROSPACE": 6500, 
    "DEFENSE_ELECTRONICS": 11500, 
    "ELECTRIC_UTILITIES": 15151, 
    "ELECTRONICS_MANUFACTURING": 17100, 
    "MISC_DEFENSE": 14300, 
    "TELEPHONE_UTILITIES": 4500
  }, 
  "Don Young": {
    "COMPUTERS_INTERNET": 4500, 
    "DEFENSE_AEROSPACE": 16000, 
    "DEFENSE_ELECTRONICS": 18000, 
    "ELECTRIC_UTILITIES": 18500, 
    "ELECTRONICS_MANUFACTURING": 9500, 
    "MISC_DEFENSE": 18875, 
    "TELEPHONE_UTILITIES": 3500
  }, 
  "Donna M. Christensen": {
    "COMPUTERS_INTERNET": 0, 
    "DEFENSE_AEROSPACE": 0, 
    "DEFENSE_ELECTRONICS": 0, 
    "ELECTRIC_UTILITIES": 1000, 
    "ELECTRONICS_MANUFACTURING": 0, 
    "MISC_DEFENSE": 0, 
    "TELEPHONE_UTILITIES": 0
  }, 
  "Earl Blumenauer": {
    "COMPUTERS_INTERNET": 3500, 
    "DEFENSE_AEROSPACE": 5500, 
    "DEFENSE_ELECTRONICS": 5500, 
    "ELECTRIC_UTILITIES": 1500, 
    "ELECTRONICS_MANUFACTURING": 8500, 
    "MISC_DEFENSE": 4500, 
    "TELEPHONE_UTILITIES": 2000
  }, 
  "Ed Pastor": {
    "COMPUTERS_INTERNET": 0, 
    "DEFENSE_AEROSPACE": 10500, 
    "DEFENSE_ELECTRONICS": 19500, 
    "ELECTRIC_UTILITIES": 20900, 
    "ELECTRONICS_MANUFACTURING": 12000, 
    "MISC_DEFENSE": 17200, 
    "TELEPHONE_UTILITIES": 8500
  }, 
  "Ed Whitfield": {
    "COMPUTERS_INTERNET": 3000, 
    "DEFENSE_AEROSPACE": 15500, 
    "DEFENSE_ELECTRONICS": 27500, 
    "ELECTRIC_UTILITIES": 24075, 
    "ELECTRONICS_MANUFACTURING": 58047, 
    "MISC_DEFENSE": 1000, 
    "TELEPHONE_UTILITIES": 33500
  }, 
  "Eddie Bernice Johnson": {
    "COMPUTERS_INTERNET": 4000, 
    "DEFENSE_AEROSPACE": 9500, 
    "DEFENSE_ELECTRONICS": 18500, 
    "ELECTRIC_UTILITIES": 8500, 
    "ELECTRONICS_MANUFACTURING": 16500, 
    "MISC_DEFENSE": 1000, 
    "TELEPHONE_UTILITIES": 12000
  }, 
  "Edward J. Markey": {
    "COMPUTERS_INTERNET": 0, 
    "DEFENSE_AEROSPACE": 0, 
    "DEFENSE_ELECTRONICS": 0, 
    "ELECTRIC_UTILITIES": 0, 
    "ELECTRONICS_MANUFACTURING": 0, 
    "MISC_DEFENSE": 0, 
    "TELEPHONE_UTILITIES": 0
  }, 
  "Edward R. Royce": {
    "COMPUTERS_INTERNET": 500, 
    "DEFENSE_AEROSPACE": 4400, 
    "DEFENSE_ELECTRONICS": 7600, 
    "ELECTRIC_UTILITIES": 4250, 
    "ELECTRONICS_MANUFACTURING": 8500, 
    "MISC_DEFENSE": 0, 
    "TELEPHONE_UTILITIES": 5100
  }, 
  "Eleanor Holmes Norton": {
    "COMPUTERS_INTERNET": 0, 
    "DEFENSE_AEROSPACE": 0, 
    "DEFENSE_ELECTRONICS": 1000, 
    "ELECTRIC_UTILITIES": 0, 
    "ELECTRONICS_MANUFACTURING": 2000, 
    "MISC_DEFENSE": 0, 
    "TELEPHONE_UTILITIES": 2000
  }, 
  "Elijah E. Cummings": {
    "COMPUTERS_INTERNET": 500, 
    "DEFENSE_AEROSPACE": 0, 
    "DEFENSE_ELECTRONICS": 2750, 
    "ELECTRIC_UTILITIES": 0, 
    "ELECTRONICS_MANUFACTURING": 8000, 
    "MISC_DEFENSE": 1000, 
    "TELEPHONE_UTILITIES": 5500
  }, 
  "Eliot L. Engel": {
    "COMPUTERS_INTERNET": 1000, 
    "DEFENSE_AEROSPACE": 6500, 
    "DEFENSE_ELECTRONICS": 11500, 
    "ELECTRIC_UTILITIES": 8000, 
    "ELECTRONICS_MANUFACTURING": 47027, 
    "MISC_DEFENSE": 1250, 
    "TELEPHONE_UTILITIES": 27500
  }, 
  "Eni F. H. Faleomavaega": {
    "COMPUTERS_INTERNET": 0, 
    "DEFENSE_AEROSPACE": 0, 
    "DEFENSE_ELECTRONICS": 0, 
    "ELECTRIC_UTILITIES": 3000, 
    "ELECTRONICS_MANUFACTURING": 0, 
    "MISC_DEFENSE": 0, 
    "TELEPHONE_UTILITIES": 0
  }, 
  "Eric Cantor": {
    "COMPUTERS_INTERNET": 3500, 
    "DEFENSE_AEROSPACE": 15500, 
    "DEFENSE_ELECTRONICS": 19750, 
    "ELECTRIC_UTILITIES": 23500, 
    "ELECTRONICS_MANUFACTURING": 33250, 
    "MISC_DEFENSE": 11000, 
    "TELEPHONE_UTILITIES": 25500
  }, 
  "F. James Sensenbrenner Jr.": {
    "COMPUTERS_INTERNET": 3250, 
    "DEFENSE_AEROSPACE": 39500, 
    "DEFENSE_ELECTRONICS": 28500, 
    "ELECTRIC_UTILITIES": 6000, 
    "ELECTRONICS_MANUFACTURING": 39312, 
    "MISC_DEFENSE": 6000, 
    "TELEPHONE_UTILITIES": 19000
  }, 
  "Frank A. LoBiondo": {
    "COMPUTERS_INTERNET": 0, 
    "DEFENSE_AEROSPACE": 2500, 
    "DEFENSE_ELECTRONICS": 3500, 
    "ELECTRIC_UTILITIES": 5000, 
    "ELECTRONICS_MANUFACTURING": 5500, 
    "MISC_DEFENSE": 2000, 
    "TELEPHONE_UTILITIES": 5500
  }, 
  "Frank D. Lucas": {
    "COMPUTERS_INTERNET": 0, 
    "DEFENSE_AEROSPACE": 0, 
    "DEFENSE_ELECTRONICS": 5000, 
    "ELECTRIC_UTILITIES": 10500, 
    "ELECTRONICS_MANUFACTURING": 5000, 
    "MISC_DEFENSE": 0, 
    "TELEPHONE_UTILITIES": 5500
  }, 
  "Frank Pallone Jr.": {
    "COMPUTERS_INTERNET": 1000, 
    "DEFENSE_AEROSPACE": 1000, 
    "DEFENSE_ELECTRONICS": 7500, 
    "ELECTRIC_UTILITIES": 44499, 
    "ELECTRONICS_MANUFACTURING": 34012, 
    "MISC_DEFENSE": 500, 
    "TELEPHONE_UTILITIES": 12500
  }, 
  "Frank R. Wolf": {
    "COMPUTERS_INTERNET": 9000, 
    "DEFENSE_AEROSPACE": 38250, 
    "DEFENSE_ELECTRONICS": 32750, 
    "ELECTRIC_UTILITIES": 7000, 
    "ELECTRONICS_MANUFACTURING": 8500, 
    "MISC_DEFENSE": 26250, 
    "TELEPHONE_UTILITIES": 6000
  }, 
  "Fred Upton": {
    "COMPUTERS_INTERNET": 2000, 
    "DEFENSE_AEROSPACE": 17600, 
    "DEFENSE_ELECTRONICS": 19000, 
    "ELECTRIC_UTILITIES": 20500, 
    "ELECTRONICS_MANUFACTURING": 26402, 
    "MISC_DEFENSE": 1000, 
    "TELEPHONE_UTILITIES": 11900
  }, 
  "Gary G. Miller": {
    "COMPUTERS_INTERNET": 2500, 
    "DEFENSE_AEROSPACE": 12750, 
    "DEFENSE_ELECTRONICS": 10500, 
    "ELECTRIC_UTILITIES": 8000, 
    "ELECTRONICS_MANUFACTURING": 13500, 
    "MISC_DEFENSE": 3000, 
    "TELEPHONE_UTILITIES": 9000
  }, 
  "Gene Green": {
    "COMPUTERS_INTERNET": 2000, 
    "DEFENSE_AEROSPACE": 5500, 
    "DEFENSE_ELECTRONICS": 19500, 
    "ELECTRIC_UTILITIES": 33000, 
    "ELECTRONICS_MANUFACTURING": 42500, 
    "MISC_DEFENSE": 4000, 
    "TELEPHONE_UTILITIES": 26500
  }, 
  "George Miller": {
    "COMPUTERS_INTERNET": 0, 
    "DEFENSE_AEROSPACE": 0, 
    "DEFENSE_ELECTRONICS": 1100, 
    "ELECTRIC_UTILITIES": 1000, 
    "ELECTRONICS_MANUFACTURING": 1600, 
    "MISC_DEFENSE": 0, 
    "TELEPHONE_UTILITIES": 1100
  }, 
  "Grace F. Napolitano": {
    "COMPUTERS_INTERNET": 1000, 
    "DEFENSE_AEROSPACE": 3000, 
    "DEFENSE_ELECTRONICS": 10000, 
    "ELECTRIC_UTILITIES": 7600, 
    "ELECTRONICS_MANUFACTURING": 10500, 
    "MISC_DEFENSE": 1000, 
    "TELEPHONE_UTILITIES": 8500
  }, 
  "Greg Walden": {
    "COMPUTERS_INTERNET": 4000, 
    "DEFENSE_AEROSPACE": 3000, 
    "DEFENSE_ELECTRONICS": 4000, 
    "ELECTRIC_UTILITIES": 8500, 
    "ELECTRONICS_MANUFACTURING": 16534, 
    "MISC_DEFENSE": 1000, 
    "TELEPHONE_UTILITIES": 6500
  }, 
  "Gregory W. Meeks": {
    "COMPUTERS_INTERNET": 0, 
    "DEFENSE_AEROSPACE": 1500, 
    "DEFENSE_ELECTRONICS": 2000, 
    "ELECTRIC_UTILITIES": 0, 
    "ELECTRONICS_MANUFACTURING": 5000, 
    "MISC_DEFENSE": 300, 
    "TELEPHONE_UTILITIES": 5250
  }, 
  "Harold Rogers": {
    "COMPUTERS_INTERNET": 7500, 
    "DEFENSE_AEROSPACE": 14500, 
    "DEFENSE_ELECTRONICS": 21500, 
    "ELECTRIC_UTILITIES": 21800, 
    "ELECTRONICS_MANUFACTURING": 41805, 
    "MISC_DEFENSE": 16000, 
    "TELEPHONE_UTILITIES": 22500
  }, 
  "Harry Reid": {
    "COMPUTERS_INTERNET": 7000, 
    "DEFENSE_AEROSPACE": 3500, 
    "DEFENSE_ELECTRONICS": 4000, 
    "ELECTRIC_UTILITIES": 0, 
    "ELECTRONICS_MANUFACTURING": 13500, 
    "MISC_DEFENSE": 0, 
    "TELEPHONE_UTILITIES": 6000
  }, 
  "Henry A. Waxman": {
    "COMPUTERS_INTERNET": 3500, 
    "DEFENSE_AEROSPACE": 4500, 
    "DEFENSE_ELECTRONICS": 4000, 
    "ELECTRIC_UTILITIES": 5500, 
    "ELECTRONICS_MANUFACTURING": 55968, 
    "MISC_DEFENSE": 1500, 
    "TELEPHONE_UTILITIES": 16500
  }, 
  "Howard Coble": {
    "COMPUTERS_INTERNET": 6000, 
    "DEFENSE_AEROSPACE": 24500, 
    "DEFENSE_ELECTRONICS": 19000, 
    "ELECTRIC_UTILITIES": 13000, 
    "ELECTRONICS_MANUFACTURING": 44545, 
    "MISC_DEFENSE": 9750, 
    "TELEPHONE_UTILITIES": 19500
  }, 
  "Howard P. \"Buck\" McKeon": {
    "COMPUTERS_INTERNET": 1500, 
    "DEFENSE_AEROSPACE": 45000, 
    "DEFENSE_ELECTRONICS": 45000, 
    "ELECTRIC_UTILITIES": 8500, 
    "ELECTRONICS_MANUFACTURING": 8500, 
    "MISC_DEFENSE": 23500, 
    "TELEPHONE_UTILITIES": 3500
  }, 
  "Ileana Ros-Lehtinen": {
    "COMPUTERS_INTERNET": 1000, 
    "DEFENSE_AEROSPACE": 3500, 
    "DEFENSE_ELECTRONICS": 6000, 
    "ELECTRIC_UTILITIES": 2500, 
    "ELECTRONICS_MANUFACTURING": 10000, 
    "MISC_DEFENSE": 0, 
    "TELEPHONE_UTILITIES": 6000
  }, 
  "Jack Kingston": {
    "COMPUTERS_INTERNET": 1000, 
    "DEFENSE_AEROSPACE": 11500, 
    "DEFENSE_ELECTRONICS": 11500, 
    "ELECTRIC_UTILITIES": 10750, 
    "ELECTRONICS_MANUFACTURING": 6000, 
    "MISC_DEFENSE": 8500, 
    "TELEPHONE_UTILITIES": 5500
  }, 
  "Jack Reed": {
    "COMPUTERS_INTERNET": 7700, 
    "DEFENSE_AEROSPACE": 15100, 
    "DEFENSE_ELECTRONICS": 20100, 
    "ELECTRIC_UTILITIES": 4000, 
    "ELECTRONICS_MANUFACTURING": 17700, 
    "MISC_DEFENSE": 7200, 
    "TELEPHONE_UTILITIES": 9200
  }, 
  "James E. Clyburn": {
    "COMPUTERS_INTERNET": 4500, 
    "DEFENSE_AEROSPACE": 8500, 
    "DEFENSE_ELECTRONICS": 8500, 
    "ELECTRIC_UTILITIES": 10500, 
    "ELECTRONICS_MANUFACTURING": 25500, 
    "MISC_DEFENSE": 3500, 
    "TELEPHONE_UTILITIES": 14950
  }, 
  "James M. Inhofe": {
    "COMPUTERS_INTERNET": 500, 
    "DEFENSE_AEROSPACE": 8000, 
    "DEFENSE_ELECTRONICS": 7250, 
    "ELECTRIC_UTILITIES": 32500, 
    "ELECTRONICS_MANUFACTURING": 1750, 
    "MISC_DEFENSE": 9650, 
    "TELEPHONE_UTILITIES": 1750
  }, 
  "James P. McGovern": {
    "COMPUTERS_INTERNET": 0, 
    "DEFENSE_AEROSPACE": 3100, 
    "DEFENSE_ELECTRONICS": 5100, 
    "ELECTRIC_UTILITIES": 6000, 
    "ELECTRONICS_MANUFACTURING": 8500, 
    "MISC_DEFENSE": 800, 
    "TELEPHONE_UTILITIES": 6500
  }, 
  "James P. Moran": {
    "COMPUTERS_INTERNET": 26500, 
    "DEFENSE_AEROSPACE": 51500, 
    "DEFENSE_ELECTRONICS": 65000, 
    "ELECTRIC_UTILITIES": 9000, 
    "ELECTRONICS_MANUFACTURING": 31500, 
    "MISC_DEFENSE": 48500, 
    "TELEPHONE_UTILITIES": 13500
  }, 
  "James R. Langevin": {
    "COMPUTERS_INTERNET": 2500, 
    "DEFENSE_AEROSPACE": 2000, 
    "DEFENSE_ELECTRONICS": 1000, 
    "ELECTRIC_UTILITIES": 0, 
    "ELECTRONICS_MANUFACTURING": 5500, 
    "MISC_DEFENSE": 0, 
    "TELEPHONE_UTILITIES": 3000
  }, 
  "Janice D. Schakowsky": {
    "COMPUTERS_INTERNET": 0, 
    "DEFENSE_AEROSPACE": 0, 
    "DEFENSE_ELECTRONICS": 0, 
    "ELECTRIC_UTILITIES": 1000, 
    "ELECTRONICS_MANUFACTURING": 0, 
    "MISC_DEFENSE": 0, 
    "TELEPHONE_UTILITIES": 0
  }, 
  "Janice Hahn": {
    "COMPUTERS_INTERNET": 0, 
    "DEFENSE_AEROSPACE": 0, 
    "DEFENSE_ELECTRONICS": 0, 
    "ELECTRIC_UTILITIES": 0, 
    "ELECTRONICS_MANUFACTURING": 0, 
    "MISC_DEFENSE": 0, 
    "TELEPHONE_UTILITIES": 0
  }, 
  "Jeff Flake": {
    "COMPUTERS_INTERNET": 4000, 
    "DEFENSE_AEROSPACE": 2000, 
    "DEFENSE_ELECTRONICS": 3500, 
    "ELECTRIC_UTILITIES": 2000, 
    "ELECTRONICS_MANUFACTURING": 7000, 
    "MISC_DEFENSE": 500, 
    "TELEPHONE_UTILITIES": 0
  }, 
  "Jeff Sessions": {
    "COMPUTERS_INTERNET": 9000, 
    "DEFENSE_AEROSPACE": 9500, 
    "DEFENSE_ELECTRONICS": 21500, 
    "ELECTRIC_UTILITIES": 10500, 
    "ELECTRONICS_MANUFACTURING": 11000, 
    "MISC_DEFENSE": 10000, 
    "TELEPHONE_UTILITIES": 7250
  }, 
  "Jerrold Nadler": {
    "COMPUTERS_INTERNET": 2000, 
    "DEFENSE_AEROSPACE": 1500, 
    "DEFENSE_ELECTRONICS": 3500, 
    "ELECTRIC_UTILITIES": 1500, 
    "ELECTRONICS_MANUFACTURING": 30246, 
    "MISC_DEFENSE": 3400, 
    "TELEPHONE_UTILITIES": 17500
  }, 
  "Jerry Moran": {
    "COMPUTERS_INTERNET": 0, 
    "DEFENSE_AEROSPACE": 7250, 
    "DEFENSE_ELECTRONICS": 11750, 
    "ELECTRIC_UTILITIES": 5500, 
    "ELECTRONICS_MANUFACTURING": 11000, 
    "MISC_DEFENSE": 1000, 
    "TELEPHONE_UTILITIES": 9500
  }, 
  "Jim Matheson": {
    "COMPUTERS_INTERNET": 500, 
    "DEFENSE_AEROSPACE": 500, 
    "DEFENSE_ELECTRONICS": 500, 
    "ELECTRIC_UTILITIES": 1000, 
    "ELECTRONICS_MANUFACTURING": 2500, 
    "MISC_DEFENSE": 500, 
    "TELEPHONE_UTILITIES": 500
  }, 
  "Jim McDermott": {
    "COMPUTERS_INTERNET": 2000, 
    "DEFENSE_AEROSPACE": 3500, 
    "DEFENSE_ELECTRONICS": 3500, 
    "ELECTRIC_UTILITIES": 0, 
    "ELECTRONICS_MANUFACTURING": 3000, 
    "MISC_DEFENSE": 500, 
    "TELEPHONE_UTILITIES": 500
  }, 
  "Joe Barton": {
    "COMPUTERS_INTERNET": 10250, 
    "DEFENSE_AEROSPACE": 33250, 
    "DEFENSE_ELECTRONICS": 29250, 
    "ELECTRIC_UTILITIES": 106893, 
    "ELECTRONICS_MANUFACTURING": 42000, 
    "MISC_DEFENSE": 7250, 
    "TELEPHONE_UTILITIES": 17250
  }, 
  "John A. Boehner": {
    "COMPUTERS_INTERNET": 2500, 
    "DEFENSE_AEROSPACE": 15250, 
    "DEFENSE_ELECTRONICS": 14500, 
    "ELECTRIC_UTILITIES": 20050, 
    "ELECTRONICS_MANUFACTURING": 33750, 
    "MISC_DEFENSE": 3500, 
    "TELEPHONE_UTILITIES": 25000
  }, 
  "John Abney Culberson": {
    "COMPUTERS_INTERNET": 1000, 
    "DEFENSE_AEROSPACE": 1000, 
    "DEFENSE_ELECTRONICS": 7000, 
    "ELECTRIC_UTILITIES": 15500, 
    "ELECTRONICS_MANUFACTURING": 8500, 
    "MISC_DEFENSE": 1000, 
    "TELEPHONE_UTILITIES": 6500
  }, 
  "John B. Larson": {
    "COMPUTERS_INTERNET": 1000, 
    "DEFENSE_AEROSPACE": 26500, 
    "DEFENSE_ELECTRONICS": 13500, 
    "ELECTRIC_UTILITIES": 0, 
    "ELECTRONICS_MANUFACTURING": 9000, 
    "MISC_DEFENSE": 8000, 
    "TELEPHONE_UTILITIES": 2500
  }, 
  "John Conyers Jr.": {
    "COMPUTERS_INTERNET": 12500, 
    "DEFENSE_AEROSPACE": 12500, 
    "DEFENSE_ELECTRONICS": 21000, 
    "ELECTRIC_UTILITIES": 6850, 
    "ELECTRONICS_MANUFACTURING": 70000, 
    "MISC_DEFENSE": 0, 
    "TELEPHONE_UTILITIES": 46250
  }, 
  "John D. Dingell": {
    "COMPUTERS_INTERNET": 9500, 
    "DEFENSE_AEROSPACE": 38500, 
    "DEFENSE_ELECTRONICS": 40500, 
    "ELECTRIC_UTILITIES": 84175, 
    "ELECTRONICS_MANUFACTURING": 116641, 
    "MISC_DEFENSE": 6000, 
    "TELEPHONE_UTILITIES": 56000
  }, 
  "John D. Rockefeller, IV": {
    "COMPUTERS_INTERNET": 0, 
    "DEFENSE_AEROSPACE": 0, 
    "DEFENSE_ELECTRONICS": 0, 
    "ELECTRIC_UTILITIES": -500, 
    "ELECTRONICS_MANUFACTURING": 1000, 
    "MISC_DEFENSE": 0, 
    "TELEPHONE_UTILITIES": 0
  }, 
  "John F. Tierney": {
    "COMPUTERS_INTERNET": 0, 
    "DEFENSE_AEROSPACE": 2500, 
    "DEFENSE_ELECTRONICS": 1500, 
    "ELECTRIC_UTILITIES": 2000, 
    "ELECTRONICS_MANUFACTURING": 4000, 
    "MISC_DEFENSE": 500, 
    "TELEPHONE_UTILITIES": 2000
  }, 
  "John J. Duncan Jr.": {
    "COMPUTERS_INTERNET": 750, 
    "DEFENSE_AEROSPACE": 11250, 
    "DEFENSE_ELECTRONICS": 7500, 
    "ELECTRIC_UTILITIES": 1500, 
    "ELECTRONICS_MANUFACTURING": 3750, 
    "MISC_DEFENSE": 7750, 
    "TELEPHONE_UTILITIES": 3000
  }, 
  "John Kline": {
    "COMPUTERS_INTERNET": 0, 
    "DEFENSE_AEROSPACE": 13500, 
    "DEFENSE_ELECTRONICS": 13000, 
    "ELECTRIC_UTILITIES": 2000, 
    "ELECTRONICS_MANUFACTURING": 12750, 
    "MISC_DEFENSE": 14000, 
    "TELEPHONE_UTILITIES": 7000
  }, 
  "John L. Mica": {
    "COMPUTERS_INTERNET": 500, 
    "DEFENSE_AEROSPACE": 8000, 
    "DEFENSE_ELECTRONICS": 20150, 
    "ELECTRIC_UTILITIES": 5000, 
    "ELECTRONICS_MANUFACTURING": 17500, 
    "MISC_DEFENSE": 2500, 
    "TELEPHONE_UTILITIES": 4000
  }, 
  "John Lewis": {
    "COMPUTERS_INTERNET": 1500, 
    "DEFENSE_AEROSPACE": 9000, 
    "DEFENSE_ELECTRONICS": 7000, 
    "ELECTRIC_UTILITIES": 9500, 
    "ELECTRONICS_MANUFACTURING": 19500, 
    "MISC_DEFENSE": 2000, 
    "TELEPHONE_UTILITIES": 14500
  }, 
  "John McCain": {
    "COMPUTERS_INTERNET": 4000, 
    "DEFENSE_AEROSPACE": 14500, 
    "DEFENSE_ELECTRONICS": 17500, 
    "ELECTRIC_UTILITIES": 20500, 
    "ELECTRONICS_MANUFACTURING": 58500, 
    "MISC_DEFENSE": 8100, 
    "TELEPHONE_UTILITIES": 48500
  }, 
  "John Shimkus": {
    "COMPUTERS_INTERNET": 2500, 
    "DEFENSE_AEROSPACE": 8500, 
    "DEFENSE_ELECTRONICS": 17000, 
    "ELECTRIC_UTILITIES": 34750, 
    "ELECTRONICS_MANUFACTURING": 48176, 
    "MISC_DEFENSE": 5500, 
    "TELEPHONE_UTILITIES": 32750
  }, 
  "John Thune": {
    "COMPUTERS_INTERNET": 1500, 
    "DEFENSE_AEROSPACE": 4000, 
    "DEFENSE_ELECTRONICS": 3500, 
    "ELECTRIC_UTILITIES": 5500, 
    "ELECTRONICS_MANUFACTURING": 8000, 
    "MISC_DEFENSE": 1500, 
    "TELEPHONE_UTILITIES": 4500
  }, 
  "Johnny Isakson": {
    "COMPUTERS_INTERNET": 2500, 
    "DEFENSE_AEROSPACE": 14000, 
    "DEFENSE_ELECTRONICS": 17000, 
    "ELECTRIC_UTILITIES": 14000, 
    "ELECTRONICS_MANUFACTURING": 23100, 
    "MISC_DEFENSE": 0, 
    "TELEPHONE_UTILITIES": 17100
  }, 
  "Joseph Crowley": {
    "COMPUTERS_INTERNET": 500, 
    "DEFENSE_AEROSPACE": 1000, 
    "DEFENSE_ELECTRONICS": 2000, 
    "ELECTRIC_UTILITIES": 0, 
    "ELECTRONICS_MANUFACTURING": 10000, 
    "MISC_DEFENSE": 0, 
    "TELEPHONE_UTILITIES": 9000
  }, 
  "Joseph R. Pitts": {
    "COMPUTERS_INTERNET": 0, 
    "DEFENSE_AEROSPACE": 10500, 
    "DEFENSE_ELECTRONICS": 9500, 
    "ELECTRIC_UTILITIES": 5500, 
    "ELECTRONICS_MANUFACTURING": 4000, 
    "MISC_DEFENSE": 8000, 
    "TELEPHONE_UTILITIES": 4000
  }, 
  "Jos\u00e9 E. Serrano": {
    "COMPUTERS_INTERNET": 2000, 
    "DEFENSE_AEROSPACE": 1000, 
    "DEFENSE_ELECTRONICS": 4000, 
    "ELECTRIC_UTILITIES": 0, 
    "ELECTRONICS_MANUFACTURING": 9900, 
    "MISC_DEFENSE": 1000, 
    "TELEPHONE_UTILITIES": 8000
  }, 
  "Juan Vargas": {
    "COMPUTERS_INTERNET": 0, 
    "DEFENSE_AEROSPACE": 0, 
    "DEFENSE_ELECTRONICS": 0, 
    "ELECTRIC_UTILITIES": 0, 
    "ELECTRONICS_MANUFACTURING": 0, 
    "MISC_DEFENSE": 0, 
    "TELEPHONE_UTILITIES": 0
  }, 
  "Kay Granger": {
    "COMPUTERS_INTERNET": 3000, 
    "DEFENSE_AEROSPACE": 42000, 
    "DEFENSE_ELECTRONICS": 37000, 
    "ELECTRIC_UTILITIES": 14000, 
    "ELECTRONICS_MANUFACTURING": 12500, 
    "MISC_DEFENSE": 11500, 
    "TELEPHONE_UTILITIES": 10000
  }, 
  "Ken Calvert": {
    "COMPUTERS_INTERNET": 3500, 
    "DEFENSE_AEROSPACE": 17000, 
    "DEFENSE_ELECTRONICS": 21500, 
    "ELECTRIC_UTILITIES": 21450, 
    "ELECTRONICS_MANUFACTURING": 8500, 
    "MISC_DEFENSE": 14500, 
    "TELEPHONE_UTILITIES": 6000
  }, 
  "Kevin Brady": {
    "COMPUTERS_INTERNET": 2500, 
    "DEFENSE_AEROSPACE": 4500, 
    "DEFENSE_ELECTRONICS": 9000, 
    "ELECTRIC_UTILITIES": 19000, 
    "ELECTRONICS_MANUFACTURING": 4500, 
    "MISC_DEFENSE": 8500, 
    "TELEPHONE_UTILITIES": 4500
  }, 
  "Kevin Cramer": {
    "COMPUTERS_INTERNET": 0, 
    "DEFENSE_AEROSPACE": 0, 
    "DEFENSE_ELECTRONICS": 1000, 
    "ELECTRIC_UTILITIES": 0, 
    "ELECTRONICS_MANUFACTURING": 0, 
    "MISC_DEFENSE": 0, 
    "TELEPHONE_UTILITIES": 0
  }, 
  "Lamar Alexander": {
    "COMPUTERS_INTERNET": 0, 
    "DEFENSE_AEROSPACE": 0, 
    "DEFENSE_ELECTRONICS": 0, 
    "ELECTRIC_UTILITIES": 0, 
    "ELECTRONICS_MANUFACTURING": 5000, 
    "MISC_DEFENSE": 0, 
    "TELEPHONE_UTILITIES": 5000
  }, 
  "Lamar Smith": {
    "COMPUTERS_INTERNET": 1500, 
    "DEFENSE_AEROSPACE": 1000, 
    "DEFENSE_ELECTRONICS": 11000, 
    "ELECTRIC_UTILITIES": 3750, 
    "ELECTRONICS_MANUFACTURING": 14000, 
    "MISC_DEFENSE": 0, 
    "TELEPHONE_UTILITIES": 12500
  }, 
  "Lee Terry": {
    "COMPUTERS_INTERNET": 0, 
    "DEFENSE_AEROSPACE": 0, 
    "DEFENSE_ELECTRONICS": 4000, 
    "ELECTRIC_UTILITIES": 8500, 
    "ELECTRONICS_MANUFACTURING": 12000, 
    "MISC_DEFENSE": 0, 
    "TELEPHONE_UTILITIES": 5000
  }, 
  "Leonard Lance": {
    "COMPUTERS_INTERNET": 0, 
    "DEFENSE_AEROSPACE": 0, 
    "DEFENSE_ELECTRONICS": 0, 
    "ELECTRIC_UTILITIES": 0, 
    "ELECTRONICS_MANUFACTURING": 0, 
    "MISC_DEFENSE": 0, 
    "TELEPHONE_UTILITIES": 0
  }, 
  "Lindsey Graham": {
    "COMPUTERS_INTERNET": 3750, 
    "DEFENSE_AEROSPACE": 16325, 
    "DEFENSE_ELECTRONICS": 16250, 
    "ELECTRIC_UTILITIES": 39004, 
    "ELECTRONICS_MANUFACTURING": 40725, 
    "MISC_DEFENSE": 14000, 
    "TELEPHONE_UTILITIES": 25975
  }, 
  "Lloyd Doggett": {
    "COMPUTERS_INTERNET": 2000, 
    "DEFENSE_AEROSPACE": 4500, 
    "DEFENSE_ELECTRONICS": 9500, 
    "ELECTRIC_UTILITIES": 3500, 
    "ELECTRONICS_MANUFACTURING": 12500, 
    "MISC_DEFENSE": 500, 
    "TELEPHONE_UTILITIES": 9500
  }, 
  "Lois Capps": {
    "COMPUTERS_INTERNET": 7500, 
    "DEFENSE_AEROSPACE": 6000, 
    "DEFENSE_ELECTRONICS": 16850, 
    "ELECTRIC_UTILITIES": 12000, 
    "ELECTRONICS_MANUFACTURING": 35386, 
    "MISC_DEFENSE": 3500, 
    "TELEPHONE_UTILITIES": 16050
  }, 
  "Lois Frankel": {
    "COMPUTERS_INTERNET": 0, 
    "DEFENSE_AEROSPACE": 0, 
    "DEFENSE_ELECTRONICS": 0, 
    "ELECTRIC_UTILITIES": 0, 
    "ELECTRONICS_MANUFACTURING": 0, 
    "MISC_DEFENSE": 0, 
    "TELEPHONE_UTILITIES": 0
  }, 
  "Loretta Sanchez": {
    "COMPUTERS_INTERNET": 500, 
    "DEFENSE_AEROSPACE": 29500, 
    "DEFENSE_ELECTRONICS": 38500, 
    "ELECTRIC_UTILITIES": 8599, 
    "ELECTRONICS_MANUFACTURING": 26000, 
    "MISC_DEFENSE": 26000, 
    "TELEPHONE_UTILITIES": 18000
  }, 
  "Louise McIntosh Slaughter": {
    "COMPUTERS_INTERNET": 0, 
    "DEFENSE_AEROSPACE": 4000, 
    "DEFENSE_ELECTRONICS": 2000, 
    "ELECTRIC_UTILITIES": 0, 
    "ELECTRONICS_MANUFACTURING": 7500, 
    "MISC_DEFENSE": 0, 
    "TELEPHONE_UTILITIES": 4000
  }, 
  "Lucille Roybal-Allard": {
    "COMPUTERS_INTERNET": 1000, 
    "DEFENSE_AEROSPACE": 4000, 
    "DEFENSE_ELECTRONICS": 7250, 
    "ELECTRIC_UTILITIES": 10500, 
    "ELECTRONICS_MANUFACTURING": 6750, 
    "MISC_DEFENSE": 1750, 
    "TELEPHONE_UTILITIES": 4250
  }, 
  "Luis V. Guti\u00e9rrez": {
    "COMPUTERS_INTERNET": 0, 
    "DEFENSE_AEROSPACE": 0, 
    "DEFENSE_ELECTRONICS": 500, 
    "ELECTRIC_UTILITIES": 0, 
    "ELECTRONICS_MANUFACTURING": 1600, 
    "MISC_DEFENSE": 0, 
    "TELEPHONE_UTILITIES": 1100
  }, 
  "Luke Messer": {
    "COMPUTERS_INTERNET": 0, 
    "DEFENSE_AEROSPACE": 2000, 
    "DEFENSE_ELECTRONICS": 0, 
    "ELECTRIC_UTILITIES": 0, 
    "ELECTRONICS_MANUFACTURING": 0, 
    "MISC_DEFENSE": 0, 
    "TELEPHONE_UTILITIES": 0
  }, 
  "Mac Thornberry": {
    "COMPUTERS_INTERNET": 0, 
    "DEFENSE_AEROSPACE": 27100, 
    "DEFENSE_ELECTRONICS": 20000, 
    "ELECTRIC_UTILITIES": 15000, 
    "ELECTRONICS_MANUFACTURING": 7500, 
    "MISC_DEFENSE": 9600, 
    "TELEPHONE_UTILITIES": 7000
  }, 
  "Marcy Kaptur": {
    "COMPUTERS_INTERNET": 1000, 
    "DEFENSE_AEROSPACE": 8000, 
    "DEFENSE_ELECTRONICS": 5500, 
    "ELECTRIC_UTILITIES": 2000, 
    "ELECTRONICS_MANUFACTURING": 0, 
    "MISC_DEFENSE": 2000, 
    "TELEPHONE_UTILITIES": 1000
  }, 
  "Maria Cantwell": {
    "COMPUTERS_INTERNET": 7000, 
    "DEFENSE_AEROSPACE": 0, 
    "DEFENSE_ELECTRONICS": 3150, 
    "ELECTRIC_UTILITIES": 0, 
    "ELECTRONICS_MANUFACTURING": 30400, 
    "MISC_DEFENSE": 250, 
    "TELEPHONE_UTILITIES": 250
  }, 
  "Mark Kirk": {
    "COMPUTERS_INTERNET": 500, 
    "DEFENSE_AEROSPACE": 12000, 
    "DEFENSE_ELECTRONICS": 22500, 
    "ELECTRIC_UTILITIES": 11000, 
    "ELECTRONICS_MANUFACTURING": 23000, 
    "MISC_DEFENSE": 11000, 
    "TELEPHONE_UTILITIES": 14500
  }, 
  "Mark R. Warner": {
    "COMPUTERS_INTERNET": 0, 
    "DEFENSE_AEROSPACE": 0, 
    "DEFENSE_ELECTRONICS": 0, 
    "ELECTRIC_UTILITIES": 0, 
    "ELECTRONICS_MANUFACTURING": 0, 
    "MISC_DEFENSE": 0, 
    "TELEPHONE_UTILITIES": 0
  }, 
  "Mark Sanford": {
    "COMPUTERS_INTERNET": 0, 
    "DEFENSE_AEROSPACE": 0, 
    "DEFENSE_ELECTRONICS": 0, 
    "ELECTRIC_UTILITIES": 0, 
    "ELECTRONICS_MANUFACTURING": 0, 
    "MISC_DEFENSE": 0, 
    "TELEPHONE_UTILITIES": 0
  }, 
  "Mark Takano": {
    "COMPUTERS_INTERNET": 0, 
    "DEFENSE_AEROSPACE": 0, 
    "DEFENSE_ELECTRONICS": 0, 
    "ELECTRIC_UTILITIES": 0, 
    "ELECTRONICS_MANUFACTURING": 0, 
    "MISC_DEFENSE": 0, 
    "TELEPHONE_UTILITIES": 0
  }, 
  "Mark Udall": {
    "COMPUTERS_INTERNET": 3000, 
    "DEFENSE_AEROSPACE": 2000, 
    "DEFENSE_ELECTRONICS": 2500, 
    "ELECTRIC_UTILITIES": 3500, 
    "ELECTRONICS_MANUFACTURING": 8500, 
    "MISC_DEFENSE": 250, 
    "TELEPHONE_UTILITIES": 1000
  }, 
  "Mary L. Landrieu": {
    "COMPUTERS_INTERNET": 7000, 
    "DEFENSE_AEROSPACE": 10250, 
    "DEFENSE_ELECTRONICS": 16000, 
    "ELECTRIC_UTILITIES": 38250, 
    "ELECTRONICS_MANUFACTURING": 25750, 
    "MISC_DEFENSE": 8500, 
    "TELEPHONE_UTILITIES": 12500
  }, 
  "Matt Salmon": {
    "COMPUTERS_INTERNET": 0, 
    "DEFENSE_AEROSPACE": -500, 
    "DEFENSE_ELECTRONICS": 0, 
    "ELECTRIC_UTILITIES": 0, 
    "ELECTRONICS_MANUFACTURING": 500, 
    "MISC_DEFENSE": 0, 
    "TELEPHONE_UTILITIES": 0
  }, 
  "Maxine Waters": {
    "COMPUTERS_INTERNET": 1000, 
    "DEFENSE_AEROSPACE": 0, 
    "DEFENSE_ELECTRONICS": 2500, 
    "ELECTRIC_UTILITIES": 1000, 
    "ELECTRONICS_MANUFACTURING": 6500, 
    "MISC_DEFENSE": 0, 
    "TELEPHONE_UTILITIES": 4500
  }, 
  "Michael B. Enzi": {
    "COMPUTERS_INTERNET": 1500, 
    "DEFENSE_AEROSPACE": 4000, 
    "DEFENSE_ELECTRONICS": 7000, 
    "ELECTRIC_UTILITIES": 4000, 
    "ELECTRONICS_MANUFACTURING": 19000, 
    "MISC_DEFENSE": 1000, 
    "TELEPHONE_UTILITIES": 15000
  }, 
  "Michael E. Capuano": {
    "COMPUTERS_INTERNET": 0, 
    "DEFENSE_AEROSPACE": 2500, 
    "DEFENSE_ELECTRONICS": 6500, 
    "ELECTRIC_UTILITIES": 1000, 
    "ELECTRONICS_MANUFACTURING": 9250, 
    "MISC_DEFENSE": 0, 
    "TELEPHONE_UTILITIES": 7000
  }, 
  "Michael F. Doyle": {
    "COMPUTERS_INTERNET": 0, 
    "DEFENSE_AEROSPACE": 10500, 
    "DEFENSE_ELECTRONICS": 4500, 
    "ELECTRIC_UTILITIES": 10625, 
    "ELECTRONICS_MANUFACTURING": 6250, 
    "MISC_DEFENSE": 6000, 
    "TELEPHONE_UTILITIES": 3000
  }, 
  "Michael K. Simpson": {
    "COMPUTERS_INTERNET": 1000, 
    "DEFENSE_AEROSPACE": 2000, 
    "DEFENSE_ELECTRONICS": 10500, 
    "ELECTRIC_UTILITIES": 5500, 
    "ELECTRONICS_MANUFACTURING": 12500, 
    "MISC_DEFENSE": 8000, 
    "TELEPHONE_UTILITIES": 7000
  }, 
  "Michael M. Honda": {
    "COMPUTERS_INTERNET": 3750, 
    "DEFENSE_AEROSPACE": 0, 
    "DEFENSE_ELECTRONICS": 0, 
    "ELECTRIC_UTILITIES": 2500, 
    "ELECTRONICS_MANUFACTURING": 4250, 
    "MISC_DEFENSE": 0, 
    "TELEPHONE_UTILITIES": 0
  }, 
  "Mike Crapo": {
    "COMPUTERS_INTERNET": 2000, 
    "DEFENSE_AEROSPACE": 2000, 
    "DEFENSE_ELECTRONICS": 2000, 
    "ELECTRIC_UTILITIES": 3000, 
    "ELECTRONICS_MANUFACTURING": 5000, 
    "MISC_DEFENSE": 0, 
    "TELEPHONE_UTILITIES": 1000
  }, 
  "Mike McIntyre": {
    "COMPUTERS_INTERNET": 1500, 
    "DEFENSE_AEROSPACE": 18500, 
    "DEFENSE_ELECTRONICS": 11500, 
    "ELECTRIC_UTILITIES": 11000, 
    "ELECTRONICS_MANUFACTURING": 11000, 
    "MISC_DEFENSE": 6500, 
    "TELEPHONE_UTILITIES": 8500
  }, 
  "Mike Rogers": {
    "COMPUTERS_INTERNET": 1000, 
    "DEFENSE_AEROSPACE": 21000, 
    "DEFENSE_ELECTRONICS": 20500, 
    "ELECTRIC_UTILITIES": 7250, 
    "ELECTRONICS_MANUFACTURING": 10000, 
    "MISC_DEFENSE": 6000, 
    "TELEPHONE_UTILITIES": 8000
  }, 
  "Mike Thompson": {
    "COMPUTERS_INTERNET": 2000, 
    "DEFENSE_AEROSPACE": 5500, 
    "DEFENSE_ELECTRONICS": 10225, 
    "ELECTRIC_UTILITIES": 8000, 
    "ELECTRONICS_MANUFACTURING": 10225, 
    "MISC_DEFENSE": 2500, 
    "TELEPHONE_UTILITIES": 6725
  }, 
  "Mitch McConnell": {
    "COMPUTERS_INTERNET": 2000, 
    "DEFENSE_AEROSPACE": 0, 
    "DEFENSE_ELECTRONICS": 1000, 
    "ELECTRIC_UTILITIES": 2000, 
    "ELECTRONICS_MANUFACTURING": 11500, 
    "MISC_DEFENSE": 6500, 
    "TELEPHONE_UTILITIES": 8500
  }, 
  "Nancy Pelosi": {
    "COMPUTERS_INTERNET": 4500, 
    "DEFENSE_AEROSPACE": 500, 
    "DEFENSE_ELECTRONICS": 4500, 
    "ELECTRIC_UTILITIES": 4000, 
    "ELECTRONICS_MANUFACTURING": 6000, 
    "MISC_DEFENSE": 1500, 
    "TELEPHONE_UTILITIES": 5000
  }, 
  "Nick J. Rahall II": {
    "COMPUTERS_INTERNET": 0, 
    "DEFENSE_AEROSPACE": 3000, 
    "DEFENSE_ELECTRONICS": 2000, 
    "ELECTRIC_UTILITIES": 2000, 
    "ELECTRONICS_MANUFACTURING": 4500, 
    "MISC_DEFENSE": 3000, 
    "TELEPHONE_UTILITIES": 3000
  }, 
  "Nita M. Lowey": {
    "COMPUTERS_INTERNET": 0, 
    "DEFENSE_AEROSPACE": 2500, 
    "DEFENSE_ELECTRONICS": 5000, 
    "ELECTRIC_UTILITIES": 500, 
    "ELECTRONICS_MANUFACTURING": 7500, 
    "MISC_DEFENSE": 0, 
    "TELEPHONE_UTILITIES": 3000
  }, 
  "Nydia M. Vel\u00e1zquez": {
    "COMPUTERS_INTERNET": 0, 
    "DEFENSE_AEROSPACE": 1000, 
    "DEFENSE_ELECTRONICS": 0, 
    "ELECTRIC_UTILITIES": 1000, 
    "ELECTRONICS_MANUFACTURING": 3200, 
    "MISC_DEFENSE": 1000, 
    "TELEPHONE_UTILITIES": 1000
  }, 
  "Orrin G. Hatch": {
    "COMPUTERS_INTERNET": 27100, 
    "DEFENSE_AEROSPACE": 64750, 
    "DEFENSE_ELECTRONICS": 71768, 
    "ELECTRIC_UTILITIES": 12000, 
    "ELECTRONICS_MANUFACTURING": 148108, 
    "MISC_DEFENSE": 26000, 
    "TELEPHONE_UTILITIES": 55768
  }, 
  "Pat Roberts": {
    "COMPUTERS_INTERNET": 0, 
    "DEFENSE_AEROSPACE": 1000, 
    "DEFENSE_ELECTRONICS": 6250, 
    "ELECTRIC_UTILITIES": 0, 
    "ELECTRONICS_MANUFACTURING": 3250, 
    "MISC_DEFENSE": 3000, 
    "TELEPHONE_UTILITIES": 2250
  }, 
  "Patrick J. Leahy": {
    "COMPUTERS_INTERNET": 0, 
    "DEFENSE_AEROSPACE": 0, 
    "DEFENSE_ELECTRONICS": 0, 
    "ELECTRIC_UTILITIES": 0, 
    "ELECTRONICS_MANUFACTURING": 0, 
    "MISC_DEFENSE": 0, 
    "TELEPHONE_UTILITIES": 0
  }, 
  "Patrick J. Tiberi": {
    "COMPUTERS_INTERNET": 2000, 
    "DEFENSE_AEROSPACE": 15500, 
    "DEFENSE_ELECTRONICS": 16400, 
    "ELECTRIC_UTILITIES": 24250, 
    "ELECTRONICS_MANUFACTURING": 35900, 
    "MISC_DEFENSE": 11500, 
    "TELEPHONE_UTILITIES": 22400
  }, 
  "Patrick J. Toomey": {
    "COMPUTERS_INTERNET": 2000, 
    "DEFENSE_AEROSPACE": 5000, 
    "DEFENSE_ELECTRONICS": 3000, 
    "ELECTRIC_UTILITIES": 15200, 
    "ELECTRONICS_MANUFACTURING": 9000, 
    "MISC_DEFENSE": 1000, 
    "TELEPHONE_UTILITIES": 5000
  }, 
  "Patty Murray": {
    "COMPUTERS_INTERNET": 9000, 
    "DEFENSE_AEROSPACE": 1000, 
    "DEFENSE_ELECTRONICS": 1000, 
    "ELECTRIC_UTILITIES": 1000, 
    "ELECTRONICS_MANUFACTURING": 11000, 
    "MISC_DEFENSE": 0, 
    "TELEPHONE_UTILITIES": 1000
  }, 
  "Paul C. Broun": {
    "COMPUTERS_INTERNET": 0, 
    "DEFENSE_AEROSPACE": 0, 
    "DEFENSE_ELECTRONICS": 0, 
    "ELECTRIC_UTILITIES": 0, 
    "ELECTRONICS_MANUFACTURING": 0, 
    "MISC_DEFENSE": 0, 
    "TELEPHONE_UTILITIES": 0
  }, 
  "Paul Ryan": {
    "COMPUTERS_INTERNET": 3500, 
    "DEFENSE_AEROSPACE": 17550, 
    "DEFENSE_ELECTRONICS": 20500, 
    "ELECTRIC_UTILITIES": 2450, 
    "ELECTRONICS_MANUFACTURING": 29550, 
    "MISC_DEFENSE": 3000, 
    "TELEPHONE_UTILITIES": 26700
  }, 
  "Pete Sessions": {
    "COMPUTERS_INTERNET": 7540, 
    "DEFENSE_AEROSPACE": 23500, 
    "DEFENSE_ELECTRONICS": 44540, 
    "ELECTRIC_UTILITIES": 33250, 
    "ELECTRONICS_MANUFACTURING": 32250, 
    "MISC_DEFENSE": 16250, 
    "TELEPHONE_UTILITIES": 24250
  }, 
  "Peter A. DeFazio": {
    "COMPUTERS_INTERNET": 0, 
    "DEFENSE_AEROSPACE": 1000, 
    "DEFENSE_ELECTRONICS": 0, 
    "ELECTRIC_UTILITIES": 7000, 
    "ELECTRONICS_MANUFACTURING": 1000, 
    "MISC_DEFENSE": 500, 
    "TELEPHONE_UTILITIES": 1000
  }, 
  "Peter J. Visclosky": {
    "COMPUTERS_INTERNET": 1000, 
    "DEFENSE_AEROSPACE": 31500, 
    "DEFENSE_ELECTRONICS": 28000, 
    "ELECTRIC_UTILITIES": 22101, 
    "ELECTRONICS_MANUFACTURING": 8000, 
    "MISC_DEFENSE": 31500, 
    "TELEPHONE_UTILITIES": 3500
  }, 
  "Peter T. King": {
    "COMPUTERS_INTERNET": 500, 
    "DEFENSE_AEROSPACE": 7000, 
    "DEFENSE_ELECTRONICS": 9000, 
    "ELECTRIC_UTILITIES": 0, 
    "ELECTRONICS_MANUFACTURING": 8500, 
    "MISC_DEFENSE": 3000, 
    "TELEPHONE_UTILITIES": 4000
  }, 
  "Ralph M. Hall": {
    "COMPUTERS_INTERNET": 5500, 
    "DEFENSE_AEROSPACE": 22400, 
    "DEFENSE_ELECTRONICS": 27000, 
    "ELECTRIC_UTILITIES": 67200, 
    "ELECTRONICS_MANUFACTURING": 30039, 
    "MISC_DEFENSE": 4000, 
    "TELEPHONE_UTILITIES": 13000
  }, 
  "Richard Burr": {
    "COMPUTERS_INTERNET": 4000, 
    "DEFENSE_AEROSPACE": 5000, 
    "DEFENSE_ELECTRONICS": 11200, 
    "ELECTRIC_UTILITIES": 28500, 
    "ELECTRONICS_MANUFACTURING": 49200, 
    "MISC_DEFENSE": 1000, 
    "TELEPHONE_UTILITIES": 27900
  }, 
  "Richard C. Shelby": {
    "COMPUTERS_INTERNET": 1000, 
    "DEFENSE_AEROSPACE": 14000, 
    "DEFENSE_ELECTRONICS": 17000, 
    "ELECTRIC_UTILITIES": 16500, 
    "ELECTRONICS_MANUFACTURING": 12000, 
    "MISC_DEFENSE": 8000, 
    "TELEPHONE_UTILITIES": 8000
  }, 
  "Richard E. Neal": {
    "COMPUTERS_INTERNET": 5000, 
    "DEFENSE_AEROSPACE": 11500, 
    "DEFENSE_ELECTRONICS": 10500, 
    "ELECTRIC_UTILITIES": 2500, 
    "ELECTRONICS_MANUFACTURING": 17000, 
    "MISC_DEFENSE": 1500, 
    "TELEPHONE_UTILITIES": 7000
  }, 
  "Richard J. Durbin": {
    "COMPUTERS_INTERNET": 2000, 
    "DEFENSE_AEROSPACE": 6000, 
    "DEFENSE_ELECTRONICS": 9000, 
    "ELECTRIC_UTILITIES": 1500, 
    "ELECTRONICS_MANUFACTURING": 6100, 
    "MISC_DEFENSE": 4000, 
    "TELEPHONE_UTILITIES": 3000
  }, 
  "Rick Larsen": {
    "COMPUTERS_INTERNET": 6000, 
    "DEFENSE_AEROSPACE": 2000, 
    "DEFENSE_ELECTRONICS": 2000, 
    "ELECTRIC_UTILITIES": 3000, 
    "ELECTRONICS_MANUFACTURING": 7500, 
    "MISC_DEFENSE": 0, 
    "TELEPHONE_UTILITIES": 0
  }, 
  "Rob Portman": {
    "COMPUTERS_INTERNET": 0, 
    "DEFENSE_AEROSPACE": 0, 
    "DEFENSE_ELECTRONICS": 0, 
    "ELECTRIC_UTILITIES": 0, 
    "ELECTRONICS_MANUFACTURING": 0, 
    "MISC_DEFENSE": 0, 
    "TELEPHONE_UTILITIES": 0
  }, 
  "Robert A. Brady": {
    "COMPUTERS_INTERNET": 0, 
    "DEFENSE_AEROSPACE": 5000, 
    "DEFENSE_ELECTRONICS": 7000, 
    "ELECTRIC_UTILITIES": 2500, 
    "ELECTRONICS_MANUFACTURING": 4500, 
    "MISC_DEFENSE": 500, 
    "TELEPHONE_UTILITIES": 1500
  }, 
  "Robert B. Aderholt": {
    "COMPUTERS_INTERNET": 6350, 
    "DEFENSE_AEROSPACE": 29500, 
    "DEFENSE_ELECTRONICS": 44250, 
    "ELECTRIC_UTILITIES": 25000, 
    "ELECTRONICS_MANUFACTURING": 21850, 
    "MISC_DEFENSE": 14500, 
    "TELEPHONE_UTILITIES": 14350
  }, 
  "Robert C. \"Bobby\" Scott": {
    "COMPUTERS_INTERNET": 0, 
    "DEFENSE_AEROSPACE": 13000, 
    "DEFENSE_ELECTRONICS": 4000, 
    "ELECTRIC_UTILITIES": 3500, 
    "ELECTRONICS_MANUFACTURING": 14500, 
    "MISC_DEFENSE": 10000, 
    "TELEPHONE_UTILITIES": 10000
  }, 
  "Robert Menendez": {
    "COMPUTERS_INTERNET": 0, 
    "DEFENSE_AEROSPACE": 4000, 
    "DEFENSE_ELECTRONICS": 16250, 
    "ELECTRIC_UTILITIES": 7000, 
    "ELECTRONICS_MANUFACTURING": 30250, 
    "MISC_DEFENSE": 4000, 
    "TELEPHONE_UTILITIES": 24250
  }, 
  "Rodney P. Frelinghuysen": {
    "COMPUTERS_INTERNET": 1000, 
    "DEFENSE_AEROSPACE": 45250, 
    "DEFENSE_ELECTRONICS": 35500, 
    "ELECTRIC_UTILITIES": 17400, 
    "ELECTRONICS_MANUFACTURING": 6000, 
    "MISC_DEFENSE": 34500, 
    "TELEPHONE_UTILITIES": 2500
  }, 
  "Roger F. Wicker": {
    "COMPUTERS_INTERNET": 1000, 
    "DEFENSE_AEROSPACE": 10000, 
    "DEFENSE_ELECTRONICS": 4000, 
    "ELECTRIC_UTILITIES": 9000, 
    "ELECTRONICS_MANUFACTURING": 12000, 
    "MISC_DEFENSE": 14000, 
    "TELEPHONE_UTILITIES": 9000
  }, 
  "Ron Kind": {
    "COMPUTERS_INTERNET": 3500, 
    "DEFENSE_AEROSPACE": 4000, 
    "DEFENSE_ELECTRONICS": 7750, 
    "ELECTRIC_UTILITIES": 4200, 
    "ELECTRONICS_MANUFACTURING": 18000, 
    "MISC_DEFENSE": 0, 
    "TELEPHONE_UTILITIES": 12750
  }, 
  "Ron Wyden": {
    "COMPUTERS_INTERNET": -500, 
    "DEFENSE_AEROSPACE": 0, 
    "DEFENSE_ELECTRONICS": 0, 
    "ELECTRIC_UTILITIES": -500, 
    "ELECTRONICS_MANUFACTURING": -500, 
    "MISC_DEFENSE": 0, 
    "TELEPHONE_UTILITIES": 0
  }, 
  "Rosa L. DeLauro": {
    "COMPUTERS_INTERNET": 0, 
    "DEFENSE_AEROSPACE": 17500, 
    "DEFENSE_ELECTRONICS": 10500, 
    "ELECTRIC_UTILITIES": 1500, 
    "ELECTRONICS_MANUFACTURING": 5800, 
    "MISC_DEFENSE": 6000, 
    "TELEPHONE_UTILITIES": 4500
  }, 
  "Roy Blunt": {
    "COMPUTERS_INTERNET": 8500, 
    "DEFENSE_AEROSPACE": 23500, 
    "DEFENSE_ELECTRONICS": 39500, 
    "ELECTRIC_UTILITIES": 32386, 
    "ELECTRONICS_MANUFACTURING": 98786, 
    "MISC_DEFENSE": 5500, 
    "TELEPHONE_UTILITIES": 58500
  }, 
  "Rub\u00e9n Hinojosa": {
    "COMPUTERS_INTERNET": 750, 
    "DEFENSE_AEROSPACE": 2000, 
    "DEFENSE_ELECTRONICS": 5250, 
    "ELECTRIC_UTILITIES": 2500, 
    "ELECTRONICS_MANUFACTURING": 4000, 
    "MISC_DEFENSE": 5000, 
    "TELEPHONE_UTILITIES": 3500
  }, 
  "Rush Holt": {
    "COMPUTERS_INTERNET": 1500, 
    "DEFENSE_AEROSPACE": 2500, 
    "DEFENSE_ELECTRONICS": 11000, 
    "ELECTRIC_UTILITIES": 14250, 
    "ELECTRONICS_MANUFACTURING": 7000, 
    "MISC_DEFENSE": 11500, 
    "TELEPHONE_UTILITIES": 1500
  }, 
  "Sam Farr": {
    "COMPUTERS_INTERNET": 3500, 
    "DEFENSE_AEROSPACE": 2000, 
    "DEFENSE_ELECTRONICS": 7750, 
    "ELECTRIC_UTILITIES": 14000, 
    "ELECTRONICS_MANUFACTURING": 8750, 
    "MISC_DEFENSE": 6000, 
    "TELEPHONE_UTILITIES": 4750
  }, 
  "Sam Graves": {
    "COMPUTERS_INTERNET": 250, 
    "DEFENSE_AEROSPACE": 5000, 
    "DEFENSE_ELECTRONICS": 9000, 
    "ELECTRIC_UTILITIES": 5500, 
    "ELECTRONICS_MANUFACTURING": 10000, 
    "MISC_DEFENSE": 1000, 
    "TELEPHONE_UTILITIES": 10000
  }, 
  "Sam Johnson": {
    "COMPUTERS_INTERNET": 5000, 
    "DEFENSE_AEROSPACE": 13500, 
    "DEFENSE_ELECTRONICS": 20950, 
    "ELECTRIC_UTILITIES": 19300, 
    "ELECTRONICS_MANUFACTURING": 17300, 
    "MISC_DEFENSE": 3500, 
    "TELEPHONE_UTILITIES": 12300
  }, 
  "Sander M. Levin": {
    "COMPUTERS_INTERNET": 12000, 
    "DEFENSE_AEROSPACE": 52500, 
    "DEFENSE_ELECTRONICS": 46000, 
    "ELECTRIC_UTILITIES": 15000, 
    "ELECTRONICS_MANUFACTURING": 24000, 
    "MISC_DEFENSE": 11000, 
    "TELEPHONE_UTILITIES": 7000
  }, 
  "Sanford D. Bishop Jr.": {
    "COMPUTERS_INTERNET": 500, 
    "DEFENSE_AEROSPACE": 10800, 
    "DEFENSE_ELECTRONICS": 11000, 
    "ELECTRIC_UTILITIES": 16500, 
    "ELECTRONICS_MANUFACTURING": 15800, 
    "MISC_DEFENSE": 3000, 
    "TELEPHONE_UTILITIES": 13800
  }, 
  "Saxby Chambliss": {
    "COMPUTERS_INTERNET": 1350, 
    "DEFENSE_AEROSPACE": 43000, 
    "DEFENSE_ELECTRONICS": 43000, 
    "ELECTRIC_UTILITIES": 20500, 
    "ELECTRONICS_MANUFACTURING": 21450, 
    "MISC_DEFENSE": 24500, 
    "TELEPHONE_UTILITIES": 13950
  }, 
  "Scott Garrett": {
    "COMPUTERS_INTERNET": 0, 
    "DEFENSE_AEROSPACE": 0, 
    "DEFENSE_ELECTRONICS": 0, 
    "ELECTRIC_UTILITIES": 2250, 
    "ELECTRONICS_MANUFACTURING": 0, 
    "MISC_DEFENSE": 0, 
    "TELEPHONE_UTILITIES": 0
  }, 
  "Sheila Jackson Lee": {
    "COMPUTERS_INTERNET": 5000, 
    "DEFENSE_AEROSPACE": 3500, 
    "DEFENSE_ELECTRONICS": 13500, 
    "ELECTRIC_UTILITIES": 3500, 
    "ELECTRONICS_MANUFACTURING": 18000, 
    "MISC_DEFENSE": 2000, 
    "TELEPHONE_UTILITIES": 14000
  }, 
  "Shelley Moore Capito": {
    "COMPUTERS_INTERNET": 750, 
    "DEFENSE_AEROSPACE": 7000, 
    "DEFENSE_ELECTRONICS": 4500, 
    "ELECTRIC_UTILITIES": 4250, 
    "ELECTRONICS_MANUFACTURING": 9500, 
    "MISC_DEFENSE": 2000, 
    "TELEPHONE_UTILITIES": 7500
  }, 
  "Sherrod Brown": {
    "COMPUTERS_INTERNET": 500, 
    "DEFENSE_AEROSPACE": 8500, 
    "DEFENSE_ELECTRONICS": 6000, 
    "ELECTRIC_UTILITIES": 19500, 
    "ELECTRONICS_MANUFACTURING": 23500, 
    "MISC_DEFENSE": 500, 
    "TELEPHONE_UTILITIES": 14500
  }, 
  "Spencer Bachus": {
    "COMPUTERS_INTERNET": 3000, 
    "DEFENSE_AEROSPACE": 4500, 
    "DEFENSE_ELECTRONICS": 9000, 
    "ELECTRIC_UTILITIES": 11000, 
    "ELECTRONICS_MANUFACTURING": 24000, 
    "MISC_DEFENSE": 0, 
    "TELEPHONE_UTILITIES": 18000
  }, 
  "Steny H. Hoyer": {
    "COMPUTERS_INTERNET": 13000, 
    "DEFENSE_AEROSPACE": 47000, 
    "DEFENSE_ELECTRONICS": 65750, 
    "ELECTRIC_UTILITIES": 23000, 
    "ELECTRONICS_MANUFACTURING": 48000, 
    "MISC_DEFENSE": 38750, 
    "TELEPHONE_UTILITIES": 24500
  }, 
  "Stevan Pearce": {
    "COMPUTERS_INTERNET": 0, 
    "DEFENSE_AEROSPACE": 0, 
    "DEFENSE_ELECTRONICS": 0, 
    "ELECTRIC_UTILITIES": 0, 
    "ELECTRONICS_MANUFACTURING": 0, 
    "MISC_DEFENSE": 0, 
    "TELEPHONE_UTILITIES": 0
  }, 
  "Steve Chabot": {
    "COMPUTERS_INTERNET": 7500, 
    "DEFENSE_AEROSPACE": 18500, 
    "DEFENSE_ELECTRONICS": 22000, 
    "ELECTRIC_UTILITIES": 4500, 
    "ELECTRONICS_MANUFACTURING": 53495, 
    "MISC_DEFENSE": 1000, 
    "TELEPHONE_UTILITIES": 33500
  }, 
  "Steve Israel": {
    "COMPUTERS_INTERNET": 0, 
    "DEFENSE_AEROSPACE": 0, 
    "DEFENSE_ELECTRONICS": 0, 
    "ELECTRIC_UTILITIES": 0, 
    "ELECTRONICS_MANUFACTURING": 3000, 
    "MISC_DEFENSE": 0, 
    "TELEPHONE_UTILITIES": 0
  }, 
  "Steve Scalise": {
    "COMPUTERS_INTERNET": 0, 
    "DEFENSE_AEROSPACE": 0, 
    "DEFENSE_ELECTRONICS": 0, 
    "ELECTRIC_UTILITIES": 0, 
    "ELECTRONICS_MANUFACTURING": 0, 
    "MISC_DEFENSE": 0, 
    "TELEPHONE_UTILITIES": 0
  }, 
  "Steve Stockman": {
    "COMPUTERS_INTERNET": 0, 
    "DEFENSE_AEROSPACE": 0, 
    "DEFENSE_ELECTRONICS": 0, 
    "ELECTRIC_UTILITIES": 0, 
    "ELECTRONICS_MANUFACTURING": 0, 
    "MISC_DEFENSE": 0, 
    "TELEPHONE_UTILITIES": 0
  }, 
  "Susan A. Davis": {
    "COMPUTERS_INTERNET": 250, 
    "DEFENSE_AEROSPACE": 0, 
    "DEFENSE_ELECTRONICS": 0, 
    "ELECTRIC_UTILITIES": 0, 
    "ELECTRONICS_MANUFACTURING": 0, 
    "MISC_DEFENSE": 0, 
    "TELEPHONE_UTILITIES": 0
  }, 
  "Susan M. Collins": {
    "COMPUTERS_INTERNET": 1000, 
    "DEFENSE_AEROSPACE": 1000, 
    "DEFENSE_ELECTRONICS": 1000, 
    "ELECTRIC_UTILITIES": 0, 
    "ELECTRONICS_MANUFACTURING": 1000, 
    "MISC_DEFENSE": 1000, 
    "TELEPHONE_UTILITIES": 0
  }, 
  "Tammy Baldwin": {
    "COMPUTERS_INTERNET": 500, 
    "DEFENSE_AEROSPACE": 1800, 
    "DEFENSE_ELECTRONICS": 5500, 
    "ELECTRIC_UTILITIES": 1500, 
    "ELECTRONICS_MANUFACTURING": 10000, 
    "MISC_DEFENSE": 0, 
    "TELEPHONE_UTILITIES": 8500
  }, 
  "Thad Cochran": {
    "COMPUTERS_INTERNET": 0, 
    "DEFENSE_AEROSPACE": 2000, 
    "DEFENSE_ELECTRONICS": 0, 
    "ELECTRIC_UTILITIES": 0, 
    "ELECTRONICS_MANUFACTURING": 1000, 
    "MISC_DEFENSE": 1000, 
    "TELEPHONE_UTILITIES": 1000
  }, 
  "Thomas E. Petri": {
    "COMPUTERS_INTERNET": 3500, 
    "DEFENSE_AEROSPACE": 4000, 
    "DEFENSE_ELECTRONICS": 7250, 
    "ELECTRIC_UTILITIES": 2550, 
    "ELECTRONICS_MANUFACTURING": 9500, 
    "MISC_DEFENSE": 7750, 
    "TELEPHONE_UTILITIES": 7500
  }, 
  "Thomas R. Carper": {
    "COMPUTERS_INTERNET": 3000, 
    "DEFENSE_AEROSPACE": 0, 
    "DEFENSE_ELECTRONICS": 2500, 
    "ELECTRIC_UTILITIES": 0, 
    "ELECTRONICS_MANUFACTURING": 4000, 
    "MISC_DEFENSE": 2000, 
    "TELEPHONE_UTILITIES": 3500
  }, 
  "Tim Johnson": {
    "COMPUTERS_INTERNET": 4250, 
    "DEFENSE_AEROSPACE": 5000, 
    "DEFENSE_ELECTRONICS": 4500, 
    "ELECTRIC_UTILITIES": 11000, 
    "ELECTRONICS_MANUFACTURING": 11750, 
    "MISC_DEFENSE": 500, 
    "TELEPHONE_UTILITIES": 4000
  }, 
  "Tom Coburn": {
    "COMPUTERS_INTERNET": 0, 
    "DEFENSE_AEROSPACE": 0, 
    "DEFENSE_ELECTRONICS": 0, 
    "ELECTRIC_UTILITIES": 0, 
    "ELECTRONICS_MANUFACTURING": 0, 
    "MISC_DEFENSE": 0, 
    "TELEPHONE_UTILITIES": 0
  }, 
  "Tom Harkin": {
    "COMPUTERS_INTERNET": 0, 
    "DEFENSE_AEROSPACE": 1500, 
    "DEFENSE_ELECTRONICS": 1000, 
    "ELECTRIC_UTILITIES": 1000, 
    "ELECTRONICS_MANUFACTURING": 0, 
    "MISC_DEFENSE": 1000, 
    "TELEPHONE_UTILITIES": 0
  }, 
  "Tom Latham": {
    "COMPUTERS_INTERNET": 0, 
    "DEFENSE_AEROSPACE": 1000, 
    "DEFENSE_ELECTRONICS": 4000, 
    "ELECTRIC_UTILITIES": 11750, 
    "ELECTRONICS_MANUFACTURING": 9750, 
    "MISC_DEFENSE": 3500, 
    "TELEPHONE_UTILITIES": 9250
  }, 
  "Tom Udall": {
    "COMPUTERS_INTERNET": 0, 
    "DEFENSE_AEROSPACE": 1000, 
    "DEFENSE_ELECTRONICS": 2000, 
    "ELECTRIC_UTILITIES": 6500, 
    "ELECTRONICS_MANUFACTURING": 3250, 
    "MISC_DEFENSE": 500, 
    "TELEPHONE_UTILITIES": 2500
  }, 
  "Walter B. Jones": {
    "COMPUTERS_INTERNET": 1000, 
    "DEFENSE_AEROSPACE": 41500, 
    "DEFENSE_ELECTRONICS": 33250, 
    "ELECTRIC_UTILITIES": 23000, 
    "ELECTRONICS_MANUFACTURING": 18000, 
    "MISC_DEFENSE": 19500, 
    "TELEPHONE_UTILITIES": 16750
  }, 
  "Wm. Lacy Clay": {
    "COMPUTERS_INTERNET": 1000, 
    "DEFENSE_AEROSPACE": 1500, 
    "DEFENSE_ELECTRONICS": 4000, 
    "ELECTRIC_UTILITIES": 1500, 
    "ELECTRONICS_MANUFACTURING": 4000, 
    "MISC_DEFENSE": 2500, 
    "TELEPHONE_UTILITIES": 3000
  }, 
  "Xavier Becerra": {
    "COMPUTERS_INTERNET": 3500, 
    "DEFENSE_AEROSPACE": 8500, 
    "DEFENSE_ELECTRONICS": 17500, 
    "ELECTRIC_UTILITIES": 17050, 
    "ELECTRONICS_MANUFACTURING": 40000, 
    "MISC_DEFENSE": 500, 
    "TELEPHONE_UTILITIES": 21500
  }, 
  "Zoe Lofgren": {
    "COMPUTERS_INTERNET": 21000, 
    "DEFENSE_AEROSPACE": 5850, 
    "DEFENSE_ELECTRONICS": 20780, 
    "ELECTRIC_UTILITIES": 5850, 
    "ELECTRONICS_MANUFACTURING": 32500, 
    "MISC_DEFENSE": 5000, 
    "TELEPHONE_UTILITIES": 14000
  }
}