{
  "Adam B. Schiff": {
    "COMPUTERS_INTERNET": 5500, 
    "DEFENSE_AEROSPACE": 7000, 
    "DEFENSE_ELECTRONICS": 12000, 
    "ELECTRIC_UTILITIES": 9000, 
    "ELECTRONICS_MANUFACTURING": 47000, 
    "MISC_DEFENSE": 14000, 
    "TELEPHONE_UTILITIES": 19000
  }, 
  "Adam Smith": {
    "COMPUTERS_INTERNET": 36000, 
    "DEFENSE_AEROSPACE": 24500, 
    "DEFENSE_ELECTRONICS": 25500, 
    "ELECTRIC_UTILITIES": 1500, 
    "ELECTRONICS_MANUFACTURING": 45000, 
    "MISC_DEFENSE": 6000, 
    "TELEPHONE_UTILITIES": 18000
  }, 
  "Alcee L. Hastings": {
    "COMPUTERS_INTERNET": 1000, 
    "DEFENSE_AEROSPACE": 2000, 
    "DEFENSE_ELECTRONICS": 2000, 
    "ELECTRIC_UTILITIES": 3000, 
    "ELECTRONICS_MANUFACTURING": 4000, 
    "MISC_DEFENSE": 1000, 
    "TELEPHONE_UTILITIES": 4000
  }, 
  "Allyson Y. Schwartz": {
    "COMPUTERS_INTERNET": 0, 
    "DEFENSE_AEROSPACE": 0, 
    "DEFENSE_ELECTRONICS": 0, 
    "ELECTRIC_UTILITIES": 0, 
    "ELECTRONICS_MANUFACTURING": 0, 
    "MISC_DEFENSE": 0, 
    "TELEPHONE_UTILITIES": 0
  }, 
  "Ander Crenshaw": {
    "COMPUTERS_INTERNET": 0, 
    "DEFENSE_AEROSPACE": 13500, 
    "DEFENSE_ELECTRONICS": 13500, 
    "ELECTRIC_UTILITIES": 7500, 
    "ELECTRONICS_MANUFACTURING": 6500, 
    "MISC_DEFENSE": 11500, 
    "TELEPHONE_UTILITIES": 4500
  }, 
  "Anna G. Eshoo": {
    "COMPUTERS_INTERNET": 23720, 
    "DEFENSE_AEROSPACE": 12500, 
    "DEFENSE_ELECTRONICS": 21000, 
    "ELECTRIC_UTILITIES": 9000, 
    "ELECTRONICS_MANUFACTURING": 60483, 
    "MISC_DEFENSE": 4000, 
    "TELEPHONE_UTILITIES": 23000
  }, 
  "Barbara A. Mikulski": {
    "COMPUTERS_INTERNET": 1000, 
    "DEFENSE_AEROSPACE": 26000, 
    "DEFENSE_ELECTRONICS": 30000, 
    "ELECTRIC_UTILITIES": 2000, 
    "ELECTRONICS_MANUFACTURING": 9000, 
    "MISC_DEFENSE": 12000, 
    "TELEPHONE_UTILITIES": 5000
  }, 
  "Barbara Boxer": {
    "COMPUTERS_INTERNET": 6500, 
    "DEFENSE_AEROSPACE": 1500, 
    "DEFENSE_ELECTRONICS": 5028, 
    "ELECTRIC_UTILITIES": 0, 
    "ELECTRONICS_MANUFACTURING": 27000, 
    "MISC_DEFENSE": 0, 
    "TELEPHONE_UTILITIES": 12000
  }, 
  "Barbara Lee": {
    "COMPUTERS_INTERNET": 0, 
    "DEFENSE_AEROSPACE": 0, 
    "DEFENSE_ELECTRONICS": -500, 
    "ELECTRIC_UTILITIES": 1500, 
    "ELECTRONICS_MANUFACTURING": -500, 
    "MISC_DEFENSE": 0, 
    "TELEPHONE_UTILITIES": -500
  }, 
  "Benjamin L. Cardin": {
    "COMPUTERS_INTERNET": 2000, 
    "DEFENSE_AEROSPACE": 15500, 
    "DEFENSE_ELECTRONICS": 11500, 
    "ELECTRIC_UTILITIES": 30000, 
    "ELECTRONICS_MANUFACTURING": 16500, 
    "MISC_DEFENSE": 11500, 
    "TELEPHONE_UTILITIES": 10500
  }, 
  "Bennie G. Thompson": {
    "COMPUTERS_INTERNET": 0, 
    "DEFENSE_AEROSPACE": 8000, 
    "DEFENSE_ELECTRONICS": 8000, 
    "ELECTRIC_UTILITIES": 6000, 
    "ELECTRONICS_MANUFACTURING": 9000, 
    "MISC_DEFENSE": 0, 
    "TELEPHONE_UTILITIES": 8500
  }, 
  "Bernard Sanders": {
    "COMPUTERS_INTERNET": 0, 
    "DEFENSE_AEROSPACE": 0, 
    "DEFENSE_ELECTRONICS": 0, 
    "ELECTRIC_UTILITIES": 0, 
    "ELECTRONICS_MANUFACTURING": 0, 
    "MISC_DEFENSE": 0, 
    "TELEPHONE_UTILITIES": 0
  }, 
  "Betty McCollum": {
    "COMPUTERS_INTERNET": 0, 
    "DEFENSE_AEROSPACE": 3000, 
    "DEFENSE_ELECTRONICS": 1000, 
    "ELECTRIC_UTILITIES": 2000, 
    "ELECTRONICS_MANUFACTURING": 2500, 
    "MISC_DEFENSE": 2500, 
    "TELEPHONE_UTILITIES": 2500
  }, 
  "Bill Nelson": {
    "COMPUTERS_INTERNET": 6000, 
    "DEFENSE_AEROSPACE": 41300, 
    "DEFENSE_ELECTRONICS": 47750, 
    "ELECTRIC_UTILITIES": 26350, 
    "ELECTRONICS_MANUFACTURING": 50000, 
    "MISC_DEFENSE": 23300, 
    "TELEPHONE_UTILITIES": 29000
  }, 
  "Bill Pascrell Jr.": {
    "COMPUTERS_INTERNET": 0, 
    "DEFENSE_AEROSPACE": 4600, 
    "DEFENSE_ELECTRONICS": 4700, 
    "ELECTRIC_UTILITIES": 8400, 
    "ELECTRONICS_MANUFACTURING": 2300, 
    "MISC_DEFENSE": 6100, 
    "TELEPHONE_UTILITIES": 2300
  }, 
  "Bill Shuster": {
    "COMPUTERS_INTERNET": 500, 
    "DEFENSE_AEROSPACE": 5000, 
    "DEFENSE_ELECTRONICS": 5500, 
    "ELECTRIC_UTILITIES": 16000, 
    "ELECTRONICS_MANUFACTURING": 12500, 
    "MISC_DEFENSE": 4550, 
    "TELEPHONE_UTILITIES": 10500
  }, 
  "Bob Goodlatte": {
    "COMPUTERS_INTERNET": 36500, 
    "DEFENSE_AEROSPACE": 12000, 
    "DEFENSE_ELECTRONICS": 8500, 
    "ELECTRIC_UTILITIES": 6250, 
    "ELECTRONICS_MANUFACTURING": 71000, 
    "MISC_DEFENSE": 6000, 
    "TELEPHONE_UTILITIES": 23000
  }, 
  "Bobby L. Rush": {
    "COMPUTERS_INTERNET": 1000, 
    "DEFENSE_AEROSPACE": 1140, 
    "DEFENSE_ELECTRONICS": 8196, 
    "ELECTRIC_UTILITIES": 18499, 
    "ELECTRONICS_MANUFACTURING": 32632, 
    "MISC_DEFENSE": 1000, 
    "TELEPHONE_UTILITIES": 21196
  }, 
  "Brad Sherman": {
    "COMPUTERS_INTERNET": 500, 
    "DEFENSE_AEROSPACE": 7000, 
    "DEFENSE_ELECTRONICS": 14000, 
    "ELECTRIC_UTILITIES": 3000, 
    "ELECTRONICS_MANUFACTURING": 14000, 
    "MISC_DEFENSE": 4000, 
    "TELEPHONE_UTILITIES": 11500
  }, 
  "C. A. Dutch Ruppersberger": {
    "COMPUTERS_INTERNET": 0, 
    "DEFENSE_AEROSPACE": 0, 
    "DEFENSE_ELECTRONICS": 2000, 
    "ELECTRIC_UTILITIES": 1000, 
    "ELECTRONICS_MANUFACTURING": 5000, 
    "MISC_DEFENSE": 0, 
    "TELEPHONE_UTILITIES": 5000
  }, 
  "Candice S. Miller": {
    "COMPUTERS_INTERNET": 7500, 
    "DEFENSE_AEROSPACE": 21500, 
    "DEFENSE_ELECTRONICS": 22500, 
    "ELECTRIC_UTILITIES": 15500, 
    "ELECTRONICS_MANUFACTURING": 16500, 
    "MISC_DEFENSE": 2000, 
    "TELEPHONE_UTILITIES": 11000
  }, 
  "Carl Levin": {
    "COMPUTERS_INTERNET": 7000, 
    "DEFENSE_AEROSPACE": 94400, 
    "DEFENSE_ELECTRONICS": 80900, 
    "ELECTRIC_UTILITIES": 31427, 
    "ELECTRONICS_MANUFACTURING": 34000, 
    "MISC_DEFENSE": 37000, 
    "TELEPHONE_UTILITIES": 12000
  }, 
  "Carolyn B. Maloney": {
    "COMPUTERS_INTERNET": 7000, 
    "DEFENSE_AEROSPACE": 3000, 
    "DEFENSE_ELECTRONICS": 2000, 
    "ELECTRIC_UTILITIES": 0, 
    "ELECTRONICS_MANUFACTURING": 16000, 
    "MISC_DEFENSE": 1000, 
    "TELEPHONE_UTILITIES": 11000
  }, 
  "Carolyn McCarthy": {
    "COMPUTERS_INTERNET": 1000, 
    "DEFENSE_AEROSPACE": 4500, 
    "DEFENSE_ELECTRONICS": 9000, 
    "ELECTRIC_UTILITIES": 1000, 
    "ELECTRONICS_MANUFACTURING": 16500, 
    "MISC_DEFENSE": 2500, 
    "TELEPHONE_UTILITIES": 11500
  }, 
  "Chaka Fattah": {
    "COMPUTERS_INTERNET": 0, 
    "DEFENSE_AEROSPACE": 1500, 
    "DEFENSE_ELECTRONICS": 500, 
    "ELECTRIC_UTILITIES": 7000, 
    "ELECTRONICS_MANUFACTURING": 1500, 
    "MISC_DEFENSE": 0, 
    "TELEPHONE_UTILITIES": 0
  }, 
  "Charles B. Rangel": {
    "COMPUTERS_INTERNET": 13000, 
    "DEFENSE_AEROSPACE": 23500, 
    "DEFENSE_ELECTRONICS": 21000, 
    "ELECTRIC_UTILITIES": 14070, 
    "ELECTRONICS_MANUFACTURING": 55000, 
    "MISC_DEFENSE": 8000, 
    "TELEPHONE_UTILITIES": 22000
  }, 
  "Charles E. Schumer": {
    "COMPUTERS_INTERNET": 5000, 
    "DEFENSE_AEROSPACE": 4500, 
    "DEFENSE_ELECTRONICS": 3000, 
    "ELECTRIC_UTILITIES": 8500, 
    "ELECTRONICS_MANUFACTURING": 17000, 
    "MISC_DEFENSE": 1000, 
    "TELEPHONE_UTILITIES": 8000
  }, 
  "Chellie Pingree": {
    "COMPUTERS_INTERNET": 0, 
    "DEFENSE_AEROSPACE": 0, 
    "DEFENSE_ELECTRONICS": 0, 
    "ELECTRIC_UTILITIES": 0, 
    "ELECTRONICS_MANUFACTURING": 0, 
    "MISC_DEFENSE": 0, 
    "TELEPHONE_UTILITIES": 0
  }, 
  "Chris Collins": {
    "COMPUTERS_INTERNET": 0, 
    "DEFENSE_AEROSPACE": 0, 
    "DEFENSE_ELECTRONICS": 0, 
    "ELECTRIC_UTILITIES": 0, 
    "ELECTRONICS_MANUFACTURING": 0, 
    "MISC_DEFENSE": 0, 
    "TELEPHONE_UTILITIES": 0
  }, 
  "Chris Van Hollen": {
    "COMPUTERS_INTERNET": 0, 
    "DEFENSE_AEROSPACE": 2500, 
    "DEFENSE_ELECTRONICS": 3000, 
    "ELECTRIC_UTILITIES": 2000, 
    "ELECTRONICS_MANUFACTURING": 2500, 
    "MISC_DEFENSE": 2500, 
    "TELEPHONE_UTILITIES": 2500
  }, 
  "Christopher H. Smith": {
    "COMPUTERS_INTERNET": 0, 
    "DEFENSE_AEROSPACE": 1000, 
    "DEFENSE_ELECTRONICS": 1000, 
    "ELECTRIC_UTILITIES": 2500, 
    "ELECTRONICS_MANUFACTURING": 2000, 
    "MISC_DEFENSE": 1000, 
    "TELEPHONE_UTILITIES": 1000
  }, 
  "Chuck Grassley": {
    "COMPUTERS_INTERNET": 8000, 
    "DEFENSE_AEROSPACE": 8000, 
    "DEFENSE_ELECTRONICS": 5500, 
    "ELECTRIC_UTILITIES": 17500, 
    "ELECTRONICS_MANUFACTURING": 52000, 
    "MISC_DEFENSE": 0, 
    "TELEPHONE_UTILITIES": 24000
  }, 
  "Colleen W. Hanabusa": {
    "COMPUTERS_INTERNET": 0, 
    "DEFENSE_AEROSPACE": 0, 
    "DEFENSE_ELECTRONICS": 0, 
    "ELECTRIC_UTILITIES": 0, 
    "ELECTRONICS_MANUFACTURING": 0, 
    "MISC_DEFENSE": 0, 
    "TELEPHONE_UTILITIES": 0
  }, 
  "Collin C. Peterson": {
    "COMPUTERS_INTERNET": 0, 
    "DEFENSE_AEROSPACE": 1500, 
    "DEFENSE_ELECTRONICS": 1500, 
    "ELECTRIC_UTILITIES": 2000, 
    "ELECTRONICS_MANUFACTURING": 0, 
    "MISC_DEFENSE": 2000, 
    "TELEPHONE_UTILITIES": 1000
  }, 
  "Corrine Brown": {
    "COMPUTERS_INTERNET": 0, 
    "DEFENSE_AEROSPACE": 2000, 
    "DEFENSE_ELECTRONICS": 2000, 
    "ELECTRIC_UTILITIES": 3000, 
    "ELECTRONICS_MANUFACTURING": 5000, 
    "MISC_DEFENSE": 3000, 
    "TELEPHONE_UTILITIES": 5000
  }, 
  "Dana Rohrabacher": {
    "COMPUTERS_INTERNET": 0, 
    "DEFENSE_AEROSPACE": 15000, 
    "DEFENSE_ELECTRONICS": 9000, 
    "ELECTRIC_UTILITIES": 0, 
    "ELECTRONICS_MANUFACTURING": 1000, 
    "MISC_DEFENSE": 3000, 
    "TELEPHONE_UTILITIES": 1000
  }, 
  "Daniel Coats": {
    "COMPUTERS_INTERNET": 0, 
    "DEFENSE_AEROSPACE": 0, 
    "DEFENSE_ELECTRONICS": 0, 
    "ELECTRIC_UTILITIES": 0, 
    "ELECTRONICS_MANUFACTURING": 0, 
    "MISC_DEFENSE": 0, 
    "TELEPHONE_UTILITIES": 0
  }, 
  "Danny K. Davis": {
    "COMPUTERS_INTERNET": 0, 
    "DEFENSE_AEROSPACE": 4500, 
    "DEFENSE_ELECTRONICS": 10500, 
    "ELECTRIC_UTILITIES": 8000, 
    "ELECTRONICS_MANUFACTURING": 8500, 
    "MISC_DEFENSE": 1000, 
    "TELEPHONE_UTILITIES": 8500
  }, 
  "Darrell E. Issa": {
    "COMPUTERS_INTERNET": 20500, 
    "DEFENSE_AEROSPACE": 13000, 
    "DEFENSE_ELECTRONICS": 31250, 
    "ELECTRIC_UTILITIES": 19500, 
    "ELECTRONICS_MANUFACTURING": 45500, 
    "MISC_DEFENSE": 16500, 
    "TELEPHONE_UTILITIES": 14000
  }, 
  "Dave Camp": {
    "COMPUTERS_INTERNET": 1000, 
    "DEFENSE_AEROSPACE": 15100, 
    "DEFENSE_ELECTRONICS": 11525, 
    "ELECTRIC_UTILITIES": 25650, 
    "ELECTRONICS_MANUFACTURING": 12175, 
    "MISC_DEFENSE": 0, 
    "TELEPHONE_UTILITIES": 8675
  }, 
  "David E. Price": {
    "COMPUTERS_INTERNET": 2100, 
    "DEFENSE_AEROSPACE": 6500, 
    "DEFENSE_ELECTRONICS": 3000, 
    "ELECTRIC_UTILITIES": 9000, 
    "ELECTRONICS_MANUFACTURING": 15500, 
    "MISC_DEFENSE": 3000, 
    "TELEPHONE_UTILITIES": 10500
  }, 
  "David Scott": {
    "COMPUTERS_INTERNET": 0, 
    "DEFENSE_AEROSPACE": 3000, 
    "DEFENSE_ELECTRONICS": 2000, 
    "ELECTRIC_UTILITIES": 6000, 
    "ELECTRONICS_MANUFACTURING": 10500, 
    "MISC_DEFENSE": 0, 
    "TELEPHONE_UTILITIES": 9500
  }, 
  "David Vitter": {
    "COMPUTERS_INTERNET": 5000, 
    "DEFENSE_AEROSPACE": 24500, 
    "DEFENSE_ELECTRONICS": 23500, 
    "ELECTRIC_UTILITIES": 8500, 
    "ELECTRONICS_MANUFACTURING": 13000, 
    "MISC_DEFENSE": 14000, 
    "TELEPHONE_UTILITIES": 9500
  }, 
  "Debbie Stabenow": {
    "COMPUTERS_INTERNET": 3000, 
    "DEFENSE_AEROSPACE": 25000, 
    "DEFENSE_ELECTRONICS": 18000, 
    "ELECTRIC_UTILITIES": 9000, 
    "ELECTRONICS_MANUFACTURING": 12500, 
    "MISC_DEFENSE": 0, 
    "TELEPHONE_UTILITIES": 4500
  }, 
  "Devin Nunes": {
    "COMPUTERS_INTERNET": 2500, 
    "DEFENSE_AEROSPACE": 4500, 
    "DEFENSE_ELECTRONICS": 4000, 
    "ELECTRIC_UTILITIES": 10500, 
    "ELECTRONICS_MANUFACTURING": 10500, 
    "MISC_DEFENSE": 2000, 
    "TELEPHONE_UTILITIES": 4000
  }, 
  "Diana DeGette": {
    "COMPUTERS_INTERNET": 4000, 
    "DEFENSE_AEROSPACE": 1000, 
    "DEFENSE_ELECTRONICS": 18000, 
    "ELECTRIC_UTILITIES": 3500, 
    "ELECTRONICS_MANUFACTURING": 50302, 
    "MISC_DEFENSE": 0, 
    "TELEPHONE_UTILITIES": 16900
  }, 
  "Dianne Feinstein": {
    "COMPUTERS_INTERNET": -500, 
    "DEFENSE_AEROSPACE": 2000, 
    "DEFENSE_ELECTRONICS": 2000, 
    "ELECTRIC_UTILITIES": 1000, 
    "ELECTRONICS_MANUFACTURING": 4000, 
    "MISC_DEFENSE": 1000, 
    "TELEPHONE_UTILITIES": 1500
  }, 
  "Doc Hastings": {
    "COMPUTERS_INTERNET": 7000, 
    "DEFENSE_AEROSPACE": 6000, 
    "DEFENSE_ELECTRONICS": 8000, 
    "ELECTRIC_UTILITIES": 6500, 
    "ELECTRONICS_MANUFACTURING": 10500, 
    "MISC_DEFENSE": 15500, 
    "TELEPHONE_UTILITIES": 500
  }, 
  "Don Young": {
    "COMPUTERS_INTERNET": 2000, 
    "DEFENSE_AEROSPACE": 25000, 
    "DEFENSE_ELECTRONICS": 26500, 
    "ELECTRIC_UTILITIES": 24000, 
    "ELECTRONICS_MANUFACTURING": 16000, 
    "MISC_DEFENSE": 30500, 
    "TELEPHONE_UTILITIES": 1000
  }, 
  "Donna M. Christensen": {
    "COMPUTERS_INTERNET": 0, 
    "DEFENSE_AEROSPACE": 0, 
    "DEFENSE_ELECTRONICS": 0, 
    "ELECTRIC_UTILITIES": 1000, 
    "ELECTRONICS_MANUFACTURING": 0, 
    "MISC_DEFENSE": 0, 
    "TELEPHONE_UTILITIES": 0
  }, 
  "Earl Blumenauer": {
    "COMPUTERS_INTERNET": 2000, 
    "DEFENSE_AEROSPACE": 3400, 
    "DEFENSE_ELECTRONICS": 3500, 
    "ELECTRIC_UTILITIES": 500, 
    "ELECTRONICS_MANUFACTURING": 7400, 
    "MISC_DEFENSE": 2850, 
    "TELEPHONE_UTILITIES": 3500
  }, 
  "Ed Pastor": {
    "COMPUTERS_INTERNET": 1000, 
    "DEFENSE_AEROSPACE": 20000, 
    "DEFENSE_ELECTRONICS": 27500, 
    "ELECTRIC_UTILITIES": 24500, 
    "ELECTRONICS_MANUFACTURING": 16500, 
    "MISC_DEFENSE": 15800, 
    "TELEPHONE_UTILITIES": 11000
  }, 
  "Ed Whitfield": {
    "COMPUTERS_INTERNET": 4500, 
    "DEFENSE_AEROSPACE": 13500, 
    "DEFENSE_ELECTRONICS": 15000, 
    "ELECTRIC_UTILITIES": 32000, 
    "ELECTRONICS_MANUFACTURING": 49000, 
    "MISC_DEFENSE": 1000, 
    "TELEPHONE_UTILITIES": 30000
  }, 
  "Eddie Bernice Johnson": {
    "COMPUTERS_INTERNET": 3500, 
    "DEFENSE_AEROSPACE": 12500, 
    "DEFENSE_ELECTRONICS": 10500, 
    "ELECTRIC_UTILITIES": 12000, 
    "ELECTRONICS_MANUFACTURING": 7500, 
    "MISC_DEFENSE": 2000, 
    "TELEPHONE_UTILITIES": 3500
  }, 
  "Edward J. Markey": {
    "COMPUTERS_INTERNET": 0, 
    "DEFENSE_AEROSPACE": 0, 
    "DEFENSE_ELECTRONICS": 0, 
    "ELECTRIC_UTILITIES": 0, 
    "ELECTRONICS_MANUFACTURING": 0, 
    "MISC_DEFENSE": 0, 
    "TELEPHONE_UTILITIES": 0
  }, 
  "Edward R. Royce": {
    "COMPUTERS_INTERNET": 1000, 
    "DEFENSE_AEROSPACE": 3000, 
    "DEFENSE_ELECTRONICS": 6000, 
    "ELECTRIC_UTILITIES": 3000, 
    "ELECTRONICS_MANUFACTURING": 10250, 
    "MISC_DEFENSE": 400, 
    "TELEPHONE_UTILITIES": 5250
  }, 
  "Eleanor Holmes Norton": {
    "COMPUTERS_INTERNET": 0, 
    "DEFENSE_AEROSPACE": 0, 
    "DEFENSE_ELECTRONICS": 0, 
    "ELECTRIC_UTILITIES": 0, 
    "ELECTRONICS_MANUFACTURING": 1000, 
    "MISC_DEFENSE": 0, 
    "TELEPHONE_UTILITIES": 1000
  }, 
  "Elijah E. Cummings": {
    "COMPUTERS_INTERNET": 1000, 
    "DEFENSE_AEROSPACE": 1500, 
    "DEFENSE_ELECTRONICS": 3000, 
    "ELECTRIC_UTILITIES": 3500, 
    "ELECTRONICS_MANUFACTURING": 7000, 
    "MISC_DEFENSE": 1000, 
    "TELEPHONE_UTILITIES": 7000
  }, 
  "Eliot L. Engel": {
    "COMPUTERS_INTERNET": 4250, 
    "DEFENSE_AEROSPACE": 2500, 
    "DEFENSE_ELECTRONICS": 12500, 
    "ELECTRIC_UTILITIES": 9000, 
    "ELECTRONICS_MANUFACTURING": 65500, 
    "MISC_DEFENSE": 1500, 
    "TELEPHONE_UTILITIES": 31500
  }, 
  "Eni F. H. Faleomavaega": {
    "COMPUTERS_INTERNET": 0, 
    "DEFENSE_AEROSPACE": 0, 
    "DEFENSE_ELECTRONICS": 0, 
    "ELECTRIC_UTILITIES": 3000, 
    "ELECTRONICS_MANUFACTURING": 0, 
    "MISC_DEFENSE": 2000, 
    "TELEPHONE_UTILITIES": 0
  }, 
  "Eric Cantor": {
    "COMPUTERS_INTERNET": 6500, 
    "DEFENSE_AEROSPACE": 23500, 
    "DEFENSE_ELECTRONICS": 5500, 
    "ELECTRIC_UTILITIES": 12500, 
    "ELECTRONICS_MANUFACTURING": 18500, 
    "MISC_DEFENSE": 12000, 
    "TELEPHONE_UTILITIES": 7000
  }, 
  "F. James Sensenbrenner Jr.": {
    "COMPUTERS_INTERNET": 19101, 
    "DEFENSE_AEROSPACE": 13500, 
    "DEFENSE_ELECTRONICS": 16000, 
    "ELECTRIC_UTILITIES": 0, 
    "ELECTRONICS_MANUFACTURING": 59779, 
    "MISC_DEFENSE": 3000, 
    "TELEPHONE_UTILITIES": 21500
  }, 
  "Frank A. LoBiondo": {
    "COMPUTERS_INTERNET": 0, 
    "DEFENSE_AEROSPACE": 8000, 
    "DEFENSE_ELECTRONICS": 10000, 
    "ELECTRIC_UTILITIES": 6500, 
    "ELECTRONICS_MANUFACTURING": 3250, 
    "MISC_DEFENSE": 2000, 
    "TELEPHONE_UTILITIES": 3000
  }, 
  "Frank D. Lucas": {
    "COMPUTERS_INTERNET": 0, 
    "DEFENSE_AEROSPACE": 0, 
    "DEFENSE_ELECTRONICS": 4000, 
    "ELECTRIC_UTILITIES": 9243, 
    "ELECTRONICS_MANUFACTURING": 4000, 
    "MISC_DEFENSE": 1000, 
    "TELEPHONE_UTILITIES": 5500
  }, 
  "Frank Pallone Jr.": {
    "COMPUTERS_INTERNET": 1000, 
    "DEFENSE_AEROSPACE": 0, 
    "DEFENSE_ELECTRONICS": 5000, 
    "ELECTRIC_UTILITIES": 28000, 
    "ELECTRONICS_MANUFACTURING": 26500, 
    "MISC_DEFENSE": 0, 
    "TELEPHONE_UTILITIES": 8000
  }, 
  "Frank R. Wolf": {
    "COMPUTERS_INTERNET": 12500, 
    "DEFENSE_AEROSPACE": 29000, 
    "DEFENSE_ELECTRONICS": 28000, 
    "ELECTRIC_UTILITIES": 3000, 
    "ELECTRONICS_MANUFACTURING": 25000, 
    "MISC_DEFENSE": 22000, 
    "TELEPHONE_UTILITIES": 13500
  }, 
  "Fred Upton": {
    "COMPUTERS_INTERNET": 30500, 
    "DEFENSE_AEROSPACE": 34000, 
    "DEFENSE_ELECTRONICS": 40000, 
    "ELECTRIC_UTILITIES": 25500, 
    "ELECTRONICS_MANUFACTURING": 112228, 
    "MISC_DEFENSE": 500, 
    "TELEPHONE_UTILITIES": 34100
  }, 
  "Gary G. Miller": {
    "COMPUTERS_INTERNET": 0, 
    "DEFENSE_AEROSPACE": 8000, 
    "DEFENSE_ELECTRONICS": 11000, 
    "ELECTRIC_UTILITIES": 1500, 
    "ELECTRONICS_MANUFACTURING": 13500, 
    "MISC_DEFENSE": 500, 
    "TELEPHONE_UTILITIES": 11000
  }, 
  "Gene Green": {
    "COMPUTERS_INTERNET": 2000, 
    "DEFENSE_AEROSPACE": 7500, 
    "DEFENSE_ELECTRONICS": 15000, 
    "ELECTRIC_UTILITIES": 42000, 
    "ELECTRONICS_MANUFACTURING": 43624, 
    "MISC_DEFENSE": 5000, 
    "TELEPHONE_UTILITIES": 24750
  }, 
  "George Miller": {
    "COMPUTERS_INTERNET": 2000, 
    "DEFENSE_AEROSPACE": 0, 
    "DEFENSE_ELECTRONICS": 500, 
    "ELECTRIC_UTILITIES": 2500, 
    "ELECTRONICS_MANUFACTURING": 1500, 
    "MISC_DEFENSE": 0, 
    "TELEPHONE_UTILITIES": 500
  }, 
  "Grace F. Napolitano": {
    "COMPUTERS_INTERNET": 1500, 
    "DEFENSE_AEROSPACE": 3500, 
    "DEFENSE_ELECTRONICS": 3000, 
    "ELECTRIC_UTILITIES": 7000, 
    "ELECTRONICS_MANUFACTURING": 5625, 
    "MISC_DEFENSE": 0, 
    "TELEPHONE_UTILITIES": 4125
  }, 
  "Greg Walden": {
    "COMPUTERS_INTERNET": 7000, 
    "DEFENSE_AEROSPACE": 4500, 
    "DEFENSE_ELECTRONICS": 11400, 
    "ELECTRIC_UTILITIES": 29756, 
    "ELECTRONICS_MANUFACTURING": 41540, 
    "MISC_DEFENSE": 1000, 
    "TELEPHONE_UTILITIES": 18000
  }, 
  "Gregory W. Meeks": {
    "COMPUTERS_INTERNET": 1000, 
    "DEFENSE_AEROSPACE": 2500, 
    "DEFENSE_ELECTRONICS": 5500, 
    "ELECTRIC_UTILITIES": 1000, 
    "ELECTRONICS_MANUFACTURING": 12000, 
    "MISC_DEFENSE": 0, 
    "TELEPHONE_UTILITIES": 10000
  }, 
  "Harold Rogers": {
    "COMPUTERS_INTERNET": 5000, 
    "DEFENSE_AEROSPACE": 38000, 
    "DEFENSE_ELECTRONICS": 35500, 
    "ELECTRIC_UTILITIES": 8000, 
    "ELECTRONICS_MANUFACTURING": 28000, 
    "MISC_DEFENSE": 23500, 
    "TELEPHONE_UTILITIES": 10000
  }, 
  "Harry Reid": {
    "COMPUTERS_INTERNET": 2000, 
    "DEFENSE_AEROSPACE": 4000, 
    "DEFENSE_ELECTRONICS": 18000, 
    "ELECTRIC_UTILITIES": 4500, 
    "ELECTRONICS_MANUFACTURING": 17500, 
    "MISC_DEFENSE": 8405, 
    "TELEPHONE_UTILITIES": 13000
  }, 
  "Henry A. Waxman": {
    "COMPUTERS_INTERNET": 2000, 
    "DEFENSE_AEROSPACE": 3000, 
    "DEFENSE_ELECTRONICS": 2500, 
    "ELECTRIC_UTILITIES": 4500, 
    "ELECTRONICS_MANUFACTURING": 53000, 
    "MISC_DEFENSE": 4000, 
    "TELEPHONE_UTILITIES": 9000
  }, 
  "Henry Cuellar": {
    "COMPUTERS_INTERNET": 0, 
    "DEFENSE_AEROSPACE": 0, 
    "DEFENSE_ELECTRONICS": 0, 
    "ELECTRIC_UTILITIES": 0, 
    "ELECTRONICS_MANUFACTURING": 0, 
    "MISC_DEFENSE": 0, 
    "TELEPHONE_UTILITIES": 0
  }, 
  "Howard Coble": {
    "COMPUTERS_INTERNET": 7500, 
    "DEFENSE_AEROSPACE": 15000, 
    "DEFENSE_ELECTRONICS": 18000, 
    "ELECTRIC_UTILITIES": 10000, 
    "ELECTRONICS_MANUFACTURING": 36367, 
    "MISC_DEFENSE": 10000, 
    "TELEPHONE_UTILITIES": 13500
  }, 
  "Howard P. \"Buck\" McKeon": {
    "COMPUTERS_INTERNET": 6500, 
    "DEFENSE_AEROSPACE": 60000, 
    "DEFENSE_ELECTRONICS": 58000, 
    "ELECTRIC_UTILITIES": 11500, 
    "ELECTRONICS_MANUFACTURING": 13500, 
    "MISC_DEFENSE": 39000, 
    "TELEPHONE_UTILITIES": 8500
  }, 
  "Ileana Ros-Lehtinen": {
    "COMPUTERS_INTERNET": 500, 
    "DEFENSE_AEROSPACE": 3000, 
    "DEFENSE_ELECTRONICS": 4000, 
    "ELECTRIC_UTILITIES": 5500, 
    "ELECTRONICS_MANUFACTURING": 8000, 
    "MISC_DEFENSE": 500, 
    "TELEPHONE_UTILITIES": 7000
  }, 
  "J. Randy Forbes": {
    "COMPUTERS_INTERNET": 11250, 
    "DEFENSE_AEROSPACE": 41000, 
    "DEFENSE_ELECTRONICS": 31750, 
    "ELECTRIC_UTILITIES": 8700, 
    "ELECTRONICS_MANUFACTURING": 30000, 
    "MISC_DEFENSE": 39000, 
    "TELEPHONE_UTILITIES": 18000
  }, 
  "Jack Kingston": {
    "COMPUTERS_INTERNET": 1000, 
    "DEFENSE_AEROSPACE": 18000, 
    "DEFENSE_ELECTRONICS": 15000, 
    "ELECTRIC_UTILITIES": 17000, 
    "ELECTRONICS_MANUFACTURING": 9000, 
    "MISC_DEFENSE": 13000, 
    "TELEPHONE_UTILITIES": 7500
  }, 
  "Jack Reed": {
    "COMPUTERS_INTERNET": 10500, 
    "DEFENSE_AEROSPACE": 43000, 
    "DEFENSE_ELECTRONICS": 42400, 
    "ELECTRIC_UTILITIES": 6000, 
    "ELECTRONICS_MANUFACTURING": 36700, 
    "MISC_DEFENSE": 26000, 
    "TELEPHONE_UTILITIES": 14200
  }, 
  "James E. Clyburn": {
    "COMPUTERS_INTERNET": 0, 
    "DEFENSE_AEROSPACE": 0, 
    "DEFENSE_ELECTRONICS": 0, 
    "ELECTRIC_UTILITIES": 0, 
    "ELECTRONICS_MANUFACTURING": 0, 
    "MISC_DEFENSE": 0, 
    "TELEPHONE_UTILITIES": 0
  }, 
  "James M. Inhofe": {
    "COMPUTERS_INTERNET": 9000, 
    "DEFENSE_AEROSPACE": 83000, 
    "DEFENSE_ELECTRONICS": 47500, 
    "ELECTRIC_UTILITIES": 97372, 
    "ELECTRONICS_MANUFACTURING": 35500, 
    "MISC_DEFENSE": 48062, 
    "TELEPHONE_UTILITIES": 17500
  }, 
  "James P. McGovern": {
    "COMPUTERS_INTERNET": 0, 
    "DEFENSE_AEROSPACE": 500, 
    "DEFENSE_ELECTRONICS": 2500, 
    "ELECTRIC_UTILITIES": 3500, 
    "ELECTRONICS_MANUFACTURING": 1500, 
    "MISC_DEFENSE": 0, 
    "TELEPHONE_UTILITIES": 1500
  }, 
  "James P. Moran": {
    "COMPUTERS_INTERNET": 28000, 
    "DEFENSE_AEROSPACE": 67000, 
    "DEFENSE_ELECTRONICS": 71500, 
    "ELECTRIC_UTILITIES": 3000, 
    "ELECTRONICS_MANUFACTURING": 37750, 
    "MISC_DEFENSE": 41000, 
    "TELEPHONE_UTILITIES": 16750
  }, 
  "James R. Langevin": {
    "COMPUTERS_INTERNET": 2000, 
    "DEFENSE_AEROSPACE": 18500, 
    "DEFENSE_ELECTRONICS": 18000, 
    "ELECTRIC_UTILITIES": 0, 
    "ELECTRONICS_MANUFACTURING": 13500, 
    "MISC_DEFENSE": 12500, 
    "TELEPHONE_UTILITIES": 9000
  }, 
  "Janice D. Schakowsky": {
    "COMPUTERS_INTERNET": 0, 
    "DEFENSE_AEROSPACE": 0, 
    "DEFENSE_ELECTRONICS": 0, 
    "ELECTRIC_UTILITIES": 0, 
    "ELECTRONICS_MANUFACTURING": 0, 
    "MISC_DEFENSE": 0, 
    "TELEPHONE_UTILITIES": 0
  }, 
  "Janice Hahn": {
    "COMPUTERS_INTERNET": 0, 
    "DEFENSE_AEROSPACE": 0, 
    "DEFENSE_ELECTRONICS": 0, 
    "ELECTRIC_UTILITIES": 0, 
    "ELECTRONICS_MANUFACTURING": 0, 
    "MISC_DEFENSE": 0, 
    "TELEPHONE_UTILITIES": 0
  }, 
  "Jeanne Shaheen": {
    "COMPUTERS_INTERNET": 1000, 
    "DEFENSE_AEROSPACE": 1000, 
    "DEFENSE_ELECTRONICS": 2000, 
    "ELECTRIC_UTILITIES": 2500, 
    "ELECTRONICS_MANUFACTURING": 5500, 
    "MISC_DEFENSE": 0, 
    "TELEPHONE_UTILITIES": 3000
  }, 
  "Jeb Hensarling": {
    "COMPUTERS_INTERNET": 8500, 
    "DEFENSE_AEROSPACE": 3000, 
    "DEFENSE_ELECTRONICS": 13895, 
    "ELECTRIC_UTILITIES": 20000, 
    "ELECTRONICS_MANUFACTURING": 27895, 
    "MISC_DEFENSE": 2500, 
    "TELEPHONE_UTILITIES": 17895
  }, 
  "Jeff Flake": {
    "COMPUTERS_INTERNET": 9250, 
    "DEFENSE_AEROSPACE": 5500, 
    "DEFENSE_ELECTRONICS": 7000, 
    "ELECTRIC_UTILITIES": 8000, 
    "ELECTRONICS_MANUFACTURING": 18500, 
    "MISC_DEFENSE": 1000, 
    "TELEPHONE_UTILITIES": 5500
  }, 
  "Jeff Miller": {
    "COMPUTERS_INTERNET": 1000, 
    "DEFENSE_AEROSPACE": 11500, 
    "DEFENSE_ELECTRONICS": 13500, 
    "ELECTRIC_UTILITIES": 35000, 
    "ELECTRONICS_MANUFACTURING": 24000, 
    "MISC_DEFENSE": 10500, 
    "TELEPHONE_UTILITIES": 18500
  }, 
  "Jeff Sessions": {
    "COMPUTERS_INTERNET": 14000, 
    "DEFENSE_AEROSPACE": 80250, 
    "DEFENSE_ELECTRONICS": 66250, 
    "ELECTRIC_UTILITIES": 42230, 
    "ELECTRONICS_MANUFACTURING": 40500, 
    "MISC_DEFENSE": 38250, 
    "TELEPHONE_UTILITIES": 13000
  }, 
  "Jerrold Nadler": {
    "COMPUTERS_INTERNET": 1500, 
    "DEFENSE_AEROSPACE": 0, 
    "DEFENSE_ELECTRONICS": 4000, 
    "ELECTRIC_UTILITIES": 500, 
    "ELECTRONICS_MANUFACTURING": 14500, 
    "MISC_DEFENSE": 3000, 
    "TELEPHONE_UTILITIES": 9000
  }, 
  "Jerry Moran": {
    "COMPUTERS_INTERNET": 0, 
    "DEFENSE_AEROSPACE": 6750, 
    "DEFENSE_ELECTRONICS": 10750, 
    "ELECTRIC_UTILITIES": 5800, 
    "ELECTRONICS_MANUFACTURING": 11500, 
    "MISC_DEFENSE": 1500, 
    "TELEPHONE_UTILITIES": 9500
  }, 
  "Jim Cooper": {
    "COMPUTERS_INTERNET": 1000, 
    "DEFENSE_AEROSPACE": 1500, 
    "DEFENSE_ELECTRONICS": 500, 
    "ELECTRIC_UTILITIES": 5500, 
    "ELECTRONICS_MANUFACTURING": 10000, 
    "MISC_DEFENSE": 1000, 
    "TELEPHONE_UTILITIES": 7000
  }, 
  "Jim Gerlach": {
    "COMPUTERS_INTERNET": 5000, 
    "DEFENSE_AEROSPACE": 3750, 
    "DEFENSE_ELECTRONICS": 2000, 
    "ELECTRIC_UTILITIES": 18000, 
    "ELECTRONICS_MANUFACTURING": 20500, 
    "MISC_DEFENSE": 4000, 
    "TELEPHONE_UTILITIES": 8000
  }, 
  "Jim Matheson": {
    "COMPUTERS_INTERNET": 7500, 
    "DEFENSE_AEROSPACE": 17000, 
    "DEFENSE_ELECTRONICS": 11500, 
    "ELECTRIC_UTILITIES": 9500, 
    "ELECTRONICS_MANUFACTURING": 19000, 
    "MISC_DEFENSE": 10000, 
    "TELEPHONE_UTILITIES": 7500
  }, 
  "Jim McDermott": {
    "COMPUTERS_INTERNET": 2000, 
    "DEFENSE_AEROSPACE": 4000, 
    "DEFENSE_ELECTRONICS": 4000, 
    "ELECTRIC_UTILITIES": 0, 
    "ELECTRONICS_MANUFACTURING": 3000, 
    "MISC_DEFENSE": 0, 
    "TELEPHONE_UTILITIES": 0
  }, 
  "Joe Barton": {
    "COMPUTERS_INTERNET": 5500, 
    "DEFENSE_AEROSPACE": 35500, 
    "DEFENSE_ELECTRONICS": 20500, 
    "ELECTRIC_UTILITIES": 98985, 
    "ELECTRONICS_MANUFACTURING": 39000, 
    "MISC_DEFENSE": 13500, 
    "TELEPHONE_UTILITIES": 17750
  }, 
  "Joe Courtney": {
    "COMPUTERS_INTERNET": 0, 
    "DEFENSE_AEROSPACE": 0, 
    "DEFENSE_ELECTRONICS": 0, 
    "ELECTRIC_UTILITIES": 0, 
    "ELECTRONICS_MANUFACTURING": 0, 
    "MISC_DEFENSE": 0, 
    "TELEPHONE_UTILITIES": 0
  }, 
  "Joe Wilson": {
    "COMPUTERS_INTERNET": 5500, 
    "DEFENSE_AEROSPACE": 16750, 
    "DEFENSE_ELECTRONICS": 10000, 
    "ELECTRIC_UTILITIES": 12000, 
    "ELECTRONICS_MANUFACTURING": 21000, 
    "MISC_DEFENSE": 11500, 
    "TELEPHONE_UTILITIES": 13500
  }, 
  "John A. Boehner": {
    "COMPUTERS_INTERNET": 9000, 
    "DEFENSE_AEROSPACE": 11350, 
    "DEFENSE_ELECTRONICS": 16500, 
    "ELECTRIC_UTILITIES": 17900, 
    "ELECTRONICS_MANUFACTURING": 42679, 
    "MISC_DEFENSE": 1500, 
    "TELEPHONE_UTILITIES": 23750
  }, 
  "John Abney Culberson": {
    "COMPUTERS_INTERNET": 2000, 
    "DEFENSE_AEROSPACE": 5500, 
    "DEFENSE_ELECTRONICS": 5500, 
    "ELECTRIC_UTILITIES": 22000, 
    "ELECTRONICS_MANUFACTURING": 7000, 
    "MISC_DEFENSE": 500, 
    "TELEPHONE_UTILITIES": 5000
  }, 
  "John B. Larson": {
    "COMPUTERS_INTERNET": 500, 
    "DEFENSE_AEROSPACE": 37500, 
    "DEFENSE_ELECTRONICS": 14000, 
    "ELECTRIC_UTILITIES": 500, 
    "ELECTRONICS_MANUFACTURING": 10000, 
    "MISC_DEFENSE": 10500, 
    "TELEPHONE_UTILITIES": 4000
  }, 
  "John Boozman": {
    "COMPUTERS_INTERNET": 1000, 
    "DEFENSE_AEROSPACE": 0, 
    "DEFENSE_ELECTRONICS": 2000, 
    "ELECTRIC_UTILITIES": 6850, 
    "ELECTRONICS_MANUFACTURING": 9000, 
    "MISC_DEFENSE": 0, 
    "TELEPHONE_UTILITIES": 8000
  }, 
  "John Conyers Jr.": {
    "COMPUTERS_INTERNET": 11500, 
    "DEFENSE_AEROSPACE": 2000, 
    "DEFENSE_ELECTRONICS": 7000, 
    "ELECTRIC_UTILITIES": 1000, 
    "ELECTRONICS_MANUFACTURING": 56857, 
    "MISC_DEFENSE": 0, 
    "TELEPHONE_UTILITIES": 24500
  }, 
  "John Cornyn": {
    "COMPUTERS_INTERNET": 31750, 
    "DEFENSE_AEROSPACE": 49000, 
    "DEFENSE_ELECTRONICS": 71500, 
    "ELECTRIC_UTILITIES": 63000, 
    "ELECTRONICS_MANUFACTURING": 81375, 
    "MISC_DEFENSE": 14000, 
    "TELEPHONE_UTILITIES": 41875
  }, 
  "John D. Dingell": {
    "COMPUTERS_INTERNET": 16500, 
    "DEFENSE_AEROSPACE": 56500, 
    "DEFENSE_ELECTRONICS": 56499, 
    "ELECTRIC_UTILITIES": 150985, 
    "ELECTRONICS_MANUFACTURING": 134062, 
    "MISC_DEFENSE": 8000, 
    "TELEPHONE_UTILITIES": 50499
  }, 
  "John D. Rockefeller, IV": {
    "COMPUTERS_INTERNET": 10500, 
    "DEFENSE_AEROSPACE": 45000, 
    "DEFENSE_ELECTRONICS": 34000, 
    "ELECTRIC_UTILITIES": 39964, 
    "ELECTRONICS_MANUFACTURING": 70500, 
    "MISC_DEFENSE": 10000, 
    "TELEPHONE_UTILITIES": 31500
  }, 
  "John F. Tierney": {
    "COMPUTERS_INTERNET": 0, 
    "DEFENSE_AEROSPACE": 3500, 
    "DEFENSE_ELECTRONICS": 2000, 
    "ELECTRIC_UTILITIES": 0, 
    "ELECTRONICS_MANUFACTURING": 2000, 
    "MISC_DEFENSE": 0, 
    "TELEPHONE_UTILITIES": 0
  }, 
  "John J. Duncan Jr.": {
    "COMPUTERS_INTERNET": 0, 
    "DEFENSE_AEROSPACE": 5500, 
    "DEFENSE_ELECTRONICS": 5000, 
    "ELECTRIC_UTILITIES": 3000, 
    "ELECTRONICS_MANUFACTURING": 8000, 
    "MISC_DEFENSE": 6000, 
    "TELEPHONE_UTILITIES": 4000
  }, 
  "John Kline": {
    "COMPUTERS_INTERNET": 5000, 
    "DEFENSE_AEROSPACE": 6500, 
    "DEFENSE_ELECTRONICS": 11000, 
    "ELECTRIC_UTILITIES": 1000, 
    "ELECTRONICS_MANUFACTURING": 23500, 
    "MISC_DEFENSE": 6000, 
    "TELEPHONE_UTILITIES": 16500
  }, 
  "John L. Mica": {
    "COMPUTERS_INTERNET": 2500, 
    "DEFENSE_AEROSPACE": 30500, 
    "DEFENSE_ELECTRONICS": 40875, 
    "ELECTRIC_UTILITIES": 9000, 
    "ELECTRONICS_MANUFACTURING": 28500, 
    "MISC_DEFENSE": 18500, 
    "TELEPHONE_UTILITIES": 7000
  }, 
  "John Lewis": {
    "COMPUTERS_INTERNET": 1000, 
    "DEFENSE_AEROSPACE": 3000, 
    "DEFENSE_ELECTRONICS": 4000, 
    "ELECTRIC_UTILITIES": 6000, 
    "ELECTRONICS_MANUFACTURING": 10000, 
    "MISC_DEFENSE": 0, 
    "TELEPHONE_UTILITIES": 8000
  }, 
  "John McCain": {
    "COMPUTERS_INTERNET": 0, 
    "DEFENSE_AEROSPACE": 0, 
    "DEFENSE_ELECTRONICS": -1000, 
    "ELECTRIC_UTILITIES": -500, 
    "ELECTRONICS_MANUFACTURING": 500, 
    "MISC_DEFENSE": 0, 
    "TELEPHONE_UTILITIES": -1000
  }, 
  "John R. Carter": {
    "COMPUTERS_INTERNET": 4000, 
    "DEFENSE_AEROSPACE": 0, 
    "DEFENSE_ELECTRONICS": 10500, 
    "ELECTRIC_UTILITIES": 23500, 
    "ELECTRONICS_MANUFACTURING": 20000, 
    "MISC_DEFENSE": 2000, 
    "TELEPHONE_UTILITIES": 13000
  }, 
  "John Shimkus": {
    "COMPUTERS_INTERNET": 20500, 
    "DEFENSE_AEROSPACE": 13000, 
    "DEFENSE_ELECTRONICS": 23500, 
    "ELECTRIC_UTILITIES": 76500, 
    "ELECTRONICS_MANUFACTURING": 90452, 
    "MISC_DEFENSE": 6500, 
    "TELEPHONE_UTILITIES": 38500
  }, 
  "John Thune": {
    "COMPUTERS_INTERNET": 3500, 
    "DEFENSE_AEROSPACE": 16000, 
    "DEFENSE_ELECTRONICS": 10250, 
    "ELECTRIC_UTILITIES": 34000, 
    "ELECTRONICS_MANUFACTURING": 19750, 
    "MISC_DEFENSE": 9000, 
    "TELEPHONE_UTILITIES": 5500
  }, 
  "Johnny Isakson": {
    "COMPUTERS_INTERNET": 8000, 
    "DEFENSE_AEROSPACE": 10500, 
    "DEFENSE_ELECTRONICS": 6000, 
    "ELECTRIC_UTILITIES": 13000, 
    "ELECTRONICS_MANUFACTURING": 18500, 
    "MISC_DEFENSE": 0, 
    "TELEPHONE_UTILITIES": 10000
  }, 
  "Joseph Crowley": {
    "COMPUTERS_INTERNET": 2500, 
    "DEFENSE_AEROSPACE": 4000, 
    "DEFENSE_ELECTRONICS": 0, 
    "ELECTRIC_UTILITIES": 1000, 
    "ELECTRONICS_MANUFACTURING": 12000, 
    "MISC_DEFENSE": 0, 
    "TELEPHONE_UTILITIES": 5500
  }, 
  "Joseph R. Pitts": {
    "COMPUTERS_INTERNET": 500, 
    "DEFENSE_AEROSPACE": 13000, 
    "DEFENSE_ELECTRONICS": 19000, 
    "ELECTRIC_UTILITIES": 19854, 
    "ELECTRONICS_MANUFACTURING": 19500, 
    "MISC_DEFENSE": 6000, 
    "TELEPHONE_UTILITIES": 14500
  }, 
  "Jos\u00e9 E. Serrano": {
    "COMPUTERS_INTERNET": 0, 
    "DEFENSE_AEROSPACE": 3500, 
    "DEFENSE_ELECTRONICS": 7500, 
    "ELECTRIC_UTILITIES": 0, 
    "ELECTRONICS_MANUFACTURING": 9000, 
    "MISC_DEFENSE": 500, 
    "TELEPHONE_UTILITIES": 7000
  }, 
  "Juan Vargas": {
    "COMPUTERS_INTERNET": 0, 
    "DEFENSE_AEROSPACE": 0, 
    "DEFENSE_ELECTRONICS": 0, 
    "ELECTRIC_UTILITIES": 0, 
    "ELECTRONICS_MANUFACTURING": 0, 
    "MISC_DEFENSE": 0, 
    "TELEPHONE_UTILITIES": 0
  }, 
  "K. Michael Conaway": {
    "COMPUTERS_INTERNET": 0, 
    "DEFENSE_AEROSPACE": 0, 
    "DEFENSE_ELECTRONICS": 0, 
    "ELECTRIC_UTILITIES": 0, 
    "ELECTRONICS_MANUFACTURING": 0, 
    "MISC_DEFENSE": 0, 
    "TELEPHONE_UTILITIES": 0
  }, 
  "Kay Granger": {
    "COMPUTERS_INTERNET": 4000, 
    "DEFENSE_AEROSPACE": 46000, 
    "DEFENSE_ELECTRONICS": 31500, 
    "ELECTRIC_UTILITIES": 14000, 
    "ELECTRONICS_MANUFACTURING": 9000, 
    "MISC_DEFENSE": 14000, 
    "TELEPHONE_UTILITIES": 6500
  }, 
  "Ken Calvert": {
    "COMPUTERS_INTERNET": 3500, 
    "DEFENSE_AEROSPACE": 29000, 
    "DEFENSE_ELECTRONICS": 35500, 
    "ELECTRIC_UTILITIES": 16725, 
    "ELECTRONICS_MANUFACTURING": 13500, 
    "MISC_DEFENSE": 22142, 
    "TELEPHONE_UTILITIES": 10000
  }, 
  "Kevin Brady": {
    "COMPUTERS_INTERNET": 2000, 
    "DEFENSE_AEROSPACE": 6500, 
    "DEFENSE_ELECTRONICS": 7500, 
    "ELECTRIC_UTILITIES": 27000, 
    "ELECTRONICS_MANUFACTURING": 8500, 
    "MISC_DEFENSE": 5500, 
    "TELEPHONE_UTILITIES": 6000
  }, 
  "Lamar Alexander": {
    "COMPUTERS_INTERNET": 9500, 
    "DEFENSE_AEROSPACE": 22000, 
    "DEFENSE_ELECTRONICS": 17000, 
    "ELECTRIC_UTILITIES": 29000, 
    "ELECTRONICS_MANUFACTURING": 29000, 
    "MISC_DEFENSE": 7250, 
    "TELEPHONE_UTILITIES": 11000
  }, 
  "Lamar Smith": {
    "COMPUTERS_INTERNET": 18000, 
    "DEFENSE_AEROSPACE": 14500, 
    "DEFENSE_ELECTRONICS": 20250, 
    "ELECTRIC_UTILITIES": 11000, 
    "ELECTRONICS_MANUFACTURING": 42750, 
    "MISC_DEFENSE": 2000, 
    "TELEPHONE_UTILITIES": 20250
  }, 
  "Lee Terry": {
    "COMPUTERS_INTERNET": 4000, 
    "DEFENSE_AEROSPACE": 6000, 
    "DEFENSE_ELECTRONICS": 16000, 
    "ELECTRIC_UTILITIES": 31600, 
    "ELECTRONICS_MANUFACTURING": 61000, 
    "MISC_DEFENSE": 2000, 
    "TELEPHONE_UTILITIES": 36250
  }, 
  "Leonard Lance": {
    "COMPUTERS_INTERNET": 0, 
    "DEFENSE_AEROSPACE": 0, 
    "DEFENSE_ELECTRONICS": 0, 
    "ELECTRIC_UTILITIES": 0, 
    "ELECTRONICS_MANUFACTURING": 0, 
    "MISC_DEFENSE": 0, 
    "TELEPHONE_UTILITIES": 0
  }, 
  "Linda T. S\u00e1nchez": {
    "COMPUTERS_INTERNET": 0, 
    "DEFENSE_AEROSPACE": 4000, 
    "DEFENSE_ELECTRONICS": 7000, 
    "ELECTRIC_UTILITIES": 3500, 
    "ELECTRONICS_MANUFACTURING": 4000, 
    "MISC_DEFENSE": 4500, 
    "TELEPHONE_UTILITIES": 4000
  }, 
  "Lindsey Graham": {
    "COMPUTERS_INTERNET": 17900, 
    "DEFENSE_AEROSPACE": 81950, 
    "DEFENSE_ELECTRONICS": 55500, 
    "ELECTRIC_UTILITIES": 106650, 
    "ELECTRONICS_MANUFACTURING": 91350, 
    "MISC_DEFENSE": 53750, 
    "TELEPHONE_UTILITIES": 63250
  }, 
  "Lloyd Doggett": {
    "COMPUTERS_INTERNET": 3000, 
    "DEFENSE_AEROSPACE": 3000, 
    "DEFENSE_ELECTRONICS": 4000, 
    "ELECTRIC_UTILITIES": 2000, 
    "ELECTRONICS_MANUFACTURING": 7000, 
    "MISC_DEFENSE": 1500, 
    "TELEPHONE_UTILITIES": 6000
  }, 
  "Lois Capps": {
    "COMPUTERS_INTERNET": 5000, 
    "DEFENSE_AEROSPACE": 6000, 
    "DEFENSE_ELECTRONICS": 14955, 
    "ELECTRIC_UTILITIES": 2500, 
    "ELECTRONICS_MANUFACTURING": 38455, 
    "MISC_DEFENSE": 1500, 
    "TELEPHONE_UTILITIES": 18455
  }, 
  "Loretta Sanchez": {
    "COMPUTERS_INTERNET": 1000, 
    "DEFENSE_AEROSPACE": 20000, 
    "DEFENSE_ELECTRONICS": 31000, 
    "ELECTRIC_UTILITIES": 6500, 
    "ELECTRONICS_MANUFACTURING": 20500, 
    "MISC_DEFENSE": 23499, 
    "TELEPHONE_UTILITIES": 11500
  }, 
  "Lou Barletta": {
    "COMPUTERS_INTERNET": 0, 
    "DEFENSE_AEROSPACE": 0, 
    "DEFENSE_ELECTRONICS": 0, 
    "ELECTRIC_UTILITIES": 0, 
    "ELECTRONICS_MANUFACTURING": 0, 
    "MISC_DEFENSE": 0, 
    "TELEPHONE_UTILITIES": 0
  }, 
  "Louise McIntosh Slaughter": {
    "COMPUTERS_INTERNET": 5000, 
    "DEFENSE_AEROSPACE": 1500, 
    "DEFENSE_ELECTRONICS": 1000, 
    "ELECTRIC_UTILITIES": 0, 
    "ELECTRONICS_MANUFACTURING": 10500, 
    "MISC_DEFENSE": 0, 
    "TELEPHONE_UTILITIES": 1000
  }, 
  "Lucille Roybal-Allard": {
    "COMPUTERS_INTERNET": 3000, 
    "DEFENSE_AEROSPACE": 2500, 
    "DEFENSE_ELECTRONICS": 2500, 
    "ELECTRIC_UTILITIES": 21500, 
    "ELECTRONICS_MANUFACTURING": 6500, 
    "MISC_DEFENSE": 6500, 
    "TELEPHONE_UTILITIES": 5500
  }, 
  "Luis V. Guti\u00e9rrez": {
    "COMPUTERS_INTERNET": 0, 
    "DEFENSE_AEROSPACE": 0, 
    "DEFENSE_ELECTRONICS": 6000, 
    "ELECTRIC_UTILITIES": 6000, 
    "ELECTRONICS_MANUFACTURING": 7500, 
    "MISC_DEFENSE": 0, 
    "TELEPHONE_UTILITIES": 6500
  }, 
  "Luke Messer": {
    "COMPUTERS_INTERNET": 0, 
    "DEFENSE_AEROSPACE": 0, 
    "DEFENSE_ELECTRONICS": 0, 
    "ELECTRIC_UTILITIES": 0, 
    "ELECTRONICS_MANUFACTURING": 0, 
    "MISC_DEFENSE": 0, 
    "TELEPHONE_UTILITIES": 0
  }, 
  "Mac Thornberry": {
    "COMPUTERS_INTERNET": 0, 
    "DEFENSE_AEROSPACE": 38500, 
    "DEFENSE_ELECTRONICS": 22800, 
    "ELECTRIC_UTILITIES": 13000, 
    "ELECTRONICS_MANUFACTURING": 7300, 
    "MISC_DEFENSE": 13500, 
    "TELEPHONE_UTILITIES": 6300
  }, 
  "Madeleine Z. Bordallo": {
    "COMPUTERS_INTERNET": 0, 
    "DEFENSE_AEROSPACE": 0, 
    "DEFENSE_ELECTRONICS": 0, 
    "ELECTRIC_UTILITIES": 0, 
    "ELECTRONICS_MANUFACTURING": 0, 
    "MISC_DEFENSE": 0, 
    "TELEPHONE_UTILITIES": 0
  }, 
  "Marcy Kaptur": {
    "COMPUTERS_INTERNET": 0, 
    "DEFENSE_AEROSPACE": 4000, 
    "DEFENSE_ELECTRONICS": 6000, 
    "ELECTRIC_UTILITIES": 1000, 
    "ELECTRONICS_MANUFACTURING": 2000, 
    "MISC_DEFENSE": 2000, 
    "TELEPHONE_UTILITIES": 2000
  }, 
  "Maria Cantwell": {
    "COMPUTERS_INTERNET": 0, 
    "DEFENSE_AEROSPACE": 0, 
    "DEFENSE_ELECTRONICS": 0, 
    "ELECTRIC_UTILITIES": 0, 
    "ELECTRONICS_MANUFACTURING": 0, 
    "MISC_DEFENSE": 0, 
    "TELEPHONE_UTILITIES": 0
  }, 
  "Mario Diaz-Balart": {
    "COMPUTERS_INTERNET": 0, 
    "DEFENSE_AEROSPACE": 1000, 
    "DEFENSE_ELECTRONICS": 5000, 
    "ELECTRIC_UTILITIES": 9000, 
    "ELECTRONICS_MANUFACTURING": 18000, 
    "MISC_DEFENSE": 2000, 
    "TELEPHONE_UTILITIES": 9500
  }, 
  "Mark Kirk": {
    "COMPUTERS_INTERNET": 3500, 
    "DEFENSE_AEROSPACE": 21500, 
    "DEFENSE_ELECTRONICS": 24000, 
    "ELECTRIC_UTILITIES": 17000, 
    "ELECTRONICS_MANUFACTURING": 13500, 
    "MISC_DEFENSE": 17500, 
    "TELEPHONE_UTILITIES": 9500
  }, 
  "Mark L. Pryor": {
    "COMPUTERS_INTERNET": 500, 
    "DEFENSE_AEROSPACE": 1000, 
    "DEFENSE_ELECTRONICS": 5000, 
    "ELECTRIC_UTILITIES": 3500, 
    "ELECTRONICS_MANUFACTURING": 6500, 
    "MISC_DEFENSE": 1500, 
    "TELEPHONE_UTILITIES": 7500
  }, 
  "Mark Sanford": {
    "COMPUTERS_INTERNET": 0, 
    "DEFENSE_AEROSPACE": 0, 
    "DEFENSE_ELECTRONICS": 0, 
    "ELECTRIC_UTILITIES": 0, 
    "ELECTRONICS_MANUFACTURING": 0, 
    "MISC_DEFENSE": 0, 
    "TELEPHONE_UTILITIES": 0
  }, 
  "Mark Takano": {
    "COMPUTERS_INTERNET": 0, 
    "DEFENSE_AEROSPACE": 0, 
    "DEFENSE_ELECTRONICS": 0, 
    "ELECTRIC_UTILITIES": 0, 
    "ELECTRONICS_MANUFACTURING": 0, 
    "MISC_DEFENSE": 0, 
    "TELEPHONE_UTILITIES": 0
  }, 
  "Mark Udall": {
    "COMPUTERS_INTERNET": 1500, 
    "DEFENSE_AEROSPACE": 7000, 
    "DEFENSE_ELECTRONICS": 12000, 
    "ELECTRIC_UTILITIES": 4750, 
    "ELECTRONICS_MANUFACTURING": 7500, 
    "MISC_DEFENSE": 0, 
    "TELEPHONE_UTILITIES": 1000
  }, 
  "Marsha Blackburn": {
    "COMPUTERS_INTERNET": 5000, 
    "DEFENSE_AEROSPACE": 0, 
    "DEFENSE_ELECTRONICS": 0, 
    "ELECTRIC_UTILITIES": 1000, 
    "ELECTRONICS_MANUFACTURING": 10500, 
    "MISC_DEFENSE": 0, 
    "TELEPHONE_UTILITIES": 5500
  }, 
  "Mary L. Landrieu": {
    "COMPUTERS_INTERNET": 38000, 
    "DEFENSE_AEROSPACE": 107250, 
    "DEFENSE_ELECTRONICS": 93000, 
    "ELECTRIC_UTILITIES": 131795, 
    "ELECTRONICS_MANUFACTURING": 98750, 
    "MISC_DEFENSE": 57723, 
    "TELEPHONE_UTILITIES": 51500
  }, 
  "Matt Salmon": {
    "COMPUTERS_INTERNET": 0, 
    "DEFENSE_AEROSPACE": -2760, 
    "DEFENSE_ELECTRONICS": -2760, 
    "ELECTRIC_UTILITIES": 0, 
    "ELECTRONICS_MANUFACTURING": 0, 
    "MISC_DEFENSE": 0, 
    "TELEPHONE_UTILITIES": 0
  }, 
  "Maxine Waters": {
    "COMPUTERS_INTERNET": 0, 
    "DEFENSE_AEROSPACE": 0, 
    "DEFENSE_ELECTRONICS": 0, 
    "ELECTRIC_UTILITIES": 0, 
    "ELECTRONICS_MANUFACTURING": 4000, 
    "MISC_DEFENSE": 0, 
    "TELEPHONE_UTILITIES": 3000
  }, 
  "Michael B. Enzi": {
    "COMPUTERS_INTERNET": 30500, 
    "DEFENSE_AEROSPACE": 24000, 
    "DEFENSE_ELECTRONICS": 22000, 
    "ELECTRIC_UTILITIES": 25440, 
    "ELECTRONICS_MANUFACTURING": 53500, 
    "MISC_DEFENSE": 5500, 
    "TELEPHONE_UTILITIES": 20000
  }, 
  "Michael C. Burgess": {
    "COMPUTERS_INTERNET": 1500, 
    "DEFENSE_AEROSPACE": 1000, 
    "DEFENSE_ELECTRONICS": 9500, 
    "ELECTRIC_UTILITIES": 3500, 
    "ELECTRONICS_MANUFACTURING": 10000, 
    "MISC_DEFENSE": 0, 
    "TELEPHONE_UTILITIES": 9000
  }, 
  "Michael E. Capuano": {
    "COMPUTERS_INTERNET": 0, 
    "DEFENSE_AEROSPACE": 5500, 
    "DEFENSE_ELECTRONICS": 3000, 
    "ELECTRIC_UTILITIES": 0, 
    "ELECTRONICS_MANUFACTURING": 7000, 
    "MISC_DEFENSE": 1500, 
    "TELEPHONE_UTILITIES": 3500
  }, 
  "Michael F. Doyle": {
    "COMPUTERS_INTERNET": 2000, 
    "DEFENSE_AEROSPACE": 9000, 
    "DEFENSE_ELECTRONICS": 3500, 
    "ELECTRIC_UTILITIES": 44613, 
    "ELECTRONICS_MANUFACTURING": 24000, 
    "MISC_DEFENSE": 7500, 
    "TELEPHONE_UTILITIES": 13000
  }, 
  "Michael H. Michaud": {
    "COMPUTERS_INTERNET": 1000, 
    "DEFENSE_AEROSPACE": 2000, 
    "DEFENSE_ELECTRONICS": 0, 
    "ELECTRIC_UTILITIES": 0, 
    "ELECTRONICS_MANUFACTURING": 9250, 
    "MISC_DEFENSE": 0, 
    "TELEPHONE_UTILITIES": 6000
  }, 
  "Michael K. Simpson": {
    "COMPUTERS_INTERNET": 1500, 
    "DEFENSE_AEROSPACE": 1000, 
    "DEFENSE_ELECTRONICS": 2000, 
    "ELECTRIC_UTILITIES": 6436, 
    "ELECTRONICS_MANUFACTURING": 10500, 
    "MISC_DEFENSE": 7500, 
    "TELEPHONE_UTILITIES": 4000
  }, 
  "Michael M. Honda": {
    "COMPUTERS_INTERNET": 15500, 
    "DEFENSE_AEROSPACE": 8500, 
    "DEFENSE_ELECTRONICS": 13000, 
    "ELECTRIC_UTILITIES": 5500, 
    "ELECTRONICS_MANUFACTURING": 22500, 
    "MISC_DEFENSE": 4500, 
    "TELEPHONE_UTILITIES": 10000
  }, 
  "Michael R. Turner": {
    "COMPUTERS_INTERNET": 11750, 
    "DEFENSE_AEROSPACE": 4500, 
    "DEFENSE_ELECTRONICS": 10000, 
    "ELECTRIC_UTILITIES": 3500, 
    "ELECTRONICS_MANUFACTURING": 14750, 
    "MISC_DEFENSE": 4000, 
    "TELEPHONE_UTILITIES": 7500
  }, 
  "Mike Coffman": {
    "COMPUTERS_INTERNET": 0, 
    "DEFENSE_AEROSPACE": 0, 
    "DEFENSE_ELECTRONICS": 0, 
    "ELECTRIC_UTILITIES": 0, 
    "ELECTRONICS_MANUFACTURING": 0, 
    "MISC_DEFENSE": 0, 
    "TELEPHONE_UTILITIES": 0
  }, 
  "Mike Crapo": {
    "COMPUTERS_INTERNET": 4000, 
    "DEFENSE_AEROSPACE": 3750, 
    "DEFENSE_ELECTRONICS": 2000, 
    "ELECTRIC_UTILITIES": 29200, 
    "ELECTRONICS_MANUFACTURING": 12750, 
    "MISC_DEFENSE": 4000, 
    "TELEPHONE_UTILITIES": 4000
  }, 
  "Mike McIntyre": {
    "COMPUTERS_INTERNET": 6500, 
    "DEFENSE_AEROSPACE": 19000, 
    "DEFENSE_ELECTRONICS": 10500, 
    "ELECTRIC_UTILITIES": 10500, 
    "ELECTRONICS_MANUFACTURING": 16500, 
    "MISC_DEFENSE": 5500, 
    "TELEPHONE_UTILITIES": 10000
  }, 
  "Mike Rogers": {
    "COMPUTERS_INTERNET": 12000, 
    "DEFENSE_AEROSPACE": 29450, 
    "DEFENSE_ELECTRONICS": 35200, 
    "ELECTRIC_UTILITIES": 35200, 
    "ELECTRONICS_MANUFACTURING": 51500, 
    "MISC_DEFENSE": 28500, 
    "TELEPHONE_UTILITIES": 31250
  }, 
  "Mike Thompson": {
    "COMPUTERS_INTERNET": 2500, 
    "DEFENSE_AEROSPACE": 10000, 
    "DEFENSE_ELECTRONICS": 14000, 
    "ELECTRIC_UTILITIES": 5000, 
    "ELECTRONICS_MANUFACTURING": 16250, 
    "MISC_DEFENSE": 4500, 
    "TELEPHONE_UTILITIES": 10750
  }, 
  "Mitch McConnell": {
    "COMPUTERS_INTERNET": 11000, 
    "DEFENSE_AEROSPACE": 63000, 
    "DEFENSE_ELECTRONICS": 50000, 
    "ELECTRIC_UTILITIES": 51250, 
    "ELECTRONICS_MANUFACTURING": 77000, 
    "MISC_DEFENSE": 38000, 
    "TELEPHONE_UTILITIES": 25000
  }, 
  "Nancy Pelosi": {
    "COMPUTERS_INTERNET": 7250, 
    "DEFENSE_AEROSPACE": 8500, 
    "DEFENSE_ELECTRONICS": 17000, 
    "ELECTRIC_UTILITIES": 4000, 
    "ELECTRONICS_MANUFACTURING": 32000, 
    "MISC_DEFENSE": 2000, 
    "TELEPHONE_UTILITIES": 18000
  }, 
  "Nick J. Rahall II": {
    "COMPUTERS_INTERNET": 0, 
    "DEFENSE_AEROSPACE": 1000, 
    "DEFENSE_ELECTRONICS": 0, 
    "ELECTRIC_UTILITIES": 5500, 
    "ELECTRONICS_MANUFACTURING": 5500, 
    "MISC_DEFENSE": 4000, 
    "TELEPHONE_UTILITIES": 2500
  }, 
  "Nita M. Lowey": {
    "COMPUTERS_INTERNET": 4000, 
    "DEFENSE_AEROSPACE": 4000, 
    "DEFENSE_ELECTRONICS": 5000, 
    "ELECTRIC_UTILITIES": 0, 
    "ELECTRONICS_MANUFACTURING": 12500, 
    "MISC_DEFENSE": 2000, 
    "TELEPHONE_UTILITIES": 2000
  }, 
  "Nydia M. Vel\u00e1zquez": {
    "COMPUTERS_INTERNET": 0, 
    "DEFENSE_AEROSPACE": 2000, 
    "DEFENSE_ELECTRONICS": 0, 
    "ELECTRIC_UTILITIES": 0, 
    "ELECTRONICS_MANUFACTURING": 3500, 
    "MISC_DEFENSE": 1200, 
    "TELEPHONE_UTILITIES": 0
  }, 
  "Orrin G. Hatch": {
    "COMPUTERS_INTERNET": 1250, 
    "DEFENSE_AEROSPACE": -3000, 
    "DEFENSE_ELECTRONICS": -1000, 
    "ELECTRIC_UTILITIES": 0, 
    "ELECTRONICS_MANUFACTURING": 0, 
    "MISC_DEFENSE": -4000, 
    "TELEPHONE_UTILITIES": 250
  }, 
  "Pat Roberts": {
    "COMPUTERS_INTERNET": 6000, 
    "DEFENSE_AEROSPACE": 82500, 
    "DEFENSE_ELECTRONICS": 72250, 
    "ELECTRIC_UTILITIES": 14000, 
    "ELECTRONICS_MANUFACTURING": 53250, 
    "MISC_DEFENSE": 36000, 
    "TELEPHONE_UTILITIES": 26750
  }, 
  "Patrick J. Leahy": {
    "COMPUTERS_INTERNET": 0, 
    "DEFENSE_AEROSPACE": 0, 
    "DEFENSE_ELECTRONICS": 0, 
    "ELECTRIC_UTILITIES": 0, 
    "ELECTRONICS_MANUFACTURING": 0, 
    "MISC_DEFENSE": 0, 
    "TELEPHONE_UTILITIES": 0
  }, 
  "Patrick J. Tiberi": {
    "COMPUTERS_INTERNET": 2000, 
    "DEFENSE_AEROSPACE": 7000, 
    "DEFENSE_ELECTRONICS": 6000, 
    "ELECTRIC_UTILITIES": 7244, 
    "ELECTRONICS_MANUFACTURING": 8500, 
    "MISC_DEFENSE": 2500, 
    "TELEPHONE_UTILITIES": 4500
  }, 
  "Patrick J. Toomey": {
    "COMPUTERS_INTERNET": 6000, 
    "DEFENSE_AEROSPACE": 4500, 
    "DEFENSE_ELECTRONICS": 6000, 
    "ELECTRIC_UTILITIES": 18500, 
    "ELECTRONICS_MANUFACTURING": 21500, 
    "MISC_DEFENSE": 1000, 
    "TELEPHONE_UTILITIES": 13000
  }, 
  "Patty Murray": {
    "COMPUTERS_INTERNET": 3000, 
    "DEFENSE_AEROSPACE": 15500, 
    "DEFENSE_ELECTRONICS": 29000, 
    "ELECTRIC_UTILITIES": 4000, 
    "ELECTRONICS_MANUFACTURING": 15000, 
    "MISC_DEFENSE": 18000, 
    "TELEPHONE_UTILITIES": 9000
  }, 
  "Paul Ryan": {
    "COMPUTERS_INTERNET": 4000, 
    "DEFENSE_AEROSPACE": 17000, 
    "DEFENSE_ELECTRONICS": 16000, 
    "ELECTRIC_UTILITIES": 4000, 
    "ELECTRONICS_MANUFACTURING": 27000, 
    "MISC_DEFENSE": 2000, 
    "TELEPHONE_UTILITIES": 22700
  }, 
  "Pete Sessions": {
    "COMPUTERS_INTERNET": 12000, 
    "DEFENSE_AEROSPACE": 14500, 
    "DEFENSE_ELECTRONICS": 18500, 
    "ELECTRIC_UTILITIES": 15000, 
    "ELECTRONICS_MANUFACTURING": 14500, 
    "MISC_DEFENSE": 4000, 
    "TELEPHONE_UTILITIES": 5000
  }, 
  "Peter A. DeFazio": {
    "COMPUTERS_INTERNET": 0, 
    "DEFENSE_AEROSPACE": 0, 
    "DEFENSE_ELECTRONICS": 0, 
    "ELECTRIC_UTILITIES": 5000, 
    "ELECTRONICS_MANUFACTURING": 0, 
    "MISC_DEFENSE": 1000, 
    "TELEPHONE_UTILITIES": 0
  }, 
  "Peter J. Visclosky": {
    "COMPUTERS_INTERNET": 1000, 
    "DEFENSE_AEROSPACE": 58250, 
    "DEFENSE_ELECTRONICS": 43000, 
    "ELECTRIC_UTILITIES": 20000, 
    "ELECTRONICS_MANUFACTURING": 8250, 
    "MISC_DEFENSE": 37000, 
    "TELEPHONE_UTILITIES": 5000
  }, 
  "Peter T. King": {
    "COMPUTERS_INTERNET": 1000, 
    "DEFENSE_AEROSPACE": 2500, 
    "DEFENSE_ELECTRONICS": 5000, 
    "ELECTRIC_UTILITIES": 0, 
    "ELECTRONICS_MANUFACTURING": 7000, 
    "MISC_DEFENSE": 2500, 
    "TELEPHONE_UTILITIES": 4000
  }, 
  "Phil Gingrey": {
    "COMPUTERS_INTERNET": 1000, 
    "DEFENSE_AEROSPACE": 2000, 
    "DEFENSE_ELECTRONICS": 2000, 
    "ELECTRIC_UTILITIES": 6000, 
    "ELECTRONICS_MANUFACTURING": 5000, 
    "MISC_DEFENSE": 0, 
    "TELEPHONE_UTILITIES": 5000
  }, 
  "Ralph M. Hall": {
    "COMPUTERS_INTERNET": 4500, 
    "DEFENSE_AEROSPACE": 20500, 
    "DEFENSE_ELECTRONICS": 21500, 
    "ELECTRIC_UTILITIES": 56517, 
    "ELECTRONICS_MANUFACTURING": 26000, 
    "MISC_DEFENSE": 4500, 
    "TELEPHONE_UTILITIES": 9000
  }, 
  "Randy Neugebauer": {
    "COMPUTERS_INTERNET": 0, 
    "DEFENSE_AEROSPACE": 0, 
    "DEFENSE_ELECTRONICS": 0, 
    "ELECTRIC_UTILITIES": 0, 
    "ELECTRONICS_MANUFACTURING": 0, 
    "MISC_DEFENSE": 0, 
    "TELEPHONE_UTILITIES": 0
  }, 
  "Ra\u00fal M. Grijalva": {
    "COMPUTERS_INTERNET": 0, 
    "DEFENSE_AEROSPACE": 0, 
    "DEFENSE_ELECTRONICS": 5000, 
    "ELECTRIC_UTILITIES": 4500, 
    "ELECTRONICS_MANUFACTURING": 0, 
    "MISC_DEFENSE": 0, 
    "TELEPHONE_UTILITIES": 0
  }, 
  "Richard Burr": {
    "COMPUTERS_INTERNET": 11500, 
    "DEFENSE_AEROSPACE": 15500, 
    "DEFENSE_ELECTRONICS": 18000, 
    "ELECTRIC_UTILITIES": 72500, 
    "ELECTRONICS_MANUFACTURING": 63450, 
    "MISC_DEFENSE": 1500, 
    "TELEPHONE_UTILITIES": 34000
  }, 
  "Richard C. Shelby": {
    "COMPUTERS_INTERNET": 6000, 
    "DEFENSE_AEROSPACE": 30000, 
    "DEFENSE_ELECTRONICS": 42200, 
    "ELECTRIC_UTILITIES": 5250, 
    "ELECTRONICS_MANUFACTURING": 14000, 
    "MISC_DEFENSE": 28914, 
    "TELEPHONE_UTILITIES": 9500
  }, 
  "Richard E. Neal": {
    "COMPUTERS_INTERNET": 0, 
    "DEFENSE_AEROSPACE": 7000, 
    "DEFENSE_ELECTRONICS": 7500, 
    "ELECTRIC_UTILITIES": 8500, 
    "ELECTRONICS_MANUFACTURING": 5500, 
    "MISC_DEFENSE": 2000, 
    "TELEPHONE_UTILITIES": 3000
  }, 
  "Richard J. Durbin": {
    "COMPUTERS_INTERNET": 14000, 
    "DEFENSE_AEROSPACE": 42000, 
    "DEFENSE_ELECTRONICS": 53000, 
    "ELECTRIC_UTILITIES": 15000, 
    "ELECTRONICS_MANUFACTURING": 64000, 
    "MISC_DEFENSE": 24500, 
    "TELEPHONE_UTILITIES": 29250
  }, 
  "Rick Larsen": {
    "COMPUTERS_INTERNET": 12500, 
    "DEFENSE_AEROSPACE": 18500, 
    "DEFENSE_ELECTRONICS": 17000, 
    "ELECTRIC_UTILITIES": 10524, 
    "ELECTRONICS_MANUFACTURING": 33000, 
    "MISC_DEFENSE": 5000, 
    "TELEPHONE_UTILITIES": 12000
  }, 
  "Rob Bishop": {
    "COMPUTERS_INTERNET": 2000, 
    "DEFENSE_AEROSPACE": 9000, 
    "DEFENSE_ELECTRONICS": 6500, 
    "ELECTRIC_UTILITIES": 2500, 
    "ELECTRONICS_MANUFACTURING": 7000, 
    "MISC_DEFENSE": 5000, 
    "TELEPHONE_UTILITIES": 2000
  }, 
  "Rob Portman": {
    "COMPUTERS_INTERNET": 0, 
    "DEFENSE_AEROSPACE": 0, 
    "DEFENSE_ELECTRONICS": 0, 
    "ELECTRIC_UTILITIES": 0, 
    "ELECTRONICS_MANUFACTURING": 0, 
    "MISC_DEFENSE": 0, 
    "TELEPHONE_UTILITIES": 0
  }, 
  "Robert A. Brady": {
    "COMPUTERS_INTERNET": 0, 
    "DEFENSE_AEROSPACE": 10000, 
    "DEFENSE_ELECTRONICS": 9750, 
    "ELECTRIC_UTILITIES": 6000, 
    "ELECTRONICS_MANUFACTURING": 3250, 
    "MISC_DEFENSE": 4500, 
    "TELEPHONE_UTILITIES": 2000
  }, 
  "Robert B. Aderholt": {
    "COMPUTERS_INTERNET": 5000, 
    "DEFENSE_AEROSPACE": 26250, 
    "DEFENSE_ELECTRONICS": 29750, 
    "ELECTRIC_UTILITIES": 14000, 
    "ELECTRONICS_MANUFACTURING": 8500, 
    "MISC_DEFENSE": 12500, 
    "TELEPHONE_UTILITIES": 8500
  }, 
  "Robert C. \"Bobby\" Scott": {
    "COMPUTERS_INTERNET": 0, 
    "DEFENSE_AEROSPACE": 12000, 
    "DEFENSE_ELECTRONICS": 2500, 
    "ELECTRIC_UTILITIES": 1000, 
    "ELECTRONICS_MANUFACTURING": 7500, 
    "MISC_DEFENSE": 10000, 
    "TELEPHONE_UTILITIES": 3000
  }, 
  "Robert Menendez": {
    "COMPUTERS_INTERNET": 4000, 
    "DEFENSE_AEROSPACE": 5000, 
    "DEFENSE_ELECTRONICS": 8000, 
    "ELECTRIC_UTILITIES": 6000, 
    "ELECTRONICS_MANUFACTURING": 28853, 
    "MISC_DEFENSE": 8000, 
    "TELEPHONE_UTILITIES": 22853
  }, 
  "Rodney P. Frelinghuysen": {
    "COMPUTERS_INTERNET": 0, 
    "DEFENSE_AEROSPACE": 63150, 
    "DEFENSE_ELECTRONICS": 55000, 
    "ELECTRIC_UTILITIES": 10000, 
    "ELECTRONICS_MANUFACTURING": 10000, 
    "MISC_DEFENSE": 37150, 
    "TELEPHONE_UTILITIES": 2000
  }, 
  "Roger F. Wicker": {
    "COMPUTERS_INTERNET": 0, 
    "DEFENSE_AEROSPACE": 7500, 
    "DEFENSE_ELECTRONICS": 7000, 
    "ELECTRIC_UTILITIES": 4500, 
    "ELECTRONICS_MANUFACTURING": 3000, 
    "MISC_DEFENSE": 10500, 
    "TELEPHONE_UTILITIES": 2000
  }, 
  "Ron Kind": {
    "COMPUTERS_INTERNET": 5000, 
    "DEFENSE_AEROSPACE": 4500, 
    "DEFENSE_ELECTRONICS": 9000, 
    "ELECTRIC_UTILITIES": 4944, 
    "ELECTRONICS_MANUFACTURING": 26000, 
    "MISC_DEFENSE": 0, 
    "TELEPHONE_UTILITIES": 20250
  }, 
  "Ron Wyden": {
    "COMPUTERS_INTERNET": 7000, 
    "DEFENSE_AEROSPACE": 0, 
    "DEFENSE_ELECTRONICS": 2000, 
    "ELECTRIC_UTILITIES": 3000, 
    "ELECTRONICS_MANUFACTURING": 17500, 
    "MISC_DEFENSE": 0, 
    "TELEPHONE_UTILITIES": 8000
  }, 
  "Rosa L. DeLauro": {
    "COMPUTERS_INTERNET": 0, 
    "DEFENSE_AEROSPACE": 18500, 
    "DEFENSE_ELECTRONICS": 9500, 
    "ELECTRIC_UTILITIES": 2000, 
    "ELECTRONICS_MANUFACTURING": 6000, 
    "MISC_DEFENSE": 8000, 
    "TELEPHONE_UTILITIES": 4500
  }, 
  "Roy Blunt": {
    "COMPUTERS_INTERNET": 20000, 
    "DEFENSE_AEROSPACE": 45000, 
    "DEFENSE_ELECTRONICS": 47500, 
    "ELECTRIC_UTILITIES": 63852, 
    "ELECTRONICS_MANUFACTURING": 124500, 
    "MISC_DEFENSE": 17562, 
    "TELEPHONE_UTILITIES": 42500
  }, 
  "Rub\u00e9n Hinojosa": {
    "COMPUTERS_INTERNET": 500, 
    "DEFENSE_AEROSPACE": 2500, 
    "DEFENSE_ELECTRONICS": 4500, 
    "ELECTRIC_UTILITIES": 5000, 
    "ELECTRONICS_MANUFACTURING": 6500, 
    "MISC_DEFENSE": 1300, 
    "TELEPHONE_UTILITIES": 6000
  }, 
  "Rush Holt": {
    "COMPUTERS_INTERNET": 1000, 
    "DEFENSE_AEROSPACE": 1000, 
    "DEFENSE_ELECTRONICS": 7100, 
    "ELECTRIC_UTILITIES": 5000, 
    "ELECTRONICS_MANUFACTURING": 7600, 
    "MISC_DEFENSE": 4500, 
    "TELEPHONE_UTILITIES": 3500
  }, 
  "Sam Farr": {
    "COMPUTERS_INTERNET": 2000, 
    "DEFENSE_AEROSPACE": 1500, 
    "DEFENSE_ELECTRONICS": 4775, 
    "ELECTRIC_UTILITIES": 20275, 
    "ELECTRONICS_MANUFACTURING": 6275, 
    "MISC_DEFENSE": 4000, 
    "TELEPHONE_UTILITIES": 3275
  }, 
  "Sam Graves": {
    "COMPUTERS_INTERNET": 3000, 
    "DEFENSE_AEROSPACE": 9500, 
    "DEFENSE_ELECTRONICS": 8500, 
    "ELECTRIC_UTILITIES": 12000, 
    "ELECTRONICS_MANUFACTURING": 24000, 
    "MISC_DEFENSE": 6000, 
    "TELEPHONE_UTILITIES": 18000
  }, 
  "Sam Johnson": {
    "COMPUTERS_INTERNET": 4000, 
    "DEFENSE_AEROSPACE": 28500, 
    "DEFENSE_ELECTRONICS": 26000, 
    "ELECTRIC_UTILITIES": 19000, 
    "ELECTRONICS_MANUFACTURING": 14000, 
    "MISC_DEFENSE": 4500, 
    "TELEPHONE_UTILITIES": 6500
  }, 
  "Sander M. Levin": {
    "COMPUTERS_INTERNET": 6500, 
    "DEFENSE_AEROSPACE": 42250, 
    "DEFENSE_ELECTRONICS": 35000, 
    "ELECTRIC_UTILITIES": 11000, 
    "ELECTRONICS_MANUFACTURING": 20500, 
    "MISC_DEFENSE": 10000, 
    "TELEPHONE_UTILITIES": 10000
  }, 
  "Sanford D. Bishop Jr.": {
    "COMPUTERS_INTERNET": 0, 
    "DEFENSE_AEROSPACE": 17800, 
    "DEFENSE_ELECTRONICS": 16300, 
    "ELECTRIC_UTILITIES": 13800, 
    "ELECTRONICS_MANUFACTURING": 17000, 
    "MISC_DEFENSE": 2500, 
    "TELEPHONE_UTILITIES": 14000
  }, 
  "Saxby Chambliss": {
    "COMPUTERS_INTERNET": 9000, 
    "DEFENSE_AEROSPACE": 59000, 
    "DEFENSE_ELECTRONICS": 64750, 
    "ELECTRIC_UTILITIES": 56000, 
    "ELECTRONICS_MANUFACTURING": 47500, 
    "MISC_DEFENSE": 39200, 
    "TELEPHONE_UTILITIES": 31000
  }, 
  "Scott Garrett": {
    "COMPUTERS_INTERNET": 5000, 
    "DEFENSE_AEROSPACE": 2500, 
    "DEFENSE_ELECTRONICS": 7000, 
    "ELECTRIC_UTILITIES": 3000, 
    "ELECTRONICS_MANUFACTURING": 20750, 
    "MISC_DEFENSE": 1000, 
    "TELEPHONE_UTILITIES": 12000
  }, 
  "Sheila Jackson Lee": {
    "COMPUTERS_INTERNET": 3500, 
    "DEFENSE_AEROSPACE": 4000, 
    "DEFENSE_ELECTRONICS": 10000, 
    "ELECTRIC_UTILITIES": 5000, 
    "ELECTRONICS_MANUFACTURING": 20000, 
    "MISC_DEFENSE": 3750, 
    "TELEPHONE_UTILITIES": 17500
  }, 
  "Shelley Moore Capito": {
    "COMPUTERS_INTERNET": 11000, 
    "DEFENSE_AEROSPACE": 29500, 
    "DEFENSE_ELECTRONICS": 31000, 
    "ELECTRIC_UTILITIES": 25200, 
    "ELECTRONICS_MANUFACTURING": 41500, 
    "MISC_DEFENSE": 11250, 
    "TELEPHONE_UTILITIES": 20500
  }, 
  "Sherrod Brown": {
    "COMPUTERS_INTERNET": 1000, 
    "DEFENSE_AEROSPACE": 1500, 
    "DEFENSE_ELECTRONICS": 5738, 
    "ELECTRIC_UTILITIES": 12500, 
    "ELECTRONICS_MANUFACTURING": 28238, 
    "MISC_DEFENSE": 500, 
    "TELEPHONE_UTILITIES": 19738
  }, 
  "Spencer Bachus": {
    "COMPUTERS_INTERNET": 3500, 
    "DEFENSE_AEROSPACE": 2500, 
    "DEFENSE_ELECTRONICS": 11499, 
    "ELECTRIC_UTILITIES": 14000, 
    "ELECTRONICS_MANUFACTURING": 38499, 
    "MISC_DEFENSE": 0, 
    "TELEPHONE_UTILITIES": 32999
  }, 
  "Steny H. Hoyer": {
    "COMPUTERS_INTERNET": 17750, 
    "DEFENSE_AEROSPACE": 47500, 
    "DEFENSE_ELECTRONICS": 56500, 
    "ELECTRIC_UTILITIES": 22500, 
    "ELECTRONICS_MANUFACTURING": 37500, 
    "MISC_DEFENSE": 37000, 
    "TELEPHONE_UTILITIES": 15500
  }, 
  "Stephen F. Lynch": {
    "COMPUTERS_INTERNET": 1000, 
    "DEFENSE_AEROSPACE": 2500, 
    "DEFENSE_ELECTRONICS": 4000, 
    "ELECTRIC_UTILITIES": 500, 
    "ELECTRONICS_MANUFACTURING": 10500, 
    "MISC_DEFENSE": 2500, 
    "TELEPHONE_UTILITIES": 8000
  }, 
  "Stevan Pearce": {
    "COMPUTERS_INTERNET": 5000, 
    "DEFENSE_AEROSPACE": 5000, 
    "DEFENSE_ELECTRONICS": 7500, 
    "ELECTRIC_UTILITIES": 4000, 
    "ELECTRONICS_MANUFACTURING": 15500, 
    "MISC_DEFENSE": 4500, 
    "TELEPHONE_UTILITIES": 7800
  }, 
  "Steve Chabot": {
    "COMPUTERS_INTERNET": 9000, 
    "DEFENSE_AEROSPACE": 11500, 
    "DEFENSE_ELECTRONICS": 9500, 
    "ELECTRIC_UTILITIES": 5000, 
    "ELECTRONICS_MANUFACTURING": 38000, 
    "MISC_DEFENSE": 500, 
    "TELEPHONE_UTILITIES": 22000
  }, 
  "Steve Israel": {
    "COMPUTERS_INTERNET": 500, 
    "DEFENSE_AEROSPACE": 8500, 
    "DEFENSE_ELECTRONICS": 21000, 
    "ELECTRIC_UTILITIES": 0, 
    "ELECTRONICS_MANUFACTURING": 10400, 
    "MISC_DEFENSE": 7000, 
    "TELEPHONE_UTILITIES": 2000
  }, 
  "Steve King": {
    "COMPUTERS_INTERNET": 1000, 
    "DEFENSE_AEROSPACE": 0, 
    "DEFENSE_ELECTRONICS": 0, 
    "ELECTRIC_UTILITIES": 1000, 
    "ELECTRONICS_MANUFACTURING": 4500, 
    "MISC_DEFENSE": 0, 
    "TELEPHONE_UTILITIES": 3500
  }, 
  "Steve Stockman": {
    "COMPUTERS_INTERNET": 0, 
    "DEFENSE_AEROSPACE": 0, 
    "DEFENSE_ELECTRONICS": 0, 
    "ELECTRIC_UTILITIES": 0, 
    "ELECTRONICS_MANUFACTURING": 0, 
    "MISC_DEFENSE": 0, 
    "TELEPHONE_UTILITIES": 0
  }, 
  "Susan A. Davis": {
    "COMPUTERS_INTERNET": 13750, 
    "DEFENSE_AEROSPACE": 24500, 
    "DEFENSE_ELECTRONICS": 56000, 
    "ELECTRIC_UTILITIES": 12500, 
    "ELECTRONICS_MANUFACTURING": 36250, 
    "MISC_DEFENSE": 26500, 
    "TELEPHONE_UTILITIES": 7500
  }, 
  "Susan M. Collins": {
    "COMPUTERS_INTERNET": 26500, 
    "DEFENSE_AEROSPACE": 65000, 
    "DEFENSE_ELECTRONICS": 44000, 
    "ELECTRIC_UTILITIES": 40000, 
    "ELECTRONICS_MANUFACTURING": 87968, 
    "MISC_DEFENSE": 39000, 
    "TELEPHONE_UTILITIES": 37000
  }, 
  "Tammy Baldwin": {
    "COMPUTERS_INTERNET": 500, 
    "DEFENSE_AEROSPACE": -300, 
    "DEFENSE_ELECTRONICS": 5000, 
    "ELECTRIC_UTILITIES": 1000, 
    "ELECTRONICS_MANUFACTURING": 13107, 
    "MISC_DEFENSE": 0, 
    "TELEPHONE_UTILITIES": 9500
  }, 
  "Thad Cochran": {
    "COMPUTERS_INTERNET": 5000, 
    "DEFENSE_AEROSPACE": 83000, 
    "DEFENSE_ELECTRONICS": 71000, 
    "ELECTRIC_UTILITIES": 25500, 
    "ELECTRONICS_MANUFACTURING": 54000, 
    "MISC_DEFENSE": 45500, 
    "TELEPHONE_UTILITIES": 28500
  }, 
  "Thomas E. Petri": {
    "COMPUTERS_INTERNET": 1000, 
    "DEFENSE_AEROSPACE": 8000, 
    "DEFENSE_ELECTRONICS": 8000, 
    "ELECTRIC_UTILITIES": 6250, 
    "ELECTRONICS_MANUFACTURING": 9000, 
    "MISC_DEFENSE": 9647, 
    "TELEPHONE_UTILITIES": 6000
  }, 
  "Thomas R. Carper": {
    "COMPUTERS_INTERNET": 1000, 
    "DEFENSE_AEROSPACE": 6090, 
    "DEFENSE_ELECTRONICS": 1090, 
    "ELECTRIC_UTILITIES": 17550, 
    "ELECTRONICS_MANUFACTURING": 4000, 
    "MISC_DEFENSE": 1550, 
    "TELEPHONE_UTILITIES": 1000
  }, 
  "Tim Johnson": {
    "COMPUTERS_INTERNET": 21500, 
    "DEFENSE_AEROSPACE": 19500, 
    "DEFENSE_ELECTRONICS": 29500, 
    "ELECTRIC_UTILITIES": 50326, 
    "ELECTRONICS_MANUFACTURING": 86000, 
    "MISC_DEFENSE": 5000, 
    "TELEPHONE_UTILITIES": 57000
  }, 
  "Tim Murphy": {
    "COMPUTERS_INTERNET": 0, 
    "DEFENSE_AEROSPACE": 13000, 
    "DEFENSE_ELECTRONICS": 500, 
    "ELECTRIC_UTILITIES": 15500, 
    "ELECTRONICS_MANUFACTURING": 14000, 
    "MISC_DEFENSE": 2500, 
    "TELEPHONE_UTILITIES": 8500
  }, 
  "Tim Ryan": {
    "COMPUTERS_INTERNET": 0, 
    "DEFENSE_AEROSPACE": 0, 
    "DEFENSE_ELECTRONICS": 0, 
    "ELECTRIC_UTILITIES": 7000, 
    "ELECTRONICS_MANUFACTURING": 250, 
    "MISC_DEFENSE": 0, 
    "TELEPHONE_UTILITIES": 250
  }, 
  "Timothy H. Bishop": {
    "COMPUTERS_INTERNET": 0, 
    "DEFENSE_AEROSPACE": 0, 
    "DEFENSE_ELECTRONICS": 0, 
    "ELECTRIC_UTILITIES": 0, 
    "ELECTRONICS_MANUFACTURING": 0, 
    "MISC_DEFENSE": 1500, 
    "TELEPHONE_UTILITIES": 0
  }, 
  "Tom Coburn": {
    "COMPUTERS_INTERNET": 0, 
    "DEFENSE_AEROSPACE": 0, 
    "DEFENSE_ELECTRONICS": 0, 
    "ELECTRIC_UTILITIES": 0, 
    "ELECTRONICS_MANUFACTURING": 0, 
    "MISC_DEFENSE": 0, 
    "TELEPHONE_UTILITIES": 0
  }, 
  "Tom Cole": {
    "COMPUTERS_INTERNET": 1000, 
    "DEFENSE_AEROSPACE": 8000, 
    "DEFENSE_ELECTRONICS": 5500, 
    "ELECTRIC_UTILITIES": 13000, 
    "ELECTRONICS_MANUFACTURING": 9500, 
    "MISC_DEFENSE": 7000, 
    "TELEPHONE_UTILITIES": 6000
  }, 
  "Tom Harkin": {
    "COMPUTERS_INTERNET": 11000, 
    "DEFENSE_AEROSPACE": 19500, 
    "DEFENSE_ELECTRONICS": 25000, 
    "ELECTRIC_UTILITIES": 24028, 
    "ELECTRONICS_MANUFACTURING": 47000, 
    "MISC_DEFENSE": 18000, 
    "TELEPHONE_UTILITIES": 13000
  }, 
  "Tom Latham": {
    "COMPUTERS_INTERNET": 7500, 
    "DEFENSE_AEROSPACE": 7000, 
    "DEFENSE_ELECTRONICS": 9000, 
    "ELECTRIC_UTILITIES": 58000, 
    "ELECTRONICS_MANUFACTURING": 19500, 
    "MISC_DEFENSE": 8500, 
    "TELEPHONE_UTILITIES": 7000
  }, 
  "Tom Udall": {
    "COMPUTERS_INTERNET": 0, 
    "DEFENSE_AEROSPACE": 0, 
    "DEFENSE_ELECTRONICS": 0, 
    "ELECTRIC_UTILITIES": 1000, 
    "ELECTRONICS_MANUFACTURING": 1000, 
    "MISC_DEFENSE": 0, 
    "TELEPHONE_UTILITIES": 1000
  }, 
  "Trent Franks": {
    "COMPUTERS_INTERNET": 0, 
    "DEFENSE_AEROSPACE": 0, 
    "DEFENSE_ELECTRONICS": 0, 
    "ELECTRIC_UTILITIES": 0, 
    "ELECTRONICS_MANUFACTURING": 0, 
    "MISC_DEFENSE": 0, 
    "TELEPHONE_UTILITIES": 0
  }, 
  "Walter B. Jones": {
    "COMPUTERS_INTERNET": 1500, 
    "DEFENSE_AEROSPACE": 44000, 
    "DEFENSE_ELECTRONICS": 36500, 
    "ELECTRIC_UTILITIES": 20000, 
    "ELECTRONICS_MANUFACTURING": 15000, 
    "MISC_DEFENSE": 23500, 
    "TELEPHONE_UTILITIES": 11500
  }, 
  "Wm. Lacy Clay": {
    "COMPUTERS_INTERNET": 0, 
    "DEFENSE_AEROSPACE": 1000, 
    "DEFENSE_ELECTRONICS": 1500, 
    "ELECTRIC_UTILITIES": 2500, 
    "ELECTRONICS_MANUFACTURING": 3000, 
    "MISC_DEFENSE": 0, 
    "TELEPHONE_UTILITIES": 3000
  }, 
  "Xavier Becerra": {
    "COMPUTERS_INTERNET": 3000, 
    "DEFENSE_AEROSPACE": 8000, 
    "DEFENSE_ELECTRONICS": 9000, 
    "ELECTRIC_UTILITIES": 18100, 
    "ELECTRONICS_MANUFACTURING": 31500, 
    "MISC_DEFENSE": 0, 
    "TELEPHONE_UTILITIES": 14000
  }, 
  "Zoe Lofgren": {
    "COMPUTERS_INTERNET": 9000, 
    "DEFENSE_AEROSPACE": 6400, 
    "DEFENSE_ELECTRONICS": 6900, 
    "ELECTRIC_UTILITIES": 3300, 
    "ELECTRONICS_MANUFACTURING": 18000, 
    "MISC_DEFENSE": 3500, 
    "TELEPHONE_UTILITIES": 7500
  }
}